crop_name,year,subtype,match_keys,org_loss_per_acre,conv_loss_per_acre,ratio_org_over_conv,org_indemnity,org_acres,conv_indemnity,conv_acres
All Other Commodities,2006,certified organic,1,34.92,0.0,,14247.0,408.0,0.0,925.0
All Other Commodities,2008,certified organic,2,0.0,0.0,,0.0,1180.0,0.0,1792.0
All Other Commodities,2009,certified organic,2,0.0,12.8,0.0,0.0,540.0,42345.0,3308.0
All Other Commodities,2010,certified organic,1,0.0,2.79,0.0,0.0,504.0,6553.0,2348.0
All Other Commodities,2011,certified organic,27,12.45,58.35,0.213,40837.0,3280.0,355503.0,6093.0
All Other Commodities,2012,certified organic,42,61.44,47.89,1.283,564674.0,9191.0,10601911.0,221382.0
All Other Commodities,2013,certified organic,42,63.14,52.08,1.212,553519.0,8767.0,9951504.0,191089.0
All Other Commodities,2014,certified organic,40,125.69,54.44,2.309,1428961.0,11369.0,11254940.0,206743.0
All Other Commodities,2015,certified organic,45,121.83,87.1,1.399,1366084.0,11213.0,16608828.0,190694.0
All Other Commodities,2016,certified organic,49,91.81,84.09,1.092,1344282.0,14642.0,14714705.0,174991.0
All Other Commodities,2017,certified organic,48,111.68,46.76,2.388,1888560.0,16910.0,9992079.0,213684.0
All Other Commodities,2018,certified organic,56,84.41,84.06,1.004,1939381.0,22977.0,16689986.0,198543.0
All Other Commodities,2019,certified organic,59,117.26,71.74,1.635,2505095.0,21364.0,16651308.0,232121.0
All Other Commodities,2020,certified organic,54,294.64,93.16,3.163,7955096.0,26999.0,27652158.0,296831.0
All Other Commodities,2021,certified organic,56,377.4,104.03,3.628,8782007.0,23270.0,31688432.0,304616.0
All Other Commodities,2022,certified organic,53,435.94,130.95,3.329,10707166.0,24561.0,34547848.0,263820.0
All Other Commodities,2023,certified organic,55,297.66,115.81,2.57,6041008.0,20295.0,35101736.0,303106.0
All Other Commodities,2024,certified organic,17,3.41,0.0,,16661.0,4879.0,0.0,37235.0
All Other Commodities,2025,certified organic,21,0.0,0.08,0.0,0.0,9192.0,4508.0,57272.0
Almonds,2011,certified organic,15,18.39,3.09,5.951,55597.0,3024.0,1206011.0,390873.0
Almonds,2012,certified organic,14,5.98,9.3,0.643,24828.0,4154.0,4594588.0,493886.0
Almonds,2013,certified organic,14,15.08,6.71,2.247,80618.0,5347.0,3463223.0,516015.0
Almonds,2014,certified organic,14,197.66,60.11,3.288,1053538.0,5330.0,34029886.0,566160.0
Almonds,2015,certified organic,12,64.24,122.6,0.524,344563.0,5364.0,57258538.0,467024.0
Almonds,2016,certified organic,14,91.18,67.94,1.342,596864.0,6546.0,40034874.0,589225.0
Almonds,2017,certified organic,14,59.95,49.43,1.213,356959.0,5954.0,29115392.0,589037.0
Almonds,2018,certified organic,14,160.0,66.92,2.391,1014714.0,6342.0,41053734.0,613445.0
Almonds,2019,certified organic,16,72.64,41.79,1.738,506080.0,6967.0,27768153.0,664432.0
Almonds,2020,certified organic,17,72.46,9.34,7.758,764014.0,10544.0,6856047.0,734440.0
Almonds,2021,certified organic,18,56.86,59.14,0.961,923307.0,16239.0,45295799.0,765898.0
Almonds,2022,certified organic,21,755.82,449.2,1.683,15451942.0,20444.0,373821916.0,832188.0
Almonds,2023,certified organic,22,521.63,238.03,2.191,11650688.0,22335.0,206671454.0,868240.0
Almonds,2024,certified organic,18,0.0,0.0,,0.0,13507.0,0.0,651480.0
Almonds,2025,certified organic,19,0.0,0.0,,0.0,18026.0,0.0,950711.0
Apples,2011,certified organic,33,154.14,153.74,1.003,1682726.0,10917.0,19846688.0,129089.0
Apples,2012,certified organic,30,98.87,218.92,0.452,1031593.0,10434.0,28691195.0,131057.0
Apples,2013,certified organic,31,444.54,194.24,2.289,4608068.0,10366.0,27113353.0,139589.0
Apples,2014,certified organic,31,69.81,75.16,0.929,761719.0,10912.0,11276395.0,150030.0
Apples,2015,certified organic,30,306.14,236.67,1.294,3468833.0,11331.0,33466353.0,141406.0
Apples,2016,certified organic,30,106.23,266.12,0.399,1195408.0,11253.0,34972567.0,131417.0
Apples,2017,certified organic,29,83.61,239.59,0.349,1071327.0,12813.0,31355955.0,130873.0
Apples,2018,certified organic,31,459.38,228.96,2.006,7489243.0,16303.0,30376466.0,132674.0
Apples,2019,certified organic,31,306.94,286.6,1.071,6348420.0,20683.0,38016304.0,132648.0
Apples,2020,certified organic,32,750.29,369.67,2.03,17647470.0,23521.0,49170222.0,133010.0
Apples,2021,certified organic,30,646.35,316.37,2.043,16338478.0,25278.0,42156317.0,133250.0
Apples,2022,certified organic,30,2063.02,622.81,3.312,51845853.0,25131.0,85861262.0,137860.0
Apples,2023,certified organic,30,455.9,163.54,2.788,11833810.0,25957.0,23724744.0,145070.0
Apples,2024,certified organic,28,0.0,0.0,,0.0,22070.0,0.0,127640.0
Apples,2025,certified organic,30,0.0,0.0,,0.0,26396.0,0.0,147784.0
Avocados,2011,certified organic,1,0.0,0.42,0.0,0.0,20.0,975.0,2324.0
Avocados,2012,certified organic,11,83.03,67.57,1.229,123708.0,1490.0,2407635.0,35634.0
Avocados,2013,certified organic,11,38.23,22.77,1.679,58027.0,1518.0,802549.0,35251.0
Avocados,2014,certified organic,10,97.99,178.78,0.548,160315.0,1636.0,6207695.0,34723.0
Avocados,2015,certified organic,10,128.06,142.96,0.896,199642.0,1559.0,4778449.0,33424.0
Avocados,2016,certified organic,11,30.9,64.47,0.479,42463.0,1374.0,2084641.0,32335.0
Avocados,2017,certified organic,11,195.69,412.92,0.474,322697.0,1649.0,12737440.0,30847.0
Avocados,2018,certified organic,11,333.04,155.21,2.146,712031.0,2138.0,4510775.0,29062.0
Avocados,2019,certified organic,11,868.88,763.57,1.138,2060976.0,2372.0,22709203.0,29741.0
Avocados,2020,certified organic,11,31.66,99.76,0.317,70733.0,2234.0,2873375.0,28804.0
Avocados,2021,certified organic,10,922.57,254.67,3.623,2494616.0,2704.0,7148064.0,28068.0
Avocados,2022,certified organic,10,324.51,283.34,1.145,866766.0,2671.0,8023316.0,28317.0
Avocados,2023,certified organic,13,254.95,491.15,0.519,723812.0,2839.0,14053808.0,28614.0
Avocados,2024,certified organic,13,41.25,3.68,11.209,129663.0,3143.0,94112.0,25545.0
Avocados,2025,certified organic,12,0.0,5.8,0.0,0.0,3122.0,142547.0,24558.0
Barley,2011,certified organic,53,54.11,37.47,1.444,671277.0,12406.0,4817669.0,128584.0
Barley,2012,certified organic,60,41.73,37.71,1.107,514709.0,12335.0,8138439.0,215837.0
Barley,2013,certified organic,62,49.86,33.97,1.468,924261.0,18537.0,9433032.0,277694.0
Barley,2014,certified organic,52,76.39,28.2,2.709,1437164.0,18813.0,6325718.0,224330.0
Barley,2015,certified organic,67,28.27,14.64,1.931,659809.0,23336.0,4681361.0,319782.0
Barley,2016,certified organic,62,25.16,12.13,2.074,517608.0,20575.0,4162243.0,343041.0
Barley,2017,certified organic,57,36.82,17.55,2.098,818648.0,22231.0,3146368.0,179310.0
Barley,2018,certified organic,63,51.16,13.44,3.807,1188815.0,23238.0,3242833.0,241222.0
Barley,2019,certified organic,55,57.1,14.34,3.982,1531699.0,26824.0,2404961.0,167692.0
Barley,2020,certified organic,60,66.34,19.18,3.459,1455786.0,21944.0,5121116.0,266943.0
Barley,2021,certified organic,60,120.62,45.34,2.66,2450326.0,20314.0,12403050.0,273584.0
Barley,2022,certified organic,51,144.94,47.23,3.069,2639707.0,18213.0,10913059.0,231085.0
Barley,2023,certified organic,49,75.69,53.5,1.415,1310185.0,17311.0,9894032.0,184946.0
Barley,2024,certified organic,6,0.0,0.0,,0.0,1225.0,0.0,1306.0
Barley,2025,certified organic,9,30.62,41.23,0.743,175195.0,5722.0,392290.0,9515.0
Blueberries,2011,certified organic,5,78.85,0.0,,39269.0,498.0,0.0,4382.0
Blueberries,2012,certified organic,5,60.22,145.06,0.415,23968.0,398.0,596215.0,4110.0
Blueberries,2013,certified organic,7,47.04,34.64,1.358,25121.0,534.0,104278.0,3010.0
Blueberries,2014,certified organic,10,0.0,37.21,0.0,0.0,947.0,285280.0,7666.0
Blueberries,2015,certified organic,9,31.29,82.83,0.378,25753.0,823.0,709944.0,8571.0
Blueberries,2016,certified organic,9,81.14,205.83,0.394,87470.0,1078.0,1761673.0,8559.0
Blueberries,2017,certified organic,11,482.76,1484.86,0.325,769033.0,1593.0,9929259.0,6687.0
Blueberries,2018,certified organic,13,639.0,991.33,0.645,1382147.0,2163.0,8319215.0,8392.0
Blueberries,2019,certified organic,15,197.19,1560.76,0.126,462420.0,2345.0,13837663.0,8866.0
Blueberries,2020,certified organic,19,623.22,651.54,0.957,1621606.0,2602.0,11459867.0,17589.0
Blueberries,2021,certified organic,19,2252.43,728.79,3.091,7439764.0,3303.0,14694576.0,20163.0
Blueberries,2022,certified organic,18,580.43,1902.86,0.305,2476674.0,4267.0,38540453.0,20254.0
Blueberries,2023,certified organic,20,275.82,575.34,0.479,1460487.0,5295.0,12722405.0,22113.0
Blueberries,2024,certified organic,17,0.0,0.0,,0.0,4521.0,0.0,12499.0
Blueberries,2025,certified organic,15,0.0,0.0,,0.0,3645.0,0.0,18043.0
Buckwheat,2011,certified organic,3,6.99,11.36,0.615,27620.0,3953.0,28072.0,2471.0
Buckwheat,2012,certified organic,3,26.86,28.94,0.928,129208.0,4811.0,199171.0,6882.0
Buckwheat,2014,certified organic,1,8.88,20.46,0.434,26071.0,2936.0,5627.0,275.0
Buckwheat,2015,certified organic,1,65.52,100.07,0.655,257955.0,3937.0,1501.0,15.0
Buckwheat,2016,certified organic,2,2.33,0.0,,6768.0,2909.0,0.0,264.0
Buckwheat,2017,certified organic,1,0.0,0.0,,0.0,1965.0,0.0,299.0
Buckwheat,2018,certified organic,2,41.3,21.1,1.957,103910.0,2516.0,11035.0,523.0
Buckwheat,2019,certified organic,1,0.0,0.0,,0.0,127.0,0.0,383.0
Buckwheat,2020,certified organic,3,21.11,25.57,0.826,152063.0,7205.0,38223.0,1495.0
Buckwheat,2021,certified organic,2,83.92,27.38,3.065,748543.0,8920.0,24341.0,889.0
Buckwheat,2022,certified organic,4,75.94,26.68,2.846,420923.0,5543.0,36263.0,1359.0
Buckwheat,2023,certified organic,3,31.52,7.15,4.408,246574.0,7822.0,12044.0,1684.0
Canola,2013,certified organic,1,0.0,4.34,0.0,0.0,46.0,13482.0,3103.0
Canola,2015,certified organic,2,0.0,6.68,0.0,0.0,420.0,338090.0,50644.0
Canola,2016,certified organic,1,185.52,8.36,22.191,115952.0,625.0,18384.0,2199.0
Canola,2017,certified organic,2,-3.57,19.94,-0.179,-435.0,122.0,338076.0,16955.0
Canola,2018,certified organic,4,275.55,25.44,10.831,519960.0,1887.0,714667.0,28090.0
Canola,2019,certified organic,3,213.94,63.98,3.344,486713.0,2275.0,1292834.0,20206.0
Canola,2020,certified organic,3,173.84,11.63,14.948,200264.0,1152.0,164782.0,14169.0
Canola,2021,certified organic,7,279.06,71.58,3.899,949652.0,3403.0,2166651.0,30267.0
Canola,2022,certified organic,3,307.5,122.68,2.507,738318.0,2401.0,2223058.0,18121.0
Canola,2023,certified organic,2,73.87,25.6,2.886,61905.0,838.0,4493887.0,175550.0
Cherries,2011,certified organic,13,344.85,668.14,0.516,573145.0,1662.0,29645472.0,44370.0
Cherries,2012,certified organic,14,270.83,435.12,0.622,428721.0,1583.0,20066418.0,46117.0
Cherries,2013,certified organic,15,582.36,622.74,0.935,1024373.0,1759.0,30422586.0,48853.0
Cherries,2014,certified organic,18,572.9,611.52,0.937,928667.0,1621.0,33573493.0,54902.0
Cherries,2015,certified organic,19,383.54,464.87,0.825,666595.0,1738.0,28126554.0,60504.0
Cherries,2016,certified organic,16,710.88,800.86,0.888,1157316.0,1628.0,42593121.0,53184.0
Cherries,2017,certified organic,16,529.2,554.59,0.954,906518.0,1713.0,29960329.0,54022.0
Cherries,2018,certified organic,17,213.56,746.25,0.286,392316.0,1837.0,39974518.0,53567.0
Cherries,2019,certified organic,16,987.12,1303.65,0.757,1928824.0,1954.0,68856093.0,52818.0
Cherries,2020,certified organic,19,1935.78,774.4,2.5,5381461.0,2780.0,46867180.0,60521.0
Cherries,2021,certified organic,19,1662.06,942.94,1.763,5306962.0,3193.0,57898352.0,61402.0
Cherries,2022,certified organic,20,2058.54,1054.11,1.953,7097832.0,3448.0,68825930.0,65293.0
Cherries,2023,certified organic,19,2557.5,1955.99,1.308,9544583.0,3732.0,127898221.0,65388.0
Cherries,2024,certified organic,16,0.0,0.0,,0.0,2654.0,0.0,54744.0
Cherries,2025,certified organic,18,0.0,5.44,0.0,0.0,3113.0,349089.0,64183.0
Corn,2011,certified organic,495,172.95,27.19,6.361,18392050.0,106342.0,719043207.0,26448261.0
Corn,2012,certified organic,545,210.01,121.6,1.727,27330664.0,130137.0,3743142441.0,30781555.0
Corn,2013,certified organic,559,223.38,92.75,2.408,31339839.0,140296.0,3136464258.0,33815505.0
Corn,2014,certified organic,585,196.47,69.42,2.83,27769130.0,141337.0,2453161667.0,35336493.0
Corn,2015,certified organic,618,104.1,15.16,6.867,17347852.0,166651.0,542879934.0,35812814.0
Corn,2016,certified organic,685,109.7,7.55,14.53,21944305.0,200039.0,296064094.0,39205145.0
Corn,2017,certified organic,714,126.5,12.81,9.875,29405853.0,232461.0,502074235.0,39190539.0
Corn,2018,certified organic,786,94.29,15.56,6.06,26807046.0,284292.0,644645835.0,41420007.0
Corn,2019,certified organic,840,176.31,47.34,3.724,60874218.0,345266.0,2301251559.0,48606579.0
Corn,2020,certified organic,874,144.24,29.2,4.94,57103523.0,395879.0,1425598266.0,48815638.0
Corn,2021,certified organic,857,114.15,18.18,6.279,45134669.0,395397.0,890795827.0,49010205.0
Corn,2022,certified organic,845,189.84,50.74,3.741,75508807.0,397756.0,2450185391.0,48288590.0
Corn,2023,certified organic,885,181.01,55.6,3.256,83877253.0,463385.0,2843855019.0,51152538.0
Corn,2025,certified organic,3,0.0,0.0,,0.0,71.0,0.0,25258.0
Cotton,2011,certified organic,19,229.75,283.02,0.812,2360254.0,10273.0,454632203.0,1606387.0
Cotton,2012,certified organic,18,163.22,155.68,1.048,1219762.0,7473.0,331202328.0,2127508.0
Cotton,2013,certified organic,18,241.27,155.5,1.552,2351876.0,9748.0,385062700.0,2476299.0
Cotton,2014,certified organic,23,294.88,105.42,2.797,4521338.0,15333.0,274127815.0,2600254.0
Cotton,2015,certified organic,34,132.02,34.7,3.805,2651022.0,20081.0,97447222.0,2808170.0
Cotton,2016,certified organic,30,194.87,34.91,5.582,3670168.0,18834.0,98342261.0,2816833.0
Cotton,2017,certified organic,42,395.0,80.82,4.887,20173648.0,51073.0,288005734.0,3563745.0
Cotton,2018,certified organic,35,268.83,137.14,1.96,14122699.0,52534.0,526719234.0,3840693.0
Cotton,2019,certified organic,25,292.82,121.76,2.405,12499913.0,42688.0,362122018.0,2973950.0
Cotton,2020,certified organic,28,284.77,172.09,1.655,11703001.0,41097.0,549129266.0,3191027.0
Cotton,2021,certified organic,30,251.35,70.09,3.586,11317006.0,45025.0,226066354.0,3225587.0
Cotton,2022,certified organic,37,358.0,360.8,0.992,20151908.0,56290.0,1409433433.0,3906391.0
Cotton,2023,certified organic,38,371.18,237.76,1.561,19327262.0,52070.0,762604393.0,3207420.0
Cotton Ex Long Staple,2011,certified organic,2,10.05,12.3,0.817,7327.0,729.0,774643.0,62985.0
Cotton Ex Long Staple,2012,certified organic,2,10.69,171.05,0.062,5989.0,560.0,9531835.0,55727.0
Cotton Ex Long Staple,2013,certified organic,1,48.51,123.42,0.393,13048.0,269.0,257574.0,2087.0
Cotton Ex Long Staple,2014,certified organic,1,59.89,75.44,0.794,22518.0,376.0,199552.0,2645.0
Cotton Ex Long Staple,2015,certified organic,1,49.52,53.57,0.924,18076.0,365.0,132757.0,2478.0
Cotton Ex Long Staple,2016,certified organic,1,86.64,27.96,3.099,41412.0,478.0,79480.0,2843.0
Cotton Ex Long Staple,2017,certified organic,1,19.16,115.06,0.167,6974.0,364.0,275789.0,2397.0
Cotton Ex Long Staple,2018,certified organic,1,0.0,45.38,0.0,0.0,467.0,102698.0,2263.0
Cotton Ex Long Staple,2019,certified organic,3,406.55,44.46,9.144,287840.0,708.0,808951.0,18195.0
Cotton Ex Long Staple,2020,certified organic,11,317.25,170.84,1.857,1889233.0,5955.0,9127268.0,53427.0
Cotton Ex Long Staple,2021,certified organic,8,322.78,142.27,2.269,1727173.0,5351.0,3188247.0,22410.0
Cotton Ex Long Staple,2022,certified organic,8,623.62,198.86,3.136,4329204.0,6942.0,5363266.0,26970.0
Cotton Ex Long Staple,2023,certified organic,8,875.84,354.47,2.471,4589396.0,5240.0,8473231.0,23904.0
Cultivated Wild Rice,2011,certified organic,4,0.0,15.59,0.0,0.0,1216.0,104997.0,6733.0
Cultivated Wild Rice,2012,certified organic,3,49.42,51.61,0.958,92372.0,1869.0,402474.0,7798.0
Cultivated Wild Rice,2013,certified organic,2,128.76,22.49,5.725,212329.0,1649.0,149407.0,6642.0
Cultivated Wild Rice,2014,certified organic,3,727.28,72.33,10.055,1093100.0,1503.0,630484.0,8717.0
Cultivated Wild Rice,2015,certified organic,4,741.26,18.93,39.158,1298685.0,1752.0,164675.0,8698.0
Cultivated Wild Rice,2016,certified organic,4,6.05,1.57,3.854,10020.0,1656.0,12990.0,8290.0
Cultivated Wild Rice,2017,certified organic,3,230.18,5.81,39.618,237088.0,1030.0,38386.0,6603.0
Cultivated Wild Rice,2018,certified organic,2,65.69,10.21,6.434,36261.0,552.0,10319.0,1011.0
Cultivated Wild Rice,2019,certified organic,2,220.59,0.0,,49413.0,224.0,0.0,1113.0
Cultivated Wild Rice,2020,certified organic,1,548.37,0.0,,94868.0,173.0,0.0,1507.0
Cultivated Wild Rice,2021,certified organic,4,155.92,58.63,2.659,216572.0,1389.0,374037.0,6380.0
Cultivated Wild Rice,2022,certified organic,3,230.34,98.92,2.329,207536.0,901.0,814347.0,8232.0
Cultivated Wild Rice,2023,certified organic,4,301.92,30.9,9.771,265087.0,878.0,250381.0,8104.0
Dry Beans,2011,certified organic,26,15.57,14.88,1.046,128208.0,8232.0,1967829.0,132256.0
Dry Beans,2012,certified organic,27,71.83,24.05,2.987,575484.0,8012.0,3934106.0,163557.0
Dry Beans,2013,certified organic,28,58.77,29.17,2.015,535521.0,9112.0,4175227.0,143123.0
Dry Beans,2014,certified organic,28,13.57,43.84,0.31,122105.0,8998.0,6891753.0,157198.0
Dry Beans,2015,certified organic,27,28.91,17.4,1.661,281920.0,9752.0,2865527.0,164658.0
Dry Beans,2016,certified organic,27,42.87,21.86,1.961,403062.0,9403.0,2527023.0,115619.0
Dry Beans,2017,certified organic,45,142.68,19.76,7.221,2061054.0,14445.0,4534780.0,229480.0
Dry Beans,2018,certified organic,57,185.94,28.01,6.638,3610604.0,19418.0,6192208.0,221065.0
Dry Beans,2019,certified organic,56,146.97,58.75,2.502,2931545.0,19947.0,14726669.0,250652.0
Dry Beans,2020,certified organic,63,136.96,40.69,3.366,3403225.0,24849.0,16377838.0,402537.0
Dry Beans,2021,certified organic,70,196.81,69.84,2.818,6765858.0,34378.0,23982440.0,343373.0
Dry Beans,2022,certified organic,43,113.58,21.7,5.234,2450304.0,21574.0,5239296.0,241408.0
Dry Beans,2023,certified organic,34,93.94,27.36,3.433,1971608.0,20989.0,8100906.0,296078.0
Dry Peas,2011,certified organic,2,50.61,15.74,3.215,4656.0,92.0,5731.0,364.0
Dry Peas,2012,certified organic,2,70.88,11.82,5.997,9214.0,130.0,365547.0,30933.0
Dry Peas,2013,certified organic,1,0.0,3.58,0.0,0.0,13.0,51476.0,14376.0
Dry Peas,2014,certified organic,6,24.29,7.72,3.146,18925.0,779.0,431454.0,55880.0
Dry Peas,2015,certified organic,28,34.46,33.0,1.044,376395.0,10922.0,8153352.0,247054.0
Dry Peas,2016,certified organic,30,27.12,10.75,2.523,336131.0,12395.0,4557525.0,423774.0
Dry Peas,2017,certified organic,34,88.93,48.4,1.837,1568464.0,17638.0,36081810.0,745535.0
Dry Peas,2018,certified organic,50,93.04,35.17,2.645,2274350.0,24444.0,31901946.0,907097.0
Dry Peas,2019,certified organic,41,47.15,20.54,2.296,1266182.0,26852.0,15806892.0,769466.0
Dry Peas,2020,certified organic,42,35.24,5.77,6.107,1410763.0,40034.0,3589744.0,622421.0
Dry Peas,2021,certified organic,34,151.24,105.88,1.428,5089573.0,33652.0,69757268.0,658847.0
Dry Peas,2022,certified organic,33,141.69,64.44,2.199,3681926.0,25985.0,53795294.0,834850.0
Dry Peas,2023,certified organic,28,145.2,37.34,3.889,4003866.0,27574.0,31946891.0,855563.0
Dry Peas,2025,certified organic,2,14.04,0.0,,29193.0,2079.0,0.0,414.0
Early & Midseason Oranges,2013,certified organic,1,0.0,39.51,0.0,0.0,6.0,47968.0,1214.0
Early & Midseason Oranges,2014,certified organic,2,0.0,51.39,0.0,0.0,29.0,61154.0,1190.0
Early & Midseason Oranges,2015,certified organic,2,0.0,20.0,0.0,0.0,29.0,48808.0,2441.0
Early & Midseason Oranges,2016,certified organic,2,288.24,54.59,5.28,8359.0,29.0,56444.0,1034.0
Early & Midseason Oranges,2017,certified organic,2,88.83,125.56,0.707,2576.0,29.0,125684.0,1001.0
Figs,2011,certified organic,3,14.04,0.0,,12578.0,896.0,0.0,3899.0
Figs,2012,certified organic,3,0.0,0.0,,0.0,728.0,0.0,3234.0
Figs,2013,certified organic,2,0.0,0.0,,0.0,603.0,0.0,2372.0
Figs,2014,certified organic,1,2.17,8.98,0.242,1341.0,618.0,22276.0,2480.0
Figs,2015,certified organic,1,0.0,15.58,0.0,0.0,589.0,40015.0,2569.0
Figs,2016,certified organic,1,0.0,0.0,,0.0,569.0,0.0,2357.0
Figs,2017,certified organic,1,0.0,27.77,0.0,0.0,601.0,78429.0,2824.0
Figs,2018,certified organic,2,0.34,17.45,0.019,216.0,635.0,43798.0,2510.0
Figs,2019,certified organic,2,94.93,26.74,3.55,80119.0,844.0,87750.0,3281.0
Figs,2020,certified organic,2,69.66,37.3,1.868,69726.0,1001.0,114894.0,3080.0
Figs,2021,certified organic,2,196.99,230.61,0.854,195220.0,991.0,761948.0,3304.0
Figs,2022,certified organic,2,575.04,236.85,2.428,615872.0,1071.0,775694.0,3275.0
Figs,2023,certified organic,2,0.0,0.0,,0.0,1151.0,0.0,3124.0
Figs,2024,certified organic,1,0.0,0.0,,0.0,263.0,0.0,743.0
Figs,2025,certified organic,1,0.0,0.0,,0.0,1026.0,0.0,2286.0
Flax,2011,certified organic,1,68.98,5.42,12.727,3449.0,50.0,2196.0,405.0
Flax,2012,certified organic,2,56.64,17.56,3.226,5041.0,89.0,4759.0,271.0
Flax,2015,certified organic,1,55.2,0.0,,828.0,15.0,0.0,363.0
Flax,2018,certified organic,2,0.0,0.0,,0.0,214.0,0.0,910.0
Flax,2019,certified organic,2,219.89,61.42,3.58,260129.0,1183.0,75307.0,1226.0
Flax,2020,certified organic,1,63.88,4.99,12.802,4791.0,75.0,4619.0,926.0
Flax,2021,certified organic,1,0.0,14.52,0.0,0.0,161.0,16277.0,1121.0
Flue Cured Tobacco,2015,certified organic,8,1962.07,775.63,2.53,584696.0,298.0,7542994.0,9725.0
Flue Cured Tobacco,2016,certified organic,8,1340.16,688.66,1.946,578951.0,432.0,6874874.0,9983.0
Flue Cured Tobacco,2017,certified organic,9,2868.85,794.14,3.613,628278.0,219.0,7398194.0,9316.0
Flue Cured Tobacco,2018,certified organic,6,1865.85,931.68,2.003,345183.0,185.0,7870872.0,8448.0
Flue Cured Tobacco,2019,certified organic,4,1793.7,1194.07,1.502,270849.0,151.0,5881991.0,4926.0
Flue Cured Tobacco,2020,certified organic,4,2411.27,1402.76,1.719,306231.0,127.0,1464486.0,1044.0
Flue Cured Tobacco,2021,certified organic,4,195.39,457.4,0.427,30677.0,157.0,597816.0,1307.0
Flue Cured Tobacco,2022,certified organic,3,0.0,747.4,0.0,0.0,104.0,1124083.0,1504.0
Flue Cured Tobacco,2023,certified organic,1,0.0,500.26,0.0,0.0,62.0,251632.0,503.0
Forage Production,2011,certified organic,58,3.45,2.25,1.533,34412.0,9974.0,859488.0,382166.0
Forage Production,2012,certified organic,50,15.32,19.49,0.786,136259.0,8897.0,5733961.0,294231.0
Forage Production,2013,certified organic,57,15.22,10.77,1.413,174322.0,11456.0,3481836.0,323325.0
Forage Production,2014,certified organic,63,2.09,4.85,0.431,32798.0,15680.0,1570360.0,324080.0
Forage Production,2015,certified organic,53,9.2,9.37,0.982,137428.0,14940.0,2500380.0,266848.0
Forage Production,2016,certified organic,54,5.1,7.72,0.661,61465.0,12055.0,2056807.0,266338.0
Forage Production,2017,certified organic,45,18.27,26.05,0.701,223272.0,12222.0,5383157.0,206610.0
Forage Production,2018,certified organic,46,15.58,15.81,0.985,147919.0,9492.0,3254743.0,205841.0
Forage Production,2019,certified organic,44,41.41,16.85,2.458,356444.0,8607.0,3225066.0,191452.0
Forage Production,2020,certified organic,36,33.42,27.43,1.218,221426.0,6625.0,4348945.0,158521.0
Forage Production,2021,certified organic,39,49.24,23.16,2.126,418224.0,8493.0,4317802.0,186462.0
Forage Production,2022,certified organic,38,47.1,15.16,3.107,440492.0,9352.0,2406473.0,158729.0
Forage Production,2023,certified organic,40,24.29,20.79,1.168,280522.0,11547.0,4077472.0,196108.0
Forage Production,2024,certified organic,36,0.0,0.0,,0.0,10686.0,0.0,210988.0
Forage Production,2025,certified organic,35,0.0,0.0,,0.0,9028.0,0.0,231013.0
Forage Seeding,2012,certified organic,1,0.0,30.71,0.0,0.0,175.0,117606.0,3829.0
Forage Seeding,2016,certified organic,1,0.0,0.0,,0.0,52.0,0.0,184.0
Forage Seeding,2017,certified organic,1,0.0,0.0,,0.0,64.0,0.0,85.0
Forage Seeding,2018,certified organic,1,0.0,3.55,0.0,0.0,58.0,7344.0,2067.0
Fresh Apricots,2011,certified organic,9,938.09,522.07,1.797,261726.0,279.0,640582.0,1227.0
Fresh Apricots,2012,certified organic,9,39.17,618.04,0.063,11946.0,305.0,822614.0,1331.0
Fresh Apricots,2013,certified organic,10,46.9,85.17,0.551,15804.0,337.0,133965.0,1573.0
Fresh Apricots,2014,certified organic,11,0.0,256.58,0.0,0.0,358.0,449014.0,1750.0
Fresh Apricots,2015,certified organic,9,174.71,415.27,0.421,54161.0,310.0,751635.0,1810.0
Fresh Apricots,2016,certified organic,8,100.35,187.02,0.537,33516.0,334.0,290449.0,1553.0
Fresh Apricots,2017,certified organic,7,696.43,777.4,0.896,179678.0,258.0,1143549.0,1471.0
Fresh Apricots,2018,certified organic,6,450.53,859.93,0.524,72085.0,160.0,1243457.0,1446.0
Fresh Apricots,2019,certified organic,8,1141.11,534.04,2.137,298972.0,262.0,878503.0,1645.0
Fresh Apricots,2020,certified organic,7,1336.37,755.68,1.768,326075.0,244.0,1129739.0,1495.0
Fresh Apricots,2021,certified organic,5,0.0,205.01,0.0,0.0,244.0,246212.0,1201.0
Fresh Apricots,2022,certified organic,5,756.01,949.53,0.796,199586.0,264.0,886863.0,934.0
Fresh Apricots,2023,certified organic,5,725.9,1227.2,0.592,193814.0,267.0,1141294.0,930.0
Fresh Apricots,2024,certified organic,5,0.0,0.0,,0.0,220.0,0.0,712.0
Fresh Apricots,2025,certified organic,7,0.0,0.0,,0.0,317.0,0.0,891.0
Fresh Freestone Peaches,2011,certified organic,11,10.77,24.76,0.435,11472.0,1065.0,259936.0,10497.0
Fresh Freestone Peaches,2012,certified organic,12,142.84,69.4,2.058,85416.0,598.0,685671.0,9880.0
Fresh Freestone Peaches,2013,certified organic,11,64.97,9.66,6.726,45218.0,696.0,147945.0,15315.0
Fresh Freestone Peaches,2014,certified organic,11,38.1,9.17,4.155,25067.0,658.0,151888.0,16557.0
Fresh Freestone Peaches,2015,certified organic,10,2.88,40.32,0.071,3042.0,1057.0,590815.0,14653.0
Fresh Freestone Peaches,2016,certified organic,9,0.0,32.09,0.0,0.0,1008.0,443883.0,13832.0
Fresh Freestone Peaches,2017,certified organic,8,387.82,74.78,5.186,374630.0,966.0,1129262.0,15101.0
Fresh Freestone Peaches,2018,certified organic,6,109.06,70.88,1.539,128909.0,1182.0,1100157.0,15522.0
Fresh Freestone Peaches,2019,certified organic,6,154.14,74.62,2.066,202227.0,1312.0,1190712.0,15956.0
Fresh Freestone Peaches,2020,certified organic,5,4.88,49.7,0.098,6506.0,1332.0,712266.0,14332.0
Fresh Freestone Peaches,2021,certified organic,6,75.67,41.49,1.824,109800.0,1451.0,661926.0,15955.0
Fresh Freestone Peaches,2022,certified organic,6,92.07,64.65,1.424,141972.0,1542.0,1002641.0,15509.0
Fresh Freestone Peaches,2023,certified organic,6,477.3,82.29,5.8,787074.0,1649.0,1377782.0,16742.0
Fresh Freestone Peaches,2024,certified organic,6,0.0,0.0,,0.0,774.0,0.0,5065.0
Fresh Freestone Peaches,2025,certified organic,7,0.0,0.0,,0.0,1003.0,0.0,13222.0
Fresh Market Sweet Corn,2015,certified organic,1,0.0,10.95,0.0,0.0,4.0,2114.0,193.0
Fresh Market Sweet Corn,2017,certified organic,1,0.0,243.15,0.0,0.0,5.0,107959.0,444.0
Fresh Market Sweet Corn,2018,certified organic,1,617.0,339.33,1.818,1234.0,2.0,93656.0,276.0
Fresh Market Sweet Corn,2021,certified organic,1,2020.0,1046.99,1.929,8080.0,4.0,516166.0,493.0
Fresh Market Sweet Corn,2022,certified organic,1,2566.75,104.36,24.595,20534.0,8.0,37882.0,363.0
Fresh Market Sweet Corn,2023,certified organic,1,1754.5,336.66,5.211,3509.0,2.0,143418.0,426.0
Fresh Nectarines,2011,certified organic,9,38.09,55.39,0.688,32982.0,866.0,570289.0,10296.0
Fresh Nectarines,2012,certified organic,10,90.17,225.33,0.4,60412.0,670.0,2038077.0,9045.0
Fresh Nectarines,2013,certified organic,12,0.0,21.86,0.0,0.0,742.0,313108.0,14326.0
Fresh Nectarines,2014,certified organic,11,26.22,36.84,0.712,13004.0,496.0,567706.0,15412.0
Fresh Nectarines,2015,certified organic,8,63.16,59.77,1.057,49012.0,776.0,743011.0,12431.0
Fresh Nectarines,2016,certified organic,8,36.91,29.22,1.263,31078.0,842.0,357126.0,12223.0
Fresh Nectarines,2017,certified organic,9,235.52,141.18,1.668,193362.0,821.0,1821879.0,12905.0
Fresh Nectarines,2018,certified organic,8,105.55,220.64,0.478,91513.0,867.0,2887782.0,13088.0
Fresh Nectarines,2019,certified organic,7,249.05,191.34,1.302,223644.0,898.0,2464105.0,12878.0
Fresh Nectarines,2020,certified organic,5,76.34,154.89,0.493,67717.0,887.0,1716833.0,11084.0
Fresh Nectarines,2021,certified organic,6,43.87,116.31,0.377,43347.0,988.0,1313782.0,11296.0
Fresh Nectarines,2022,certified organic,6,106.29,200.19,0.531,121917.0,1147.0,2206883.0,11024.0
Fresh Nectarines,2023,certified organic,6,284.04,186.35,1.524,403058.0,1419.0,2173242.0,11662.0
Fresh Nectarines,2024,certified organic,5,0.0,0.0,,0.0,478.0,0.0,3936.0
Fresh Nectarines,2025,certified organic,6,0.0,0.0,,0.0,951.0,0.0,10230.0
Grain Sorghum,2011,certified organic,15,60.33,65.97,0.915,73599.0,1220.0,11180303.0,169466.0
Grain Sorghum,2012,certified organic,14,38.05,168.3,0.226,45969.0,1208.0,22001937.0,130728.0
Grain Sorghum,2013,certified organic,23,66.8,75.99,0.879,346838.0,5192.0,28760150.0,378455.0
Grain Sorghum,2014,certified organic,28,33.81,33.15,1.02,232255.0,6870.0,13431318.0,405190.0
Grain Sorghum,2015,certified organic,29,59.69,11.22,5.32,453024.0,7589.0,5896551.0,525652.0
Grain Sorghum,2016,certified organic,26,73.27,9.38,7.811,574367.0,7839.0,3502465.0,373495.0
Grain Sorghum,2017,certified organic,30,78.84,9.78,8.061,506323.0,6422.0,2313491.0,236433.0
Grain Sorghum,2018,certified organic,21,78.7,16.13,4.879,238844.0,3035.0,4398605.0,272668.0
Grain Sorghum,2019,certified organic,41,154.11,13.86,11.119,1968093.0,12771.0,4910394.0,354401.0
Grain Sorghum,2020,certified organic,44,205.01,24.53,8.358,3421791.0,16691.0,10439289.0,425630.0
Grain Sorghum,2021,certified organic,42,138.99,25.09,5.54,2200670.0,15833.0,18952474.0,755393.0
Grain Sorghum,2022,certified organic,40,442.36,175.25,2.524,6511981.0,14721.0,112386249.0,641298.0
Grain Sorghum,2023,certified organic,51,322.25,83.2,3.873,8265621.0,25650.0,61730110.0,741911.0
Grapefruit,2012,certified organic,5,47.91,197.85,0.242,12744.0,266.0,613542.0,3101.0
Grapefruit,2013,certified organic,5,70.74,66.26,1.068,21081.0,298.0,321186.0,4847.0
Grapefruit,2014,certified organic,6,99.79,69.76,1.43,34926.0,350.0,361981.0,5189.0
Grapefruit,2015,certified organic,6,198.02,22.97,8.621,69306.0,350.0,113597.0,4945.0
Grapefruit,2016,certified organic,5,144.72,153.81,0.941,58756.0,406.0,418206.0,2719.0
Grapefruit,2017,certified organic,5,123.0,19.29,6.376,51906.0,422.0,48955.0,2538.0
Grapefruit,2018,certified organic,7,148.79,96.68,1.539,86744.0,583.0,407585.0,4216.0
Grapefruit,2019,certified organic,9,334.02,96.75,3.452,193730.0,580.0,1321298.0,13657.0
Grapefruit,2020,certified organic,8,83.07,39.02,2.129,38212.0,460.0,460769.0,11810.0
Grapefruit,2021,certified organic,12,185.47,409.18,0.453,93475.0,504.0,6328408.0,15466.0
Grapefruit,2022,certified organic,8,196.59,388.64,0.506,103208.0,525.0,1587583.0,4085.0
Grapefruit,2023,certified organic,7,564.62,109.15,5.173,304893.0,540.0,393712.0,3607.0
Grapefruit,2024,certified organic,8,0.0,0.0,,0.0,657.0,0.0,3387.0
Grapefruit,2025,certified organic,7,0.0,4.11,0.0,0.0,700.0,14651.0,3569.0
Grapes,2011,certified organic,18,32.51,39.83,0.816,223616.0,6879.0,11968032.0,300451.0
Grapes,2012,certified organic,21,45.55,19.59,2.325,310676.0,6821.0,6082638.0,310421.0
Grapes,2013,certified organic,20,18.72,9.48,1.975,132185.0,7061.0,2955093.0,311675.0
Grapes,2014,certified organic,20,37.32,62.02,0.602,257364.0,6896.0,18893345.0,304647.0
Grapes,2015,certified organic,18,42.11,56.4,0.747,266877.0,6337.0,15945425.0,282707.0
Grapes,2016,certified organic,19,9.64,32.91,0.293,61670.0,6395.0,9600399.0,291677.0
Grapes,2017,certified organic,18,31.19,79.86,0.391,183908.0,5897.0,22739899.0,284732.0
Grapes,2018,certified organic,20,32.21,42.83,0.752,213141.0,6617.0,12444071.0,290579.0
Grapes,2019,certified organic,23,116.93,95.35,1.226,994450.0,8505.0,27798070.0,291537.0
Grapes,2020,certified organic,24,122.5,204.95,0.598,1019041.0,8319.0,56498893.0,275670.0
Grapes,2021,certified organic,24,163.31,142.62,1.145,1436597.0,8797.0,38097030.0,267130.0
Grapes,2022,certified organic,25,176.82,146.79,1.205,1702581.0,9629.0,37894774.0,258161.0
Grapes,2023,certified organic,27,48.65,173.89,0.28,478308.0,9831.0,47166046.0,271242.0
Grapes,2024,certified organic,23,0.0,0.0,,0.0,6593.0,0.0,176922.0
Grapes,2025,certified organic,26,0.0,0.0,,0.0,8672.0,0.0,226296.0
Green Peas,2011,certified organic,6,4.33,1.73,2.503,8280.0,1912.0,17373.0,10070.0
Green Peas,2012,certified organic,8,32.38,21.98,1.473,108346.0,3346.0,306288.0,13933.0
Green Peas,2013,certified organic,8,132.41,30.03,4.409,456812.0,3450.0,890064.0,29640.0
Green Peas,2014,certified organic,25,212.26,61.33,3.461,1300532.0,6127.0,3204983.0,52261.0
Green Peas,2015,certified organic,28,187.32,48.34,3.875,1990694.0,10627.0,2450994.0,50699.0
Green Peas,2016,certified organic,27,179.96,57.9,3.108,1672369.0,9293.0,3036014.0,52438.0
Green Peas,2017,certified organic,25,225.57,81.39,2.771,2227755.0,9876.0,3671182.0,45107.0
Green Peas,2018,certified organic,22,158.73,59.68,2.66,1740341.0,10964.0,2776158.0,46520.0
Green Peas,2019,certified organic,25,206.4,46.79,4.411,1433620.0,6946.0,2701789.0,57749.0
Green Peas,2020,certified organic,28,205.82,51.52,3.995,1815982.0,8823.0,3803375.0,73827.0
Green Peas,2021,certified organic,25,222.35,122.8,1.811,2143014.0,9638.0,8027079.0,65365.0
Green Peas,2022,certified organic,26,167.91,71.55,2.347,1809949.0,10779.0,4528224.0,63289.0
Green Peas,2023,certified organic,21,207.77,71.6,2.902,1624961.0,7821.0,3055661.0,42674.0
Green Peas,2025,certified organic,7,0.0,0.0,,0.0,869.0,0.0,3486.0
Hemp,2020,certified organic,2,51.52,17.22,2.992,58270.0,1131.0,41167.0,2390.0
Hemp,2021,certified organic,3,201.58,83.25,2.421,177189.0,879.0,64021.0,769.0
Hemp,2022,certified organic,1,77.33,79.3,0.975,3944.0,51.0,11499.0,145.0
Hybrid Corn Seed,2011,certified organic,3,31.55,203.09,0.155,14736.0,467.0,3063244.0,15083.0
Hybrid Corn Seed,2012,certified organic,2,0.0,40.7,0.0,0.0,270.0,587036.0,14422.0
Hybrid Corn Seed,2013,certified organic,1,0.0,0.0,,0.0,22.0,0.0,393.0
Hybrid Corn Seed,2014,certified organic,5,0.0,9.99,0.0,0.0,228.0,207195.0,20732.0
Hybrid Corn Seed,2015,certified organic,6,94.55,43.27,2.185,91150.0,964.0,326245.0,7539.0
Hybrid Corn Seed,2016,certified organic,6,281.56,11.4,24.698,291415.0,1035.0,222249.0,19498.0
Hybrid Corn Seed,2017,certified organic,8,112.68,7.13,15.804,149638.0,1328.0,140180.0,19661.0
Hybrid Corn Seed,2018,certified organic,9,226.7,1.57,144.395,273397.0,1206.0,23885.0,15191.0
Hybrid Corn Seed,2019,certified organic,11,153.82,20.23,7.604,187512.0,1219.0,611201.0,30212.0
Hybrid Corn Seed,2020,certified organic,10,25.62,10.53,2.433,39251.0,1532.0,397308.0,37733.0
Hybrid Corn Seed,2021,certified organic,10,244.87,19.67,12.449,228465.0,933.0,833908.0,42393.0
Hybrid Corn Seed,2022,certified organic,4,200.74,0.0,,65240.0,325.0,0.0,1695.0
Hybrid Corn Seed,2023,certified organic,5,0.0,0.07,0.0,0.0,600.0,652.0,9940.0
Hybrid Sorghum Seed,2013,certified organic,1,0.0,0.0,,0.0,132.0,0.0,3383.0
Hybrid Sorghum Seed,2014,certified organic,1,0.0,0.0,,0.0,74.0,0.0,2037.0
Hybrid Sorghum Seed,2015,certified organic,2,0.0,0.0,,0.0,327.0,0.0,2921.0
Hybrid Sorghum Seed,2016,certified organic,1,482.84,403.43,1.197,42490.0,88.0,129097.0,320.0
Hybrid Sorghum Seed,2018,certified organic,2,120.2,0.0,,28367.0,236.0,0.0,1695.0
Hybrid Sorghum Seed,2019,certified organic,1,662.14,156.68,4.226,95348.0,144.0,165452.0,1056.0
Hybrid Sorghum Seed,2020,certified organic,2,539.73,0.96,562.219,114423.0,212.0,4110.0,4270.0
Hybrid Sorghum Seed,2021,certified organic,3,278.76,8.43,33.068,90041.0,323.0,71520.0,8485.0
Late Oranges,2017,certified organic,1,0.0,0.0,,0.0,28.0,0.0,8.0
Lemons,2012,certified organic,11,298.99,43.9,6.811,248464.0,831.0,1206255.0,27477.0
Lemons,2013,certified organic,13,28.5,14.6,1.952,27107.0,951.0,490773.0,33613.0
Lemons,2014,certified organic,14,60.4,38.83,1.555,61853.0,1024.0,1335980.0,34405.0
Lemons,2015,certified organic,14,11.82,40.95,0.289,11976.0,1013.0,1305644.0,31882.0
Lemons,2016,certified organic,13,1.96,14.58,0.134,3163.0,1614.0,478013.0,32783.0
Lemons,2017,certified organic,13,191.45,40.79,4.694,317230.0,1657.0,1316385.0,32276.0
Lemons,2018,certified organic,13,258.94,46.13,5.613,451066.0,1742.0,1439734.0,31207.0
Lemons,2019,certified organic,13,187.64,26.3,7.135,341135.0,1818.0,826005.0,31407.0
Lemons,2020,certified organic,14,134.27,39.09,3.435,223160.0,1662.0,1274312.0,32598.0
Lemons,2021,certified organic,12,1051.59,144.7,7.267,2027475.0,1928.0,4554543.0,31475.0
Lemons,2022,certified organic,12,915.97,109.05,8.4,1763237.0,1925.0,3634549.0,33330.0
Lemons,2023,certified organic,14,658.75,134.2,4.909,1815528.0,2756.0,4936011.0,36781.0
Lemons,2024,certified organic,14,0.0,1.69,0.0,0.0,2923.0,65981.0,39008.0
Lemons,2025,certified organic,14,0.0,3.19,0.0,0.0,2738.0,125340.0,39254.0
Macadamia Nuts,2018,certified organic,1,0.0,0.0,,0.0,328.0,0.0,10517.0
Macadamia Nuts,2019,certified organic,1,726.03,149.49,4.857,240315.0,331.0,1475013.0,9867.0
Macadamia Nuts,2020,certified organic,1,0.0,153.72,0.0,0.0,687.0,1504428.0,9787.0
Macadamia Nuts,2021,certified organic,1,766.75,65.37,11.729,526760.0,687.0,642703.0,9832.0
Macadamia Nuts,2022,certified organic,1,1026.04,115.58,8.877,684369.0,667.0,1140380.0,9867.0
Macadamia Nuts,2023,certified organic,1,847.73,341.17,2.485,565436.0,667.0,3935365.0,11535.0
Macadamia Nuts,2024,certified organic,1,0.0,0.0,,0.0,3.0,0.0,11403.0
Macadamia Nuts,2025,certified organic,1,0.0,0.96,0.0,0.0,285.0,10874.0,11378.0
Macadamia Trees,2017,certified organic,1,0.0,0.0,,0.0,206.0,0.0,10742.0
Macadamia Trees,2018,certified organic,1,0.0,0.0,,0.0,331.0,0.0,10599.0
Mandarins,2012,certified organic,7,1185.1,448.87,2.64,385156.0,325.0,4090130.0,9112.0
Mandarins,2013,certified organic,6,1187.0,168.2,7.057,376278.0,317.0,1627874.0,9678.0
Mandarins,2014,certified organic,8,152.05,567.37,0.268,75114.0,494.0,12441275.0,21928.0
Mandarins/Tangerines,2015,certified organic,6,130.96,125.27,1.045,38501.0,294.0,3177778.0,25367.0
Mandarins/Tangerines,2016,certified organic,7,76.03,208.92,0.364,29120.0,383.0,5856058.0,28030.0
Mandarins/Tangerines,2017,certified organic,7,66.44,73.91,0.899,24117.0,363.0,2466092.0,33367.0
Mandarins/Tangerines,2018,certified organic,7,456.55,168.36,2.712,267081.0,585.0,5954704.0,35368.0
Mandarins/Tangerines,2019,certified organic,7,268.2,144.37,1.858,182105.0,679.0,5160509.0,35744.0
Mandarins/Tangerines,2020,certified organic,7,1248.16,235.39,5.303,675256.0,541.0,9385375.0,39871.0
Mandarins/Tangerines,2021,certified organic,8,412.67,82.33,5.012,556274.0,1348.0,4023737.0,48871.0
Mandarins/Tangerines,2022,certified organic,7,1863.98,975.57,1.911,2697174.0,1447.0,47926600.0,49127.0
Mandarins/Tangerines,2023,certified organic,10,886.63,301.77,2.938,1868128.0,2107.0,17305141.0,57346.0
Mandarins/Tangerines,2024,certified organic,8,9.35,10.19,0.918,28822.0,3081.0,570162.0,55972.0
Mandarins/Tangerines,2025,certified organic,8,22.62,10.74,2.106,110471.0,4883.0,616646.0,57429.0
Millet,2011,certified organic,16,19.53,10.09,1.936,150242.0,7692.0,1453982.0,144066.0
Millet,2012,certified organic,17,34.01,31.2,1.09,309206.0,9092.0,2468962.0,79141.0
Millet,2013,certified organic,19,38.25,32.17,1.189,352968.0,9228.0,4904937.0,152468.0
Millet,2014,certified organic,15,4.73,5.91,0.8,30630.0,6473.0,730579.0,123625.0
Millet,2015,certified organic,12,4.97,4.62,1.076,36880.0,7419.0,478673.0,103503.0
Millet,2016,certified organic,14,13.15,6.88,1.911,86729.0,6596.0,739231.0,107402.0
Millet,2017,certified organic,12,14.79,10.6,1.395,103293.0,6982.0,1160091.0,109420.0
Millet,2018,certified organic,13,9.86,10.34,0.954,80035.0,8118.0,976329.0,94379.0
Millet,2019,certified organic,13,7.53,6.25,1.205,68794.0,9130.0,1351995.0,216471.0
Millet,2020,certified organic,16,33.29,36.61,0.909,363678.0,10926.0,10371858.0,283330.0
Millet,2021,certified organic,22,19.82,17.38,1.14,320493.0,16169.0,6533902.0,375918.0
Millet,2022,certified organic,16,85.58,86.89,0.985,1123337.0,13126.0,28662444.0,329882.0
Millet,2023,certified organic,17,9.98,13.77,0.725,136421.0,13672.0,4841218.0,351599.0
Minneola Tangelos,2012,certified organic,4,33.8,24.17,1.398,5307.0,157.0,51683.0,2138.0
Minneola Tangelos,2013,certified organic,5,60.24,26.86,2.243,15301.0,254.0,73204.0,2725.0
Minneola Tangelos,2014,certified organic,5,638.62,151.22,4.223,160933.0,252.0,418432.0,2767.0
Mint,2020,certified organic,1,0.0,0.0,,0.0,26.0,0.0,7.0
Mustard,2017,certified organic,1,107.14,20.68,5.181,21427.0,200.0,140068.0,6772.0
Mustard,2019,certified organic,1,0.0,44.47,0.0,0.0,161.0,503010.0,11312.0
Mustard,2021,certified organic,2,268.37,33.29,8.062,333045.0,1241.0,862208.0,25899.0
Mustard,2022,certified organic,5,364.77,168.32,2.167,1489355.0,4083.0,16533374.0,98224.0
Mustard,2023,certified organic,4,257.36,68.44,3.76,1071925.0,4165.0,7818607.0,114243.0
Navel Oranges,2012,certified organic,10,285.17,21.94,12.998,468246.0,1642.0,2380288.0,108477.0
Navel Oranges,2013,certified organic,11,93.58,25.03,3.739,194937.0,2083.0,2721860.0,108727.0
Navel Oranges,2014,certified organic,12,453.56,243.92,1.859,952016.0,2099.0,25574211.0,104847.0
Oats,2011,certified organic,90,20.17,15.32,1.317,213343.0,10576.0,620357.0,40506.0
Oats,2012,certified organic,91,7.35,15.82,0.465,90000.0,12248.0,1153452.0,72909.0
Oats,2013,certified organic,97,25.45,18.11,1.405,344070.0,13517.0,1597610.0,88208.0
Oats,2014,certified organic,102,19.25,8.35,2.305,277265.0,14400.0,802727.0,96130.0
Oats,2015,certified organic,108,8.3,8.09,1.026,127984.0,15415.0,938039.0,115919.0
Oats,2016,certified organic,128,27.25,18.38,1.483,623375.0,22874.0,1972284.0,107317.0
Oats,2017,certified organic,119,33.51,38.1,0.88,611123.0,18236.0,3621743.0,95055.0
Oats,2018,certified organic,103,37.61,10.95,3.435,788824.0,20976.0,844597.0,77127.0
Oats,2019,certified organic,117,30.22,8.98,3.365,632454.0,20931.0,874636.0,97398.0
Oats,2020,certified organic,135,49.27,17.33,2.843,1159981.0,23541.0,2087653.0,120463.0
Oats,2021,certified organic,113,89.74,54.33,1.652,2101372.0,23415.0,5813568.0,107005.0
Oats,2022,certified organic,126,39.55,16.95,2.333,1029370.0,26026.0,1966268.0,116034.0
Oats,2023,certified organic,122,90.98,39.41,2.309,2133585.0,23452.0,2165679.0,54953.0
Oats,2024,certified organic,1,0.0,0.0,,0.0,50.0,0.0,296.0
Onions,2011,certified organic,1,1171.12,600.74,1.949,50358.0,43.0,4472485.0,7445.0
Onions,2012,certified organic,2,0.0,1126.08,0.0,0.0,4.0,5600011.0,4973.0
Onions,2013,certified organic,1,0.0,849.18,0.0,0.0,18.0,7218026.0,8500.0
Onions,2014,certified organic,1,5.8,827.15,0.007,116.0,20.0,7593270.0,9180.0
Onions,2015,certified organic,3,550.56,1120.89,0.491,39090.0,71.0,12858814.0,11472.0
Onions,2016,certified organic,2,1281.6,781.61,1.64,111499.0,87.0,8533641.0,10918.0
Onions,2017,certified organic,6,1445.06,665.2,2.172,651724.0,451.0,15040272.0,22610.0
Onions,2018,certified organic,8,623.46,622.46,1.002,402753.0,646.0,17545357.0,28187.0
Onions,2019,certified organic,5,803.14,151.39,5.305,294754.0,367.0,1979325.0,13074.0
Onions,2020,certified organic,3,153.53,446.64,0.344,31474.0,205.0,4214963.0,9437.0
Onions,2021,certified organic,4,81.13,433.75,0.187,22068.0,272.0,4552620.0,10496.0
Onions,2022,certified organic,5,38.52,235.09,0.164,10477.0,272.0,2272153.0,9665.0
Onions,2023,certified organic,5,912.66,679.0,1.344,401570.0,440.0,7701169.0,11342.0
Onions,2024,certified organic,3,0.0,51.6,0.0,0.0,229.0,318538.0,6173.0
Onions,2025,certified organic,4,43.62,155.8,0.28,43974.0,1008.0,1191534.0,7648.0
Oranges,2015,certified organic,12,31.6,66.88,0.472,89891.0,2845.0,8435729.0,126124.0
Oranges,2016,certified organic,12,19.02,38.93,0.489,59865.0,3147.0,4905491.0,126016.0
Oranges,2017,certified organic,11,37.68,17.31,2.177,112976.0,2998.0,2114357.0,122139.0
Oranges,2018,certified organic,11,73.61,32.12,2.292,227078.0,3085.0,3811405.0,118652.0
Oranges,2019,certified organic,11,196.2,58.9,3.331,642567.0,3275.0,6864921.0,116559.0
Oranges,2020,certified organic,10,196.55,31.4,6.26,653541.0,3325.0,3640035.0,115916.0
Oranges,2021,certified organic,12,293.5,82.44,3.56,1061004.0,3615.0,9530861.0,115615.0
Oranges,2022,certified organic,12,378.67,197.78,1.915,1452182.0,3835.0,23459877.0,118614.0
Oranges,2023,certified organic,12,140.03,59.95,2.336,668624.0,4775.0,6970906.0,116275.0
Oranges,2024,certified organic,13,28.44,10.01,2.841,149353.0,5251.0,1142188.0,114121.0
Oranges,2025,certified organic,13,37.08,4.35,8.524,203195.0,5480.0,494901.0,113876.0
Peaches,2011,certified organic,4,288.83,752.71,0.384,23395.0,81.0,971751.0,1291.0
Peaches,2012,certified organic,2,279.64,207.16,1.35,16219.0,58.0,279666.0,1350.0
Peaches,2013,certified organic,3,700.35,1328.75,0.527,44122.0,63.0,1937315.0,1458.0
Peaches,2014,certified organic,4,195.15,512.21,0.381,17954.0,92.0,986515.0,1926.0
Peaches,2015,certified organic,4,1157.17,785.47,1.473,174732.0,151.0,1464901.0,1865.0
Peaches,2016,certified organic,4,10.6,9.12,1.162,1760.0,166.0,16361.0,1793.0
Peaches,2017,certified organic,3,1000.91,797.08,1.256,199182.0,199.0,1409235.0,1768.0
Peaches,2018,certified organic,3,10.98,229.66,0.048,2075.0,189.0,381233.0,1660.0
Peaches,2019,certified organic,3,310.85,718.61,0.433,60615.0,195.0,1256854.0,1749.0
Peaches,2020,certified organic,3,5571.43,3306.91,1.685,980571.0,176.0,6230221.0,1884.0
Peaches,2021,certified organic,3,2312.26,1126.52,2.053,601188.0,260.0,2149393.0,1908.0
Peaches,2022,certified organic,2,1114.51,384.36,2.9,296460.0,266.0,571161.0,1486.0
Peaches,2023,certified organic,3,455.77,167.16,2.727,139465.0,306.0,337988.0,2022.0
Peaches,2024,certified organic,2,0.0,0.0,,0.0,247.0,0.0,1014.0
Peaches,2025,certified organic,5,0.0,0.0,,0.0,293.0,0.0,2094.0
Peanuts,2011,certified organic,9,163.42,161.45,1.012,289914.0,1774.0,7023473.0,43502.0
Peanuts,2012,certified organic,8,26.46,38.36,0.69,59873.0,2263.0,2179176.0,56805.0
Peanuts,2013,certified organic,7,41.47,45.95,0.903,144113.0,3475.0,2124289.0,46230.0
Peanuts,2014,certified organic,6,27.29,121.27,0.225,115949.0,4248.0,9671892.0,79752.0
Peanuts,2015,certified organic,15,59.7,138.23,0.432,552731.0,9258.0,15454576.0,111803.0
Peanuts,2016,certified organic,15,35.37,118.0,0.3,583760.0,16503.0,12687532.0,107526.0
Peanuts,2017,certified organic,23,18.61,73.4,0.254,459487.0,24694.0,8798380.0,119861.0
Peanuts,2018,certified organic,25,22.61,116.59,0.194,604485.0,26733.0,9963977.0,85459.0
Peanuts,2019,certified organic,19,28.3,117.43,0.241,563580.0,19911.0,13709055.0,116746.0
Peanuts,2020,certified organic,25,322.0,142.12,2.266,7869372.0,24439.0,32727599.0,230275.0
Peanuts,2021,certified organic,30,419.08,88.79,4.72,17850951.0,42596.0,20448208.0,230288.0
Peanuts,2022,certified organic,27,912.76,260.56,3.503,43055954.0,47171.0,42937164.0,164787.0
Peanuts,2023,certified organic,29,788.79,360.73,2.187,49225357.0,62406.0,75085823.0,208151.0
Pears,2011,certified organic,18,6.54,20.98,0.312,9624.0,1471.0,421142.0,20072.0
Pears,2012,certified organic,17,0.26,23.45,0.011,357.0,1395.0,475422.0,20271.0
Pears,2013,certified organic,18,6.73,22.45,0.3,9180.0,1364.0,501899.0,22354.0
Pears,2014,certified organic,18,8.97,48.23,0.186,14273.0,1591.0,1131716.0,23465.0
Pears,2015,certified organic,17,62.31,62.63,0.995,103753.0,1665.0,1494633.0,23864.0
Pears,2016,certified organic,18,210.96,77.36,2.727,425293.0,2016.0,1961600.0,25358.0
Pears,2017,certified organic,18,417.05,139.63,2.987,865379.0,2075.0,3430393.0,24567.0
Pears,2018,certified organic,19,630.49,169.99,3.709,1419859.0,2252.0,4161408.0,24480.0
Pears,2019,certified organic,20,964.27,283.86,3.397,2889908.0,2997.0,7883367.0,27772.0
Pears,2020,certified organic,15,605.03,329.11,1.838,2003863.0,3312.0,8393896.0,25505.0
Pears,2021,certified organic,16,374.54,442.78,0.846,1370448.0,3659.0,10800704.0,24393.0
Pears,2022,certified organic,15,501.2,492.48,1.018,1668009.0,3328.0,11675273.0,23707.0
Pears,2023,certified organic,13,261.71,57.65,4.54,898728.0,3434.0,1391741.0,24140.0
Pears,2024,certified organic,13,0.0,0.0,,0.0,2915.0,0.0,20490.0
Pears,2025,certified organic,15,0.0,0.0,,0.0,3408.0,0.0,23883.0
Pecans,2013,certified organic,1,0.0,0.0,,0.0,82.0,0.0,1690.0
Pecans,2014,certified organic,2,0.0,2.06,0.0,0.0,100.0,7940.0,3862.0
Pecans,2015,certified organic,1,0.0,0.0,,0.0,82.0,0.0,1632.0
Pecans,2016,certified organic,1,0.0,0.0,,0.0,27.0,0.0,1567.0
Pecans,2017,certified organic,1,0.0,0.0,,0.0,27.0,0.0,1614.0
Pecans,2018,certified organic,2,0.0,124.14,0.0,0.0,55.0,1801254.0,14510.0
Pecans,2019,certified organic,2,1004.58,209.96,4.785,55252.0,55.0,3286115.0,15651.0
Pecans,2020,certified organic,2,0.0,681.51,0.0,0.0,55.0,11585004.0,16999.0
Pecans,2021,certified organic,2,523.94,83.34,6.287,34056.0,65.0,1431581.0,17177.0
Pecans,2022,certified organic,2,127.9,1043.12,0.123,8953.0,70.0,22375936.0,21451.0
Pecans,2023,certified organic,2,0.0,17.14,0.0,0.0,70.0,386921.0,22576.0
Pecans,2025,certified organic,3,0.0,0.0,,0.0,1042.0,0.0,29936.0
Pistachios,2012,certified organic,2,248.86,5.65,44.046,60970.0,245.0,42303.0,7486.0
Pistachios,2013,certified organic,3,356.1,187.33,1.901,169505.0,476.0,2433237.0,12989.0
Pistachios,2014,certified organic,3,988.32,42.04,23.509,241149.0,244.0,617395.0,14685.0
Pistachios,2015,certified organic,3,2368.29,850.37,2.785,577863.0,244.0,14476707.0,17024.0
Pistachios,2016,certified organic,4,104.26,4.84,21.541,79756.0,765.0,77109.0,15929.0
Pistachios,2017,certified organic,3,89.48,190.06,0.471,44114.0,493.0,2631350.0,13845.0
Pistachios,2018,certified organic,4,0.0,0.0,,0.0,806.0,0.0,15056.0
Pistachios,2019,certified organic,5,13.85,125.3,0.111,15479.0,1118.0,2666545.0,21281.0
Pistachios,2020,certified organic,4,162.44,8.96,18.129,174133.0,1072.0,197006.0,21984.0
Pistachios,2021,certified organic,5,528.72,58.03,9.111,861284.0,1629.0,4311400.0,74300.0
Pistachios,2022,certified organic,4,296.8,282.86,1.049,846776.0,2853.0,19743932.0,69802.0
Pistachios,2023,certified organic,5,49.89,73.51,0.679,189314.0,3795.0,11276659.0,153393.0
Pistachios,2024,certified organic,4,0.0,0.0,,0.0,1860.0,0.0,68124.0
Pistachios,2025,certified organic,7,0.0,0.0,,0.0,3897.0,0.0,199017.0
Plums,2011,certified organic,5,22.58,79.71,0.283,15379.0,681.0,708660.0,8890.0
Plums,2012,certified organic,6,91.82,231.39,0.397,47104.0,513.0,2482540.0,10729.0
Plums,2013,certified organic,7,92.72,63.96,1.45,51829.0,559.0,808098.0,12634.0
Plums,2014,certified organic,7,15.12,55.44,0.273,6939.0,459.0,713751.0,12875.0
Plums,2015,certified organic,5,662.78,186.01,3.563,322775.0,487.0,1907718.0,10256.0
Plums,2016,certified organic,5,45.72,118.08,0.387,23318.0,510.0,1080169.0,9148.0
Plums,2017,certified organic,7,843.98,139.75,6.039,421989.0,500.0,1616861.0,11570.0
Plums,2018,certified organic,7,529.01,116.59,4.537,254456.0,481.0,1329234.0,11401.0
Plums,2019,certified organic,7,846.51,174.22,4.859,440184.0,520.0,1860458.0,10679.0
Plums,2020,certified organic,6,725.15,132.24,5.484,497453.0,686.0,1178418.0,8911.0
Plums,2021,certified organic,5,287.27,382.24,0.752,172074.0,599.0,2534655.0,6631.0
Plums,2022,certified organic,4,1916.4,607.82,3.153,1144089.0,597.0,3460328.0,5693.0
Plums,2023,certified organic,7,121.21,160.24,0.756,96485.0,796.0,1711707.0,10682.0
Plums,2024,certified organic,5,0.0,0.0,,0.0,336.0,0.0,2865.0
Plums,2025,certified organic,5,0.0,6.04,0.0,0.0,560.0,33315.0,5518.0
Pomegranates,2023,certified organic,2,61.28,64.51,0.95,29047.0,474.0,131477.0,2038.0
Pomegranates,2024,certified organic,3,0.0,0.0,,0.0,757.0,0.0,7655.0
Pomegranates,2025,certified organic,3,0.0,0.0,,0.0,313.0,0.0,6838.0
Popcorn,2011,certified organic,7,44.3,23.45,1.889,54580.0,1232.0,263043.0,11218.0
Popcorn,2012,certified organic,3,18.89,33.19,0.569,10052.0,532.0,68605.0,2067.0
Popcorn,2013,certified organic,8,28.06,4.26,6.587,27187.0,969.0,30538.0,7162.0
Popcorn,2014,certified organic,8,115.57,147.38,0.784,203054.0,1757.0,3284744.0,22287.0
Popcorn,2015,certified organic,9,52.11,28.51,1.828,83844.0,1609.0,199053.0,6982.0
Popcorn,2016,certified organic,12,31.48,5.63,5.591,68595.0,2179.0,87039.0,15456.0
Popcorn,2017,certified organic,11,11.41,6.93,1.646,44379.0,3888.0,190824.0,27555.0
Popcorn,2018,certified organic,10,140.85,26.05,5.407,426363.0,3027.0,561233.0,21542.0
Popcorn,2019,certified organic,14,139.49,32.85,4.246,676531.0,4850.0,708256.0,21563.0
Popcorn,2020,certified organic,27,172.68,16.17,10.679,1181459.0,6842.0,705662.0,43635.0
Popcorn,2021,certified organic,20,78.84,8.48,9.297,548481.0,6957.0,323147.0,38121.0
Popcorn,2022,certified organic,27,99.89,9.09,10.989,816603.0,8175.0,522842.0,57493.0
Popcorn,2023,certified organic,17,3.01,14.8,0.203,16894.0,5604.0,355249.0,24010.0
Potatoes,2011,certified organic,20,77.89,66.18,1.177,322229.0,4137.0,10518263.0,158934.0
Potatoes,2012,certified organic,20,104.32,63.46,1.644,575017.0,5512.0,12353291.0,194665.0
Potatoes,2013,certified organic,20,137.68,105.9,1.3,752572.0,5466.0,18503485.0,174719.0
Potatoes,2014,certified organic,16,223.34,70.6,3.163,1408157.0,6305.0,11806702.0,167223.0
Potatoes,2015,certified organic,17,378.02,124.72,3.031,3710981.0,9817.0,17551284.0,140729.0
Potatoes,2016,certified organic,25,376.91,67.4,5.592,3952687.0,10487.0,14866752.0,220581.0
Potatoes,2017,certified organic,27,370.33,46.24,8.009,3355177.0,9060.0,9028660.0,195257.0
Potatoes,2018,certified organic,25,315.87,180.69,1.748,4252289.0,13462.0,37959720.0,210085.0
Potatoes,2019,certified organic,26,631.14,143.79,4.389,6979093.0,11058.0,32960080.0,229224.0
Potatoes,2020,certified organic,26,940.73,141.12,6.666,12468480.0,13254.0,26669177.0,188983.0
Potatoes,2021,certified organic,22,1347.84,221.85,6.075,20144836.0,14946.0,38152610.0,171971.0
Potatoes,2022,certified organic,21,1483.9,211.53,7.015,21173830.0,14269.0,31283855.0,147894.0
Potatoes,2023,certified organic,20,930.1,134.12,6.935,11455153.0,12316.0,22813129.0,170100.0
Potatoes,2025,certified organic,1,0.0,0.0,,0.0,84.0,0.0,1898.0
Processing Apricots,2011,certified organic,2,46.76,134.65,0.347,8463.0,181.0,236713.0,1758.0
Processing Apricots,2012,certified organic,2,8.37,321.46,0.026,1247.0,149.0,555488.0,1728.0
Processing Apricots,2013,certified organic,2,0.0,108.76,0.0,0.0,73.0,177275.0,1630.0
Processing Apricots,2014,certified organic,2,0.0,191.93,0.0,0.0,73.0,332421.0,1732.0
Processing Apricots,2015,certified organic,2,0.0,672.23,0.0,0.0,73.0,1084301.0,1613.0
Processing Apricots,2016,certified organic,2,437.26,935.12,0.468,31920.0,73.0,1501800.0,1606.0
Processing Apricots,2017,certified organic,3,408.51,302.58,1.35,49021.0,120.0,523768.0,1731.0
Processing Apricots,2018,certified organic,2,392.73,800.61,0.491,35346.0,90.0,1138467.0,1422.0
Processing Apricots,2019,certified organic,2,0.0,39.59,0.0,0.0,90.0,30328.0,766.0
Processing Apricots,2020,certified organic,1,0.0,1292.92,0.0,0.0,45.0,928318.0,718.0
Processing Apricots,2021,certified organic,1,0.0,1.08,0.0,0.0,45.0,682.0,634.0
Processing Apricots,2022,certified organic,1,0.0,563.7,0.0,0.0,45.0,392332.0,696.0
Processing Apricots,2023,certified organic,1,104.64,252.33,0.415,4709.0,45.0,178145.0,706.0
Processing Apricots,2024,certified organic,1,0.0,0.0,,0.0,45.0,0.0,521.0
Processing Apricots,2025,certified organic,1,0.0,0.0,,0.0,45.0,0.0,739.0
Processing Beans,2015,certified organic,2,13.98,86.55,0.162,1650.0,118.0,158650.0,1833.0
Processing Beans,2016,certified organic,2,0.0,110.14,0.0,0.0,159.0,556098.0,5049.0
Processing Beans,2017,certified organic,1,0.0,87.4,0.0,0.0,384.0,45448.0,520.0
Processing Beans,2018,certified organic,3,245.85,90.96,2.703,73262.0,298.0,254412.0,2797.0
Processing Beans,2019,certified organic,3,167.58,43.81,3.825,21786.0,130.0,187699.0,4284.0
Processing Beans,2020,certified organic,2,178.82,94.15,1.899,29326.0,164.0,292509.0,3107.0
Processing Beans,2021,certified organic,3,227.19,78.86,2.881,71111.0,313.0,306702.0,3889.0
Processing Beans,2022,certified organic,2,275.4,11.97,23.008,95838.0,348.0,23734.0,1982.0
Processing Beans,2023,certified organic,2,63.16,65.73,0.961,18696.0,296.0,126654.0,1927.0
Processing Cling Peaches,2011,certified organic,5,166.56,66.27,2.513,16656.0,100.0,509766.0,7692.0
Processing Cling Peaches,2012,certified organic,4,0.0,101.57,0.0,0.0,77.0,669826.0,6595.0
Processing Cling Peaches,2013,certified organic,4,0.0,35.43,0.0,0.0,77.0,224683.0,6341.0
Processing Cling Peaches,2014,certified organic,4,0.0,27.88,0.0,0.0,116.0,178138.0,6389.0
Processing Cling Peaches,2015,certified organic,5,0.0,36.37,0.0,0.0,116.0,230487.0,6337.0
Processing Cling Peaches,2016,certified organic,5,69.08,175.98,0.393,10017.0,145.0,1007647.0,5726.0
Processing Cling Peaches,2017,certified organic,3,0.0,78.27,0.0,0.0,121.0,114590.0,1464.0
Processing Cling Peaches,2018,certified organic,4,0.0,116.11,0.0,0.0,112.0,181943.0,1567.0
Processing Cling Peaches,2019,certified organic,4,0.0,62.15,0.0,0.0,138.0,76440.0,1230.0
Processing Cling Peaches,2020,certified organic,4,0.0,38.65,0.0,0.0,125.0,49855.0,1290.0
Processing Cling Peaches,2021,certified organic,5,0.0,299.21,0.0,0.0,135.0,858423.0,2869.0
Processing Cling Peaches,2022,certified organic,4,38.53,820.33,0.047,4392.0,114.0,1255923.0,1531.0
Processing Cling Peaches,2023,certified organic,4,0.0,155.08,0.0,0.0,102.0,235559.0,1519.0
Processing Cling Peaches,2024,certified organic,1,0.0,0.0,,0.0,14.0,0.0,820.0
Processing Cling Peaches,2025,certified organic,3,0.0,0.0,,0.0,127.0,0.0,1418.0
Processing Freestone,2011,certified organic,1,0.0,3.08,0.0,0.0,16.0,416.0,135.0
Processing Freestone,2012,certified organic,1,0.0,0.0,,0.0,16.0,0.0,118.0
Processing Freestone,2013,certified organic,1,0.0,0.0,,0.0,16.0,0.0,131.0
Processing Freestone,2014,certified organic,1,45.94,69.0,0.666,735.0,16.0,3933.0,57.0
Processing Freestone,2015,certified organic,1,0.0,0.0,,0.0,16.0,0.0,41.0
Processing Freestone,2016,certified organic,1,0.0,0.0,,0.0,16.0,0.0,38.0
Processing Freestone,2017,certified organic,1,0.0,0.0,,0.0,16.0,0.0,40.0
Processing Freestone,2018,certified organic,3,0.0,0.0,,0.0,29.0,0.0,205.0
Processing Freestone,2019,certified organic,4,0.0,0.0,,0.0,96.0,0.0,583.0
Processing Freestone,2020,certified organic,3,0.0,16.15,0.0,0.0,108.0,7657.0,474.0
Processing Freestone,2021,certified organic,3,735.56,24.69,29.792,79440.0,108.0,11380.0,461.0
Processing Freestone,2022,certified organic,3,432.07,87.29,4.95,47096.0,109.0,42860.0,491.0
Processing Freestone,2023,certified organic,3,1686.52,375.86,4.487,116370.0,69.0,186051.0,495.0
Processing Freestone,2024,certified organic,2,0.0,0.0,,0.0,51.0,0.0,252.0
Processing Freestone,2025,certified organic,3,0.0,0.0,,0.0,82.0,0.0,498.0
Prunes,2011,certified organic,9,23.22,57.05,0.407,22034.0,949.0,2496619.0,43764.0
Prunes,2012,certified organic,9,36.53,32.35,1.129,39163.0,1072.0,1329168.0,41081.0
Prunes,2013,certified organic,8,175.73,310.46,0.566,180828.0,1029.0,11700450.0,37687.0
Prunes,2014,certified organic,8,128.33,165.1,0.777,153740.0,1198.0,6154848.0,37280.0
Prunes,2015,certified organic,7,189.51,251.27,0.754,221540.0,1169.0,8053081.0,32049.0
Prunes,2016,certified organic,7,694.92,1692.57,0.411,830434.0,1195.0,46041319.0,27202.0
Prunes,2017,certified organic,8,20.3,223.29,0.091,25845.0,1273.0,6388262.0,28610.0
Prunes,2018,certified organic,8,218.03,477.23,0.457,266870.0,1224.0,13083238.0,27415.0
Prunes,2019,certified organic,7,0.0,342.07,0.0,0.0,1043.0,8280469.0,24207.0
Prunes,2020,certified organic,7,292.09,940.64,0.311,239805.0,821.0,20826767.0,22141.0
Prunes,2021,certified organic,7,8.58,192.52,0.045,9540.0,1112.0,3847611.0,19985.0
Prunes,2022,certified organic,7,519.88,571.07,0.91,493368.0,949.0,11256999.0,19712.0
Prunes,2023,certified organic,6,0.0,119.66,0.0,0.0,684.0,2284117.0,19088.0
Prunes,2024,certified organic,3,0.0,0.0,,0.0,839.0,0.0,11055.0
Prunes,2025,certified organic,6,0.0,0.0,,0.0,856.0,0.0,18576.0
Pumpkins,2013,certified organic,1,262.72,120.73,2.176,17602.0,67.0,235673.0,1952.0
Pumpkins,2015,certified organic,2,972.98,292.04,3.332,62271.0,64.0,1578164.0,5404.0
Pumpkins,2016,certified organic,2,35.93,72.81,0.493,13978.0,389.0,249896.0,3432.0
Pumpkins,2017,certified organic,2,0.0,170.02,0.0,0.0,252.0,589791.0,3469.0
Pumpkins,2018,certified organic,2,0.0,0.0,,0.0,188.0,0.0,2051.0
Pumpkins,2019,certified organic,2,84.06,70.92,1.185,21016.0,250.0,175322.0,2472.0
Pumpkins,2020,certified organic,2,10.08,52.76,0.191,1552.0,154.0,229395.0,4348.0
Pumpkins,2021,certified organic,2,0.0,61.0,0.0,0.0,83.0,167076.0,2739.0
Pumpkins,2022,certified organic,1,251.27,0.0,,9297.0,37.0,0.0,158.0
Pumpkins,2023,certified organic,1,-1680.4,443.34,-3.79,-42010.0,25.0,942984.0,2127.0
RICE,2006,certified organic,25,33.71,17.76,1.898,401555.0,11913.0,7692115.0,433193.0
RICE,2007,certified organic,20,11.69,9.08,1.287,201562.0,17238.0,3672179.0,404503.0
RICE,2008,certified organic,28,16.27,5.16,3.153,271024.0,16657.0,2517032.0,488207.0
RICE,2009,certified organic,31,16.12,10.28,1.568,257216.0,15956.0,6532883.0,635736.0
RICE,2010,certified organic,30,6.67,7.58,0.88,140930.0,21137.0,4278691.0,564564.0
Rice,2011,certified organic,33,28.62,6.28,4.557,587121.0,20513.0,2878637.0,458511.0
Rice,2012,certified organic,25,28.95,46.14,0.627,671353.0,23193.0,19602971.0,424848.0
Rice,2013,certified organic,28,22.22,86.34,0.257,558181.0,25125.0,38789135.0,449265.0
Rice,2014,certified organic,32,183.22,136.74,1.34,5614129.0,30642.0,76115166.0,556652.0
Rice,2015,certified organic,39,146.86,138.82,1.058,5757156.0,39201.0,82312758.0,592953.0
Rice,2016,certified organic,35,214.5,16.06,13.356,10803756.0,50366.0,9330229.0,580839.0
Rice,2017,certified organic,38,322.16,109.99,2.929,18420721.0,57178.0,61313469.0,557462.0
Rice,2018,certified organic,35,146.83,30.06,4.885,6322300.0,43059.0,18325754.0,609614.0
Rice,2019,certified organic,37,198.52,90.86,2.185,9109288.0,45887.0,59907403.0,659340.0
Rice,2020,certified organic,36,140.82,64.53,2.182,6020738.0,42756.0,40837733.0,632892.0
Rice,2021,certified organic,30,277.84,183.93,1.511,11117052.0,40012.0,108306311.0,588836.0
Rice,2022,certified organic,27,490.79,585.37,0.838,19869159.0,40484.0,363675394.0,621277.0
Rice,2023,certified organic,33,229.78,173.78,1.322,9610668.0,41826.0,128398374.0,738842.0
Rio Red & Star Ruby,2013,certified organic,2,0.0,23.21,0.0,0.0,21.0,166398.0,7169.0
Rio Red & Star Ruby,2014,certified organic,2,0.0,15.49,0.0,0.0,21.0,134135.0,8658.0
Rio Red & Star Ruby,2015,certified organic,2,0.0,23.48,0.0,0.0,21.0,203980.0,8688.0
Rio Red & Star Ruby,2016,certified organic,2,366.48,19.66,18.641,7696.0,21.0,174572.0,8880.0
Rio Red & Star Ruby,2017,certified organic,2,0.0,17.63,0.0,0.0,21.0,162186.0,9199.0
Ruby Red Grapefruit,2013,certified organic,1,0.0,362.36,0.0,0.0,2.0,26090.0,72.0
Ruby Red Grapefruit,2014,certified organic,1,0.0,442.46,0.0,0.0,2.0,12389.0,28.0
Ruby Red Grapefruit,2015,certified organic,1,0.0,679.96,0.0,0.0,2.0,16319.0,24.0
Ruby Red Grapefruit,2016,certified organic,1,0.0,928.08,0.0,0.0,2.0,22274.0,24.0
Ruby Red Grapefruit,2017,certified organic,1,0.0,820.0,0.0,0.0,2.0,6560.0,8.0
Rye,2025,certified organic,1,0.0,0.0,,0.0,27.0,0.0,187.0
Safflower,2011,certified organic,4,7.14,7.7,0.927,15268.0,2139.0,38024.0,4938.0
Safflower,2012,certified organic,4,4.48,19.29,0.232,4700.0,1050.0,192675.0,9990.0
Safflower,2013,certified organic,5,11.4,6.34,1.798,19899.0,1746.0,58692.0,9255.0
Safflower,2014,certified organic,4,42.76,8.32,5.139,26210.0,613.0,35192.0,4230.0
Safflower,2015,certified organic,3,90.33,6.04,14.955,77861.0,862.0,53709.0,8893.0
Safflower,2016,certified organic,4,19.57,12.23,1.6,20470.0,1046.0,69087.0,5649.0
Safflower,2017,certified organic,5,0.13,5.4,0.024,130.0,972.0,23065.0,4271.0
Safflower,2018,certified organic,6,40.73,7.42,5.489,55593.0,1365.0,83037.0,11196.0
Safflower,2019,certified organic,3,26.46,15.27,1.733,12411.0,469.0,50920.0,3334.0
Safflower,2020,certified organic,10,2.18,7.99,0.273,14139.0,6488.0,121169.0,15157.0
Safflower,2021,certified organic,4,35.48,29.39,1.207,62310.0,1756.0,123586.0,4205.0
Safflower,2022,certified organic,3,50.44,40.65,1.241,82515.0,1636.0,470602.0,11577.0
Safflower,2023,certified organic,2,16.53,5.01,3.299,19821.0,1199.0,13209.0,2635.0
Silage Sorghum,2013,certified organic,4,17.97,15.42,1.165,29601.0,1647.0,256063.0,16611.0
Silage Sorghum,2014,certified organic,4,64.01,7.9,8.103,71302.0,1114.0,161424.0,20446.0
Silage Sorghum,2015,certified organic,5,24.34,15.18,1.603,44986.0,1848.0,252723.0,16649.0
Silage Sorghum,2016,certified organic,3,146.18,6.6,22.148,141648.0,969.0,33370.0,5055.0
Silage Sorghum,2017,certified organic,4,37.75,8.85,4.266,72933.0,1932.0,108118.0,12219.0
Silage Sorghum,2018,certified organic,4,165.35,35.46,4.663,322764.0,1952.0,317804.0,8962.0
Silage Sorghum,2019,certified organic,5,216.55,27.79,7.792,264403.0,1221.0,488019.0,17559.0
Silage Sorghum,2020,certified organic,6,154.73,109.39,1.414,350619.0,2266.0,2468784.0,22569.0
Silage Sorghum,2021,certified organic,4,114.95,23.36,4.921,256558.0,2232.0,741102.0,31732.0
Silage Sorghum,2022,certified organic,4,508.13,108.33,4.691,1309445.0,2577.0,2202400.0,20331.0
Silage Sorghum,2023,certified organic,4,371.22,120.69,3.076,941053.0,2535.0,5100372.0,42259.0
Soybeans,2011,certified organic,310,114.09,19.78,5.768,5136679.0,45023.0,272738988.0,13785301.0
Soybeans,2012,certified organic,307,136.67,30.28,4.514,6543128.0,47877.0,449246518.0,14834191.0
Soybeans,2013,certified organic,316,119.72,23.79,5.032,6569808.0,54875.0,393192471.0,16529055.0
Soybeans,2014,certified organic,309,99.93,24.55,4.07,4740325.0,47438.0,443466492.0,18061933.0
Soybeans,2015,certified organic,340,52.8,10.3,5.126,2898831.0,54898.0,212014642.0,20583245.0
Soybeans,2016,certified organic,363,47.67,3.62,13.169,3035919.0,63687.0,72033251.0,19890037.0
Soybeans,2017,certified organic,389,79.15,7.79,10.16,5681621.0,71781.0,171513458.0,22011305.0
Soybeans,2018,certified organic,401,90.59,17.24,5.255,7203493.0,79515.0,389968436.0,22622717.0
Soybeans,2019,certified organic,425,91.01,20.72,4.392,8544214.0,93886.0,431492330.0,20825478.0
Soybeans,2020,certified organic,425,79.3,13.6,5.831,9497289.0,119770.0,319282445.0,23476520.0
Soybeans,2021,certified organic,470,88.93,17.29,5.143,13753159.0,154652.0,455553734.0,26349670.0
Soybeans,2022,certified organic,513,161.77,29.32,5.517,34833835.0,215324.0,797210687.0,27186739.0
Soybeans,2023,certified organic,480,122.46,28.24,4.336,21474621.0,175365.0,725973909.0,25703314.0
Sugar Beets,2016,certified organic,1,0.0,8.39,0.0,0.0,81.0,185055.0,22044.0
Sugar Beets,2020,certified organic,1,0.0,52.79,0.0,0.0,72.0,1519235.0,28778.0
Sugar Beets,2021,certified organic,1,0.0,4.77,0.0,0.0,6.0,122159.0,25604.0
Sugar Beets,2023,certified organic,2,0.0,5.58,0.0,0.0,149.0,371013.0,66478.0
Sugar Beets,2025,certified organic,1,0.0,5.23,0.0,0.0,85.0,84117.0,16085.0
Sunflowers,2011,certified organic,27,54.58,63.57,0.859,559328.0,10247.0,11594882.0,182394.0
Sunflowers,2012,certified organic,23,55.22,17.48,3.159,591715.0,10715.0,3420668.0,195659.0
Sunflowers,2013,certified organic,20,47.53,58.24,0.816,363135.0,7640.0,6938293.0,119125.0
Sunflowers,2014,certified organic,17,85.6,62.68,1.366,527974.0,6168.0,4948332.0,78946.0
Sunflowers,2015,certified organic,27,29.99,18.04,1.662,264755.0,8827.0,3094584.0,171518.0
Sunflowers,2016,certified organic,26,28.39,12.72,2.232,325460.0,11465.0,1204402.0,94695.0
Sunflowers,2017,certified organic,35,62.38,17.46,3.573,1061051.0,17009.0,2600083.0,148882.0
Sunflowers,2018,certified organic,19,50.03,25.45,1.966,377259.0,7541.0,1973061.0,77516.0
Sunflowers,2019,certified organic,24,52.05,35.78,1.455,471129.0,9052.0,3151153.0,88061.0
Sunflowers,2020,certified organic,31,36.05,20.09,1.794,489209.0,13571.0,2809670.0,139830.0
Sunflowers,2021,certified organic,25,100.97,43.49,2.322,922071.0,9132.0,1721399.0,39582.0
Sunflowers,2022,certified organic,25,117.58,29.48,3.988,1257670.0,10696.0,3619313.0,122769.0
Sunflowers,2023,certified organic,26,184.97,34.44,5.371,2555235.0,13814.0,2654471.0,77076.0
Sweet Corn,2011,certified organic,11,52.5,10.65,4.93,200871.0,3826.0,291566.0,27375.0
Sweet Corn,2012,certified organic,11,24.14,6.67,3.619,124502.0,5157.0,247708.0,37115.0
Sweet Corn,2013,certified organic,11,51.84,24.33,2.131,216126.0,4169.0,888813.0,36535.0
Sweet Corn,2014,certified organic,17,57.16,14.11,4.051,560037.0,9798.0,670911.0,47544.0
Sweet Corn,2015,certified organic,18,69.92,15.49,4.514,643608.0,9205.0,739621.0,47755.0
Sweet Corn,2016,certified organic,17,89.54,16.21,5.524,670270.0,7486.0,916439.0,56543.0
Sweet Corn,2017,certified organic,19,79.2,16.39,4.832,756661.0,9554.0,1483849.0,90509.0
Sweet Corn,2018,certified organic,24,226.85,14.28,15.886,2191379.0,9660.0,1171364.0,82026.0
Sweet Corn,2019,certified organic,29,91.72,27.66,3.316,695878.0,7587.0,2718822.0,98295.0
Sweet Corn,2020,certified organic,32,84.36,32.35,2.608,747665.0,8863.0,4047024.0,125099.0
Sweet Corn,2021,certified organic,28,45.23,40.76,1.11,559393.0,12367.0,4922689.0,120763.0
Sweet Corn,2022,certified organic,28,73.59,28.61,2.572,927998.0,12610.0,2985133.0,104347.0
Sweet Corn,2023,certified organic,19,30.51,32.38,0.942,216539.0,7097.0,2531594.0,78174.0
Sweet Oranges,2012,certified organic,1,0.0,82.36,0.0,0.0,10.0,26767.0,325.0
Sweet Oranges,2013,certified organic,1,0.0,1.64,0.0,0.0,10.0,572.0,348.0
Sweet Oranges,2014,certified organic,1,0.0,69.26,0.0,0.0,1.0,26942.0,389.0
Table Grapes,2011,certified organic,9,219.88,46.39,4.74,584223.0,2657.0,3452950.0,74428.0
Table Grapes,2012,certified organic,6,25.98,25.24,1.029,61805.0,2379.0,1766380.0,69983.0
Table Grapes,2013,certified organic,7,27.01,20.0,1.35,66131.0,2448.0,1478241.0,73919.0
Table Grapes,2014,certified organic,6,43.97,57.16,0.769,106977.0,2433.0,3510881.0,61423.0
Table Grapes,2015,certified organic,7,32.0,121.83,0.263,98695.0,3084.0,7667812.0,62941.0
Table Grapes,2016,certified organic,7,37.57,77.56,0.484,133595.0,3556.0,4676703.0,60295.0
Table Grapes,2017,certified organic,7,48.47,180.4,0.269,186185.0,3841.0,11073200.0,61380.0
Table Grapes,2018,certified organic,7,53.29,188.74,0.282,223670.0,4197.0,10532464.0,55805.0
Table Grapes,2019,certified organic,9,129.12,252.35,0.512,861230.0,6670.0,17335151.0,68696.0
Table Grapes,2020,certified organic,10,236.84,220.93,1.072,1534043.0,6477.0,14076700.0,63717.0
Table Grapes,2021,certified organic,9,70.7,254.72,0.278,448928.0,6350.0,15712630.0,61687.0
Table Grapes,2022,certified organic,9,717.7,433.54,1.655,5031779.0,7011.0,25974939.0,59914.0
Table Grapes,2023,certified organic,9,1974.77,1292.17,1.528,13465951.0,6819.0,70433719.0,54508.0
Table Grapes,2024,certified organic,5,0.0,0.0,,0.0,2864.0,0.0,35625.0
Table Grapes,2025,certified organic,8,0.0,0.0,,0.0,6182.0,0.0,53832.0
Tangelos,2015,certified organic,5,84.37,49.45,1.706,13837.0,164.0,187563.0,3793.0
Tangelos,2016,certified organic,5,299.58,82.53,3.63,55123.0,184.0,311541.0,3775.0
Tangelos,2017,certified organic,5,123.19,20.01,6.156,22543.0,183.0,81276.0,4062.0
Tangelos,2018,certified organic,4,44.07,45.56,0.967,7007.0,159.0,151346.0,3322.0
Tangelos,2019,certified organic,5,643.45,101.7,6.327,90083.0,140.0,340486.0,3348.0
Tangelos,2020,certified organic,4,4.74,22.46,0.211,730.0,154.0,59079.0,2630.0
Tangelos,2021,certified organic,4,260.54,47.56,5.478,62008.0,238.0,114337.0,2404.0
Tangelos,2022,certified organic,4,1367.87,419.35,3.262,233905.0,171.0,959052.0,2287.0
Tangelos,2023,certified organic,3,0.0,127.24,0.0,0.0,141.0,269239.0,2116.0
Tangelos,2024,certified organic,4,0.0,0.0,,0.0,105.0,0.0,2352.0
Tangelos,2025,certified organic,4,0.0,0.0,,0.0,105.0,0.0,2245.0
Tomatoes,2012,certified organic,7,38.6,8.58,4.499,237605.0,6155.0,1336034.0,155659.0
Tomatoes,2013,certified organic,6,136.58,38.16,3.579,882883.0,6464.0,6141395.0,160926.0
Tomatoes,2014,certified organic,7,0.0,15.6,0.0,0.0,7288.0,2698277.0,172934.0
Tomatoes,2015,certified organic,11,49.05,20.64,2.376,404622.0,8249.0,4202897.0,203581.0
Tomatoes,2016,certified organic,14,86.33,32.24,2.678,1158695.0,13421.0,6427744.0,199379.0
Tomatoes,2017,certified organic,11,136.79,28.32,4.83,1286111.0,9402.0,4775557.0,168643.0
Tomatoes,2018,certified organic,9,32.1,14.58,2.202,328271.0,10228.0,2395646.0,164299.0
Tomatoes,2019,certified organic,9,239.95,71.69,3.347,2379098.0,9915.0,11432552.0,159482.0
Tomatoes,2020,certified organic,9,67.17,13.0,5.167,786198.0,11704.0,2100967.0,161568.0
Tomatoes,2021,certified organic,11,277.65,71.2,3.9,3698587.0,13321.0,11342318.0,159292.0
Tomatoes,2022,certified organic,12,307.41,99.66,3.085,3599796.0,11710.0,16512208.0,165680.0
Tomatoes,2023,certified organic,14,122.68,163.12,0.752,1544048.0,12586.0,34395900.0,210863.0
Tomatoes,2025,certified organic,3,0.0,0.0,,0.0,1503.0,0.0,7912.0
Triticale,2018,certified organic,2,0.0,0.0,,0.0,1781.0,0.0,2599.0
Triticale,2019,certified organic,1,197.34,4.78,41.285,182346.0,924.0,311.0,65.0
Triticale,2020,certified organic,1,297.93,0.0,,45285.0,152.0,0.0,868.0
Triticale,2021,certified organic,1,214.99,38.4,5.599,32679.0,152.0,1344.0,35.0
Triticale,2022,certified organic,2,0.0,18.86,0.0,0.0,524.0,45537.0,2414.0
Triticale,2023,certified organic,2,134.38,35.8,3.754,53617.0,399.0,22766.0,636.0
Triticale,2024,certified organic,2,0.0,0.0,,0.0,767.0,0.0,2670.0
Triticale,2025,certified organic,3,0.0,0.0,,0.0,659.0,0.0,904.0
Valencia Oranges,2012,certified organic,7,52.49,40.17,1.307,62358.0,1188.0,1040271.0,25895.0
Valencia Oranges,2013,certified organic,7,105.84,33.27,3.181,131242.0,1240.0,825825.0,24821.0
Valencia Oranges,2014,certified organic,7,223.27,148.96,1.499,221036.0,990.0,3536403.0,23740.0
Walnuts,2011,certified organic,18,4.06,4.86,0.835,6873.0,1693.0,356706.0,73423.0
Walnuts,2012,certified organic,15,0.0,5.69,0.0,0.0,1762.0,283626.0,49832.0
Walnuts,2013,certified organic,16,2.36,14.12,0.167,3935.0,1664.0,908992.0,64397.0
Walnuts,2014,certified organic,18,65.2,6.52,10.0,125062.0,1918.0,441321.0,67669.0
Walnuts,2015,certified organic,18,74.1,8.75,8.469,125001.0,1687.0,672777.0,76848.0
Walnuts,2016,certified organic,18,39.67,16.48,2.407,62004.0,1563.0,1208487.0,73344.0
Walnuts,2017,certified organic,17,16.24,38.29,0.424,32974.0,2030.0,2998201.0,78311.0
Walnuts,2018,certified organic,16,11.62,25.77,0.451,20993.0,1807.0,2065427.0,80163.0
Walnuts,2019,certified organic,19,20.55,29.9,0.687,45446.0,2211.0,2872605.0,96073.0
Walnuts,2020,certified organic,19,12.48,8.93,1.398,33054.0,2649.0,916443.0,102616.0
Walnuts,2021,certified organic,17,64.48,62.15,1.037,161715.0,2508.0,6539128.0,105218.0
Walnuts,2022,certified organic,18,140.24,107.8,1.301,440067.0,3138.0,12743894.0,118218.0
Walnuts,2023,certified organic,18,16.88,38.53,0.438,58883.0,3488.0,5008073.0,129980.0
Walnuts,2024,certified organic,17,0.0,0.0,,0.0,2502.0,0.0,115124.0
Walnuts,2025,certified organic,19,0.0,0.0,,0.0,3718.0,0.0,172636.0
Wheat,2011,certified organic,212,47.75,35.62,1.341,3512138.0,73547.0,184095944.0,5167756.0
Wheat,2012,certified organic,204,41.87,19.16,2.185,2827453.0,67527.0,90200523.0,4708696.0
Wheat,2013,certified organic,204,85.33,50.05,1.705,5727830.0,67123.0,235175710.0,4698592.0
Wheat,2014,certified organic,201,46.75,37.24,1.255,3167532.0,67750.0,166466675.0,4470629.0
Wheat,2015,certified organic,231,26.87,19.3,1.392,1994192.0,74224.0,106135538.0,5498772.0
Wheat,2016,certified organic,284,29.53,12.04,2.453,2644165.0,89530.0,73506522.0,6107257.0
Wheat,2017,certified organic,283,41.2,12.86,3.204,3839001.0,93180.0,71947015.0,5595257.0
Wheat,2018,certified organic,311,67.77,16.98,3.991,8083086.0,119272.0,114810307.0,6761195.0
Wheat,2019,certified organic,331,55.05,24.52,2.245,8920493.0,162045.0,170609384.0,6957484.0
Wheat,2020,certified organic,330,70.25,17.73,3.962,11678454.0,166241.0,126675134.0,7143759.0
Wheat,2021,certified organic,337,125.43,39.2,3.2,20275387.0,161650.0,289415882.0,7382859.0
Wheat,2022,certified organic,366,143.46,52.29,2.744,24300326.0,169388.0,440276966.0,8419647.0
Wheat,2023,certified organic,417,166.14,66.73,2.49,31718564.0,190909.0,615741829.0,9227353.0
Wheat,2024,certified organic,284,0.28,0.31,0.903,32682.0,116368.0,1344636.0,4287404.0
Wheat,2025,certified organic,284,7.69,2.22,3.464,1007114.0,130951.0,9508414.0,4277408.0
All Other Commodities,2011,transitional organic,1,383.57,69.59,5.512,11507.0,30.0,2366.0,34.0
All Other Commodities,2012,transitional organic,4,189.51,33.38,5.677,54201.0,286.0,730561.0,21889.0
All Other Commodities,2013,transitional organic,5,8.89,91.85,0.097,2880.0,324.0,2097742.0,22840.0
All Other Commodities,2014,transitional organic,4,0.0,42.57,0.0,0.0,678.0,557904.0,13106.0
All Other Commodities,2015,transitional organic,7,1.96,104.37,0.019,3334.0,1701.0,3578873.0,34289.0
All Other Commodities,2016,transitional organic,5,5.6,79.5,0.07,8691.0,1551.0,2040146.0,25662.0
All Other Commodities,2017,transitional organic,5,0.42,42.86,0.01,308.0,732.0,1008569.0,23534.0
All Other Commodities,2018,transitional organic,6,331.85,174.69,1.9,270455.0,815.0,5792406.0,33158.0
All Other Commodities,2019,transitional organic,8,223.1,114.54,1.948,153938.0,690.0,4184512.0,36532.0
All Other Commodities,2020,transitional organic,13,9.7,144.4,0.067,21269.0,2193.0,10346314.0,71649.0
All Other Commodities,2021,transitional organic,8,117.31,248.13,0.473,108750.0,927.0,9412605.0,37934.0
All Other Commodities,2022,transitional organic,8,5.68,298.63,0.019,6650.0,1170.0,13068598.0,43762.0
All Other Commodities,2023,transitional organic,8,0.0,117.52,0.0,0.0,850.0,4382433.0,37290.0
All Other Commodities,2024,transitional organic,6,0.0,0.0,,0.0,439.0,0.0,13602.0
All Other Commodities,2025,transitional organic,5,0.0,0.19,0.0,0.0,559.0,4508.0,23546.0
Almonds,2011,transitional organic,3,135.46,5.22,25.95,21809.0,161.0,584278.0,111910.0
Almonds,2012,transitional organic,1,726.85,26.54,27.387,34889.0,48.0,1475790.0,55602.0
Almonds,2014,transitional organic,2,0.0,19.89,0.0,0.0,820.0,3225019.0,162122.0
Almonds,2015,transitional organic,2,0.0,48.84,0.0,0.0,820.0,7986554.0,163525.0
Almonds,2017,transitional organic,4,354.6,42.75,8.295,315236.0,889.0,7127347.0,166728.0
Almonds,2018,transitional organic,5,128.27,88.84,1.444,130190.0,1015.0,20035674.0,225517.0
Almonds,2019,transitional organic,5,0.0,32.88,0.0,0.0,2205.0,9681732.0,294418.0
Almonds,2020,transitional organic,10,8.9,14.53,0.613,29786.0,3346.0,6110492.0,420545.0
Almonds,2021,transitional organic,9,11.03,48.09,0.229,31230.0,2832.0,17515358.0,364186.0
Almonds,2022,transitional organic,9,476.73,463.1,1.029,1228533.0,2577.0,185590417.0,400754.0
Almonds,2023,transitional organic,7,498.16,251.98,1.977,2186418.0,4389.0,108975726.0,432482.0
Almonds,2024,transitional organic,6,0.0,0.0,,0.0,342.0,0.0,332718.0
Almonds,2025,transitional organic,8,0.0,0.0,,0.0,2517.0,0.0,585367.0
Apples,2011,transitional organic,5,118.78,59.92,1.982,59865.0,504.0,3944480.0,65834.0
Apples,2012,transitional organic,7,669.65,141.23,4.742,88394.0,132.0,6465417.0,45778.0
Apples,2013,transitional organic,3,0.0,294.65,0.0,0.0,29.0,4795994.0,16277.0
Apples,2014,transitional organic,7,191.37,63.32,3.022,58559.0,306.0,2280775.0,36019.0
Apples,2015,transitional organic,9,0.0,210.02,0.0,0.0,405.0,15097068.0,71885.0
Apples,2016,transitional organic,10,61.19,66.45,0.921,61562.0,1006.0,6011251.0,90457.0
Apples,2017,transitional organic,13,0.0,95.36,0.0,0.0,2276.0,8744394.0,91700.0
Apples,2018,transitional organic,14,179.87,151.29,1.189,362444.0,2015.0,12135658.0,80213.0
Apples,2019,transitional organic,15,277.44,249.79,1.111,506889.0,1827.0,22308790.0,89309.0
Apples,2020,transitional organic,19,185.79,191.7,0.969,281102.0,1513.0,22364833.0,116663.0
Apples,2021,transitional organic,15,346.58,305.79,1.133,357328.0,1031.0,30529175.0,99837.0
Apples,2022,transitional organic,16,978.36,723.6,1.352,1231760.0,1259.0,67551995.0,93355.0
Apples,2023,transitional organic,15,168.97,193.26,0.874,179111.0,1060.0,21278987.0,110106.0
Apples,2024,transitional organic,16,0.0,0.0,,0.0,1015.0,0.0,100727.0
Apples,2025,transitional organic,15,0.0,0.0,,0.0,816.0,0.0,109684.0
Avocados,2012,transitional organic,4,0.0,44.54,0.0,0.0,134.0,570357.0,12806.0
Avocados,2013,transitional organic,3,0.0,23.59,0.0,0.0,138.0,456836.0,19362.0
Avocados,2014,transitional organic,2,50.36,112.57,0.447,6043.0,120.0,1157659.0,10284.0
Avocados,2015,transitional organic,2,220.65,90.12,2.448,16328.0,74.0,850115.0,9433.0
Avocados,2016,transitional organic,3,3.07,96.6,0.032,742.0,242.0,896895.0,9285.0
Avocados,2017,transitional organic,4,498.18,197.13,2.527,43342.0,87.0,3051738.0,15481.0
Avocados,2018,transitional organic,4,303.5,54.9,5.528,44918.0,148.0,905242.0,16489.0
Avocados,2019,transitional organic,5,93.79,940.14,0.1,24199.0,258.0,18926056.0,20131.0
Avocados,2020,transitional organic,4,0.0,124.2,0.0,0.0,107.0,2323777.0,18710.0
Avocados,2021,transitional organic,3,230.57,469.11,0.492,3228.0,14.0,4731939.0,10087.0
Avocados,2022,transitional organic,3,360.42,450.1,0.801,9371.0,26.0,4711224.0,10467.0
Avocados,2023,transitional organic,3,901.35,1032.05,0.873,33350.0,37.0,10741548.0,10408.0
Avocados,2024,transitional organic,3,0.0,1.28,0.0,0.0,36.0,19472.0,15218.0
Avocados,2025,transitional organic,3,0.0,8.98,0.0,0.0,49.0,137209.0,15276.0
Barley,2011,transitional organic,1,0.0,0.0,,0.0,89.0,0.0,2407.0
Barley,2012,transitional organic,8,56.11,24.01,2.337,40116.0,715.0,4318941.0,179915.0
Barley,2013,transitional organic,4,30.39,87.4,0.348,17598.0,579.0,1261980.0,14439.0
Barley,2014,transitional organic,5,177.44,20.21,8.78,120835.0,681.0,1435546.0,71040.0
Barley,2015,transitional organic,3,0.0,3.75,0.0,0.0,731.0,83836.0,22383.0
Barley,2016,transitional organic,6,4.86,37.21,0.131,4516.0,930.0,1046265.0,28117.0
Barley,2017,transitional organic,8,13.14,21.55,0.61,13340.0,1015.0,120917.0,5612.0
Barley,2018,transitional organic,7,33.96,16.24,2.091,23061.0,679.0,1759060.0,108305.0
Barley,2019,transitional organic,2,50.64,5.97,8.482,15749.0,311.0,18644.0,3125.0
Barley,2020,transitional organic,5,32.22,4.36,7.39,10440.0,324.0,33959.0,7797.0
Barley,2021,transitional organic,4,79.81,19.71,4.049,16520.0,207.0,398804.0,20235.0
Barley,2022,transitional organic,1,0.0,21.47,0.0,0.0,180.0,15950.0,743.0
Barley,2023,transitional organic,3,125.27,12.62,9.926,9646.0,77.0,5740.0,455.0
Blueberries,2011,transitional organic,3,0.0,0.0,,0.0,138.0,0.0,597.0
Blueberries,2012,transitional organic,2,0.0,1838.96,0.0,0.0,116.0,172862.0,94.0
Blueberries,2013,transitional organic,3,0.0,209.39,0.0,0.0,138.0,104278.0,498.0
Blueberries,2014,transitional organic,3,1403.27,0.0,,133311.0,95.0,0.0,476.0
Blueberries,2015,transitional organic,2,0.0,0.0,,0.0,132.0,0.0,307.0
Blueberries,2016,transitional organic,3,0.0,0.0,,0.0,151.0,0.0,1259.0
Blueberries,2017,transitional organic,3,465.04,19.03,24.437,50224.0,108.0,37709.0,1982.0
Blueberries,2018,transitional organic,9,124.49,278.63,0.447,41207.0,331.0,2534135.0,9095.0
Blueberries,2019,transitional organic,10,104.52,464.0,0.225,82992.0,794.0,4656193.0,10035.0
Blueberries,2020,transitional organic,10,8.34,115.6,0.072,7228.0,867.0,1091689.0,9444.0
Blueberries,2021,transitional organic,6,394.44,51.5,7.659,262697.0,666.0,330241.0,6413.0
Blueberries,2022,transitional organic,7,96.0,2329.78,0.041,36767.0,383.0,12140488.0,5211.0
Blueberries,2023,transitional organic,6,380.96,585.78,0.65,163051.0,428.0,2211305.0,3775.0
Blueberries,2024,transitional organic,6,0.0,0.0,,0.0,1047.0,0.0,2180.0
Blueberries,2025,transitional organic,3,0.0,0.0,,0.0,581.0,0.0,1048.0
Buckwheat,2011,transitional organic,1,0.0,1.64,0.0,0.0,457.0,1720.0,1048.0
Buckwheat,2012,transitional organic,1,5.5,53.6,0.103,2497.0,454.0,49582.0,925.0
Buckwheat,2014,transitional organic,1,0.0,20.46,0.0,0.0,160.0,5627.0,275.0
Cherries,2011,transitional organic,2,2272.97,1042.66,2.18,175019.0,77.0,16841104.0,16152.0
Cherries,2012,transitional organic,3,87.17,475.54,0.183,8107.0,93.0,10051002.0,21136.0
Cherries,2013,transitional organic,4,0.0,557.31,0.0,0.0,100.0,16635610.0,29850.0
Cherries,2014,transitional organic,6,1790.95,669.82,2.674,238197.0,133.0,18228554.0,27214.0
Cherries,2015,transitional organic,4,455.15,507.92,0.896,58259.0,128.0,10764315.0,21193.0
Cherries,2016,transitional organic,1,3495.51,1497.66,2.334,178271.0,51.0,20260379.0,13528.0
Cherries,2017,transitional organic,2,0.0,250.79,0.0,0.0,46.0,5404022.0,21548.0
Cherries,2018,transitional organic,6,665.69,372.73,1.786,182399.0,274.0,9260937.0,24846.0
Cherries,2019,transitional organic,5,1925.5,475.34,4.051,413982.0,215.0,9457317.0,19896.0
Cherries,2020,transitional organic,8,1146.66,621.24,1.846,595119.0,519.0,13194467.0,21239.0
Cherries,2021,transitional organic,5,459.34,1104.73,0.416,54202.0,118.0,15845088.0,14343.0
Cherries,2022,transitional organic,6,1297.68,1263.36,1.027,155721.0,120.0,41210852.0,32620.0
Cherries,2023,transitional organic,5,1810.57,3584.44,0.505,114066.0,63.0,79768182.0,22254.0
Cherries,2024,transitional organic,4,0.0,0.0,,0.0,87.0,0.0,20059.0
Cherries,2025,transitional organic,2,0.0,0.0,,0.0,40.0,0.0,9736.0
Corn,2011,transitional organic,84,97.58,25.75,3.79,600623.0,6155.0,122468764.0,4755914.0
Corn,2012,transitional organic,70,143.74,115.63,1.243,612625.0,4262.0,516423239.0,4466206.0
Corn,2013,transitional organic,77,167.83,92.53,1.814,1128846.0,6726.0,590909079.0,6386283.0
Corn,2014,transitional organic,71,60.5,71.72,0.844,410642.0,6787.0,414935167.0,5785870.0
Corn,2015,transitional organic,102,34.73,22.58,1.538,385013.0,11086.0,209239505.0,9267639.0
Corn,2016,transitional organic,159,51.46,6.92,7.436,1266966.0,24620.0,87719489.0,12683813.0
Corn,2017,transitional organic,168,23.49,9.63,2.439,558296.0,23768.0,121284589.0,12592481.0
Corn,2018,transitional organic,169,23.8,15.6,1.526,576563.0,24223.0,181240862.0,11617621.0
Corn,2019,transitional organic,189,56.11,37.09,1.513,1485171.0,26469.0,546564492.0,14737468.0
Corn,2020,transitional organic,166,57.71,21.5,2.684,1735587.0,30073.0,319970031.0,14884521.0
Corn,2021,transitional organic,154,24.28,13.77,1.763,495482.0,20405.0,191794496.0,13928661.0
Corn,2022,transitional organic,127,35.51,26.16,1.357,515617.0,14522.0,322409022.0,12325879.0
Corn,2023,transitional organic,128,56.36,44.24,1.274,965709.0,17136.0,523379385.0,11829479.0
Cotton,2011,transitional organic,4,8.59,297.09,0.029,2207.0,257.0,212029144.0,713683.0
Cotton,2012,transitional organic,4,86.95,123.26,0.705,32605.0,375.0,68075955.0,552312.0
Cotton,2013,transitional organic,8,102.14,152.1,0.672,240750.0,2357.0,207936665.0,1367132.0
Cotton,2014,transitional organic,12,157.5,111.31,1.415,443532.0,2816.0,235586607.0,2116496.0
Cotton,2015,transitional organic,7,90.66,27.51,3.296,98724.0,1089.0,32245385.0,1172006.0
Cotton,2016,transitional organic,7,84.27,39.97,2.108,567322.0,6732.0,38067742.0,952493.0
Cotton,2017,transitional organic,6,261.41,86.61,3.018,575628.0,2202.0,83513540.0,964281.0
Cotton,2018,transitional organic,6,137.81,139.56,0.987,372359.0,2702.0,216959218.0,1554643.0
Cotton,2019,transitional organic,10,130.19,126.94,1.026,393290.0,3021.0,258790621.0,2038609.0
Cotton,2020,transitional organic,8,191.93,179.21,1.071,501524.0,2613.0,314481549.0,1754821.0
Cotton,2021,transitional organic,9,176.69,65.1,2.714,2026406.0,11469.0,129034281.0,1982056.0
Cotton,2022,transitional organic,8,270.06,380.61,0.71,2330075.0,8628.0,663262987.0,1742619.0
Cotton,2023,transitional organic,6,182.35,264.54,0.689,806911.0,4425.0,336481651.0,1271968.0
Cotton Ex Long Staple,2011,transitional organic,1,0.0,11.97,0.0,0.0,16.0,742363.0,62026.0
Cotton Ex Long Staple,2016,transitional organic,1,0.0,27.96,0.0,0.0,200.0,79480.0,2843.0
Cotton Ex Long Staple,2017,transitional organic,1,0.0,115.06,0.0,0.0,188.0,275789.0,2397.0
Cotton Ex Long Staple,2018,transitional organic,1,0.0,45.38,0.0,0.0,207.0,102698.0,2263.0
Cotton Ex Long Staple,2019,transitional organic,1,2.16,2.71,0.797,448.0,207.0,2613.0,964.0
Cotton Ex Long Staple,2020,transitional organic,1,0.0,14.3,0.0,0.0,31.0,5620.0,393.0
Cotton Ex Long Staple,2021,transitional organic,2,269.35,255.37,1.055,225176.0,836.0,1849641.0,7243.0
Cotton Ex Long Staple,2022,transitional organic,1,222.42,468.39,0.475,28914.0,130.0,3368167.0,7191.0
Cultivated Wild Rice,2015,transitional organic,1,0.0,59.19,0.0,0.0,80.0,93872.0,1586.0
Cultivated Wild Rice,2016,transitional organic,1,0.0,8.11,0.0,0.0,76.0,12990.0,1601.0
Cultivated Wild Rice,2017,transitional organic,1,0.0,0.0,,0.0,76.0,0.0,1590.0
Dry Beans,2011,transitional organic,2,0.0,1.3,0.0,0.0,272.0,28902.0,22275.0
Dry Beans,2012,transitional organic,2,22.1,12.9,1.713,9811.0,444.0,388193.0,30101.0
Dry Beans,2013,transitional organic,3,19.35,3.88,4.987,6309.0,326.0,153047.0,39405.0
Dry Beans,2014,transitional organic,5,20.76,22.55,0.921,21943.0,1057.0,1084995.0,48118.0
Dry Beans,2015,transitional organic,10,5.45,23.39,0.233,11632.0,2133.0,1375605.0,58813.0
Dry Beans,2016,transitional organic,11,16.87,12.35,1.366,73874.0,4380.0,898385.0,72728.0
Dry Beans,2017,transitional organic,16,25.45,19.92,1.278,88888.0,3493.0,2076132.0,104249.0
Dry Beans,2018,transitional organic,13,7.4,15.33,0.483,18841.0,2545.0,1750882.0,114240.0
Dry Beans,2019,transitional organic,12,54.25,34.77,1.56,262182.0,4833.0,4029598.0,115892.0
Dry Beans,2020,transitional organic,15,27.77,30.98,0.896,131588.0,4739.0,6796874.0,219415.0
Dry Beans,2021,transitional organic,14,174.75,54.57,3.202,696564.0,3986.0,8553689.0,156752.0
Dry Beans,2022,transitional organic,12,102.87,18.63,5.522,442243.0,4299.0,2227019.0,119525.0
Dry Beans,2023,transitional organic,10,58.34,15.49,3.766,125552.0,2152.0,1656278.0,106916.0
Dry Peas,2015,transitional organic,7,41.96,39.79,1.055,37139.0,885.0,4247309.0,106749.0
Dry Peas,2016,transitional organic,10,1.31,14.35,0.091,3311.0,2532.0,2059347.0,143544.0
Dry Peas,2017,transitional organic,7,48.13,57.93,0.831,113352.0,2355.0,7787364.0,134428.0
Dry Peas,2018,transitional organic,11,13.11,24.65,0.532,24953.0,1904.0,5876066.0,238339.0
Dry Peas,2019,transitional organic,8,3.29,17.58,0.187,9741.0,2959.0,2388354.0,135831.0
Dry Peas,2020,transitional organic,9,4.57,4.83,0.946,14499.0,3173.0,732874.0,151710.0
Dry Peas,2021,transitional organic,6,57.55,111.63,0.516,55192.0,959.0,14861911.0,133134.0
Dry Peas,2022,transitional organic,6,54.77,50.75,1.079,142774.0,2607.0,11510189.0,226786.0
Dry Peas,2023,transitional organic,3,0.48,43.34,0.011,899.0,1873.0,8580749.0,197973.0
Figs,2017,transitional organic,1,0.0,27.77,0.0,0.0,120.0,78429.0,2824.0
Figs,2018,transitional organic,1,0.0,19.16,0.0,0.0,288.0,43798.0,2286.0
Figs,2019,transitional organic,1,0.0,29.47,0.0,0.0,198.0,87750.0,2978.0
Figs,2021,transitional organic,1,0.0,254.24,0.0,0.0,52.0,761948.0,2997.0
Figs,2025,transitional organic,1,0.0,0.0,,0.0,160.0,0.0,2286.0
Flue Cured Tobacco,2015,transitional organic,3,0.0,607.85,0.0,0.0,42.0,658301.0,1083.0
Flue Cured Tobacco,2016,transitional organic,1,0.0,492.27,0.0,0.0,45.0,401689.0,816.0
Forage Production,2011,transitional organic,7,0.0,4.57,0.0,0.0,1106.0,135958.0,29748.0
Forage Production,2012,transitional organic,5,4.5,8.7,0.517,1563.0,347.0,113944.0,13103.0
Forage Production,2013,transitional organic,4,0.0,5.33,0.0,0.0,501.0,80369.0,15091.0
Forage Production,2014,transitional organic,6,0.0,0.31,0.0,0.0,940.0,8568.0,27313.0
Forage Production,2015,transitional organic,5,0.0,31.02,0.0,0.0,1058.0,822250.0,26504.0
Forage Production,2016,transitional organic,7,0.41,3.32,0.123,272.0,659.0,75278.0,22669.0
Forage Production,2017,transitional organic,4,0.0,1.01,0.0,0.0,331.0,4832.0,4782.0
Forage Production,2018,transitional organic,5,14.79,0.68,21.75,2410.0,163.0,9905.0,14624.0
Forage Production,2019,transitional organic,5,14.69,7.0,2.099,65864.0,4484.0,139465.0,19917.0
Forage Production,2020,transitional organic,6,38.96,3.94,9.888,24547.0,630.0,33066.0,8398.0
Forage Production,2021,transitional organic,5,29.66,10.13,2.928,20646.0,696.0,149762.0,14785.0
Forage Production,2022,transitional organic,6,1.31,22.07,0.059,936.0,713.0,208042.0,9428.0
Forage Production,2023,transitional organic,4,0.0,20.58,0.0,0.0,1648.0,135070.0,6562.0
Forage Production,2024,transitional organic,3,0.0,0.0,,0.0,363.0,0.0,3489.0
Forage Production,2025,transitional organic,1,0.0,0.0,,0.0,164.0,0.0,456.0
Forage Seeding,2012,transitional organic,1,0.0,0.0,,0.0,80.0,0.0,1486.0
Forage Seeding,2013,transitional organic,1,0.0,0.0,,0.0,45.0,0.0,488.0
Forage Seeding,2014,transitional organic,1,0.0,0.0,,0.0,75.0,0.0,745.0
Forage Seeding,2016,transitional organic,1,0.0,0.0,,0.0,68.0,0.0,658.0
Forage Seeding,2018,transitional organic,1,0.0,0.0,,0.0,45.0,0.0,627.0
Forage Seeding,2020,transitional organic,1,0.0,6.02,0.0,0.0,151.0,11520.0,1913.0
Fresh Apricots,2011,transitional organic,1,2355.76,0.0,,49471.0,21.0,0.0,13.0
Fresh Apricots,2014,transitional organic,1,0.0,0.0,,0.0,25.0,0.0,439.0
Fresh Apricots,2015,transitional organic,1,0.0,105.0,0.0,0.0,37.0,48299.0,460.0
Fresh Apricots,2016,transitional organic,1,0.0,364.62,0.0,0.0,5.0,152045.0,417.0
Fresh Apricots,2017,transitional organic,2,1346.74,1837.33,0.733,25588.0,19.0,1118933.0,609.0
Fresh Apricots,2018,transitional organic,2,1183.47,1243.35,0.952,50889.0,43.0,427712.0,344.0
Fresh Apricots,2019,transitional organic,1,0.0,0.0,,0.0,19.0,0.0,85.0
Fresh Apricots,2022,transitional organic,1,2125.33,956.51,2.222,12752.0,6.0,323300.0,338.0
Fresh Apricots,2023,transitional organic,1,3243.17,2518.79,1.288,19459.0,6.0,778306.0,309.0
Fresh Freestone Peaches,2011,transitional organic,3,0.0,58.4,0.0,0.0,32.0,215316.0,3687.0
Fresh Freestone Peaches,2012,transitional organic,1,0.0,19.17,0.0,0.0,6.0,14604.0,762.0
Fresh Freestone Peaches,2018,transitional organic,1,0.0,92.39,0.0,0.0,57.0,425744.0,4608.0
Fresh Freestone Peaches,2019,transitional organic,1,0.0,89.17,0.0,0.0,68.0,428474.0,4805.0
Fresh Freestone Peaches,2020,transitional organic,3,0.0,52.24,0.0,0.0,171.0,707655.0,13547.0
Fresh Freestone Peaches,2021,transitional organic,3,96.94,40.3,2.405,17062.0,176.0,577089.0,14319.0
Fresh Freestone Peaches,2022,transitional organic,3,0.0,64.51,0.0,0.0,47.0,887097.0,13752.0
Fresh Freestone Peaches,2023,transitional organic,2,0.0,82.41,0.0,0.0,41.0,601916.0,7304.0
Fresh Freestone Peaches,2025,transitional organic,1,0.0,0.0,,0.0,13.0,0.0,1530.0
Fresh Nectarines,2011,transitional organic,1,0.0,57.18,0.0,0.0,32.0,140206.0,2452.0
Fresh Nectarines,2012,transitional organic,1,0.0,208.62,0.0,0.0,21.0,750409.0,3597.0
Fresh Nectarines,2013,transitional organic,1,0.0,0.0,,0.0,12.0,0.0,2679.0
Fresh Nectarines,2014,transitional organic,1,0.0,0.0,,0.0,12.0,0.0,2206.0
Fresh Nectarines,2017,transitional organic,1,0.0,200.78,0.0,0.0,25.0,843479.0,4201.0
Fresh Nectarines,2018,transitional organic,1,1740.48,192.09,9.061,43512.0,25.0,805435.0,4193.0
Fresh Nectarines,2019,transitional organic,2,316.38,322.61,0.981,15186.0,48.0,2293132.0,7108.0
Fresh Nectarines,2020,transitional organic,3,0.0,158.8,0.0,0.0,91.0,1710127.0,10769.0
Fresh Nectarines,2021,transitional organic,4,0.0,108.4,0.0,0.0,144.0,1114029.0,10277.0
Fresh Nectarines,2022,transitional organic,2,1109.72,235.3,4.716,63254.0,57.0,2057447.0,8744.0
Fresh Nectarines,2023,transitional organic,2,0.0,213.76,0.0,0.0,46.0,1961713.0,9177.0
Grain Sorghum,2011,transitional organic,2,105.8,141.97,0.745,46659.0,441.0,10529360.0,74164.0
Grain Sorghum,2012,transitional organic,2,76.93,180.32,0.427,23847.0,310.0,14948351.0,82898.0
Grain Sorghum,2013,transitional organic,5,29.74,77.2,0.385,31317.0,1053.0,8818363.0,114223.0
Grain Sorghum,2014,transitional organic,8,27.3,33.9,0.805,37926.0,1389.0,2129529.0,62809.0
Grain Sorghum,2015,transitional organic,4,39.02,11.44,3.411,16584.0,425.0,500401.0,43733.0
Grain Sorghum,2016,transitional organic,5,20.56,3.32,6.193,10179.0,495.0,305430.0,91887.0
Grain Sorghum,2017,transitional organic,4,38.23,16.59,2.304,18349.0,480.0,535353.0,32278.0
Grain Sorghum,2018,transitional organic,5,18.57,13.99,1.327,12310.0,663.0,1426545.0,101997.0
Grain Sorghum,2019,transitional organic,9,54.98,8.82,6.234,62841.0,1143.0,897758.0,101824.0
Grain Sorghum,2020,transitional organic,4,38.49,21.76,1.769,25060.0,651.0,2174019.0,99906.0
Grain Sorghum,2021,transitional organic,5,13.44,20.17,0.666,8992.0,669.0,2619500.0,129887.0
Grain Sorghum,2022,transitional organic,2,190.46,203.9,0.934,7428.0,39.0,2929806.0,14369.0
Grain Sorghum,2023,transitional organic,6,59.23,113.95,0.52,28255.0,477.0,7962592.0,69878.0
Grapefruit,2012,transitional organic,1,0.0,8.6,0.0,0.0,6.0,5791.0,673.0
Grapefruit,2013,transitional organic,4,0.0,134.09,0.0,0.0,102.0,315506.0,2353.0
Grapefruit,2014,transitional organic,2,458.23,168.09,2.726,10081.0,22.0,163551.0,973.0
Grapefruit,2015,transitional organic,2,219.53,2.53,86.771,3732.0,17.0,2735.0,1079.0
Grapefruit,2017,transitional organic,2,0.0,31.91,0.0,0.0,81.0,48955.0,1534.0
Grapefruit,2018,transitional organic,1,0.0,5.81,0.0,0.0,5.0,1905.0,328.0
Grapefruit,2019,transitional organic,2,0.0,8.27,0.0,0.0,10.0,13756.0,1664.0
Grapefruit,2020,transitional organic,1,0.0,0.0,,0.0,5.0,0.0,366.0
Grapefruit,2021,transitional organic,2,0.0,3.01,0.0,0.0,10.0,5140.0,1707.0
Grapefruit,2022,transitional organic,2,0.0,148.52,0.0,0.0,31.0,251148.0,1691.0
Grapefruit,2023,transitional organic,3,0.0,92.51,0.0,0.0,47.0,165123.0,1785.0
Grapefruit,2024,transitional organic,3,0.0,0.0,,0.0,47.0,0.0,1987.0
Grapefruit,2025,transitional organic,3,0.0,5.72,0.0,0.0,64.0,14651.0,2563.0
Grapes,2011,transitional organic,6,92.08,31.92,2.885,24124.0,262.0,4930093.0,154472.0
Grapes,2012,transitional organic,3,0.0,25.69,0.0,0.0,296.0,3618982.0,140862.0
Grapes,2013,transitional organic,3,0.0,10.86,0.0,0.0,150.0,1531130.0,140977.0
Grapes,2014,transitional organic,4,236.36,118.72,1.991,60745.0,257.0,15902289.0,133943.0
Grapes,2015,transitional organic,5,241.62,47.35,5.103,74420.0,308.0,8736398.0,184510.0
Grapes,2016,transitional organic,4,0.0,19.91,0.0,0.0,101.0,1936451.0,97274.0
Grapes,2017,transitional organic,5,396.09,139.16,2.846,78425.0,198.0,18725029.0,134560.0
Grapes,2018,transitional organic,8,0.0,40.48,0.0,0.0,772.0,6416537.0,158520.0
Grapes,2019,transitional organic,7,31.01,150.45,0.206,32126.0,1036.0,14830072.0,98572.0
Grapes,2020,transitional organic,5,8.27,157.61,0.052,5767.0,697.0,13319770.0,84513.0
Grapes,2021,transitional organic,12,82.72,108.46,0.763,67005.0,810.0,18674674.0,172174.0
Grapes,2022,transitional organic,11,93.43,182.99,0.511,81654.0,874.0,30290631.0,165534.0
Grapes,2023,transitional organic,7,0.0,185.29,0.0,0.0,565.0,22109380.0,119326.0
Grapes,2024,transitional organic,3,0.0,0.0,,0.0,47.0,0.0,13160.0
Grapes,2025,transitional organic,10,0.0,0.0,,0.0,196.0,0.0,104602.0
Green Peas,2012,transitional organic,1,0.0,0.0,,0.0,110.0,0.0,1564.0
Green Peas,2015,transitional organic,1,126.23,0.0,,8836.0,70.0,0.0,623.0
Green Peas,2023,transitional organic,1,292.93,379.87,0.771,43940.0,150.0,292879.0,771.0
Hybrid Corn Seed,2011,transitional organic,1,107.65,83.76,1.285,7643.0,71.0,590108.0,7045.0
Hybrid Corn Seed,2016,transitional organic,1,0.0,0.0,,0.0,91.0,0.0,571.0
Hybrid Corn Seed,2018,transitional organic,2,0.0,12.26,0.0,0.0,71.0,63503.0,5179.0
Hybrid Corn Seed,2019,transitional organic,1,0.0,12.64,0.0,0.0,71.0,21670.0,1714.0
Hybrid Corn Seed,2020,transitional organic,3,0.0,2.96,0.0,0.0,135.0,10146.0,3431.0
Hybrid Corn Seed,2021,transitional organic,1,0.0,0.0,,0.0,51.0,0.0,302.0
Hybrid Corn Seed,2022,transitional organic,1,0.0,0.0,,0.0,130.0,0.0,342.0
Lemons,2012,transitional organic,2,0.0,32.04,0.0,0.0,18.0,314658.0,9822.0
Lemons,2013,transitional organic,2,0.0,4.45,0.0,0.0,18.0,43222.0,9708.0
Lemons,2014,transitional organic,4,363.32,12.92,28.121,26886.0,74.0,198000.0,15323.0
Lemons,2015,transitional organic,4,95.35,20.07,4.751,36804.0,386.0,309981.0,15448.0
Lemons,2016,transitional organic,2,0.0,10.45,0.0,0.0,71.0,105939.0,10133.0
Lemons,2017,transitional organic,2,0.0,3.95,0.0,0.0,69.0,37715.0,9541.0
Lemons,2018,transitional organic,1,0.0,10.35,0.0,0.0,38.0,79670.0,7698.0
Lemons,2019,transitional organic,4,0.0,17.29,0.0,0.0,195.0,287192.0,16609.0
Lemons,2020,transitional organic,4,0.0,54.15,0.0,0.0,171.0,979882.0,18095.0
Lemons,2021,transitional organic,4,-596.99,58.06,-10.282,-100892.0,169.0,1050852.0,18099.0
Lemons,2022,transitional organic,4,-25.07,120.78,-0.208,-6643.0,265.0,2342998.0,19399.0
Lemons,2023,transitional organic,3,216.96,111.79,1.941,43608.0,201.0,2520371.0,22546.0
Lemons,2024,transitional organic,1,0.0,1.22,0.0,0.0,79.0,11124.0,9089.0
Lemons,2025,transitional organic,2,0.0,0.0,,0.0,82.0,0.0,13550.0
Mandarins,2012,transitional organic,1,61.5,1394.92,0.044,7072.0,115.0,327807.0,235.0
Mandarins,2013,transitional organic,1,940.6,0.0,,108169.0,115.0,0.0,286.0
Mandarins,2014,transitional organic,3,216.91,640.72,0.339,13882.0,64.0,11599547.0,18104.0
Mandarins/Tangerines,2015,transitional organic,2,4027.78,57.32,70.268,221528.0,55.0,1108071.0,19331.0
Mandarins/Tangerines,2016,transitional organic,2,0.0,226.15,0.0,0.0,37.0,4884422.0,21598.0
Mandarins/Tangerines,2017,transitional organic,3,0.0,83.86,0.0,0.0,44.0,2419256.0,28850.0
Mandarins/Tangerines,2018,transitional organic,3,0.0,236.64,0.0,0.0,116.0,4416339.0,18663.0
Mandarins/Tangerines,2019,transitional organic,3,0.0,166.44,0.0,0.0,423.0,4978547.0,29912.0
Mandarins/Tangerines,2020,transitional organic,4,721.64,285.6,2.527,347832.0,482.0,9785934.0,34265.0
Mandarins/Tangerines,2021,transitional organic,5,0.0,72.77,0.0,0.0,507.0,3142198.0,43179.0
Mandarins/Tangerines,2022,transitional organic,4,278.74,1091.34,0.255,152748.0,548.0,46199820.0,42333.0
Mandarins/Tangerines,2023,transitional organic,3,468.09,319.19,1.466,218600.0,467.0,10946242.0,34294.0
Mandarins/Tangerines,2024,transitional organic,2,0.0,9.0,0.0,0.0,533.0,300350.0,33367.0
Mandarins/Tangerines,2025,transitional organic,3,0.0,12.57,0.0,0.0,427.0,616646.0,49052.0
Millet,2011,transitional organic,5,9.61,10.1,0.951,6955.0,724.0,1265296.0,125311.0
Millet,2012,transitional organic,5,28.67,35.5,0.808,39163.0,1366.0,4178137.0,117687.0
Millet,2013,transitional organic,1,1.68,48.7,0.034,1385.0,826.0,1157194.0,23760.0
Millet,2014,transitional organic,1,0.0,2.52,0.0,0.0,546.0,50790.0,20147.0
Millet,2015,transitional organic,2,0.63,3.68,0.171,511.0,816.0,104750.0,28482.0
Millet,2016,transitional organic,3,9.4,13.51,0.696,14822.0,1576.0,307203.0,22744.0
Millet,2017,transitional organic,3,5.62,16.06,0.35,2795.0,497.0,401903.0,25022.0
Millet,2018,transitional organic,3,0.0,8.89,0.0,0.0,696.0,210560.0,23689.0
Millet,2019,transitional organic,2,33.52,2.92,11.479,14414.0,430.0,60424.0,20685.0
Millet,2020,transitional organic,2,2.11,27.99,0.075,575.0,273.0,261352.0,9337.0
Millet,2021,transitional organic,2,7.18,5.67,1.266,4896.0,682.0,190862.0,33669.0
Millet,2022,transitional organic,4,20.78,111.39,0.187,12177.0,586.0,8148951.0,73154.0
Millet,2023,transitional organic,3,0.0,16.26,0.0,0.0,364.0,1155956.0,71092.0
Minneola Tangelos,2012,transitional organic,1,0.0,23.88,0.0,0.0,2.0,38519.0,1613.0
Minneola Tangelos,2013,transitional organic,1,0.0,14.02,0.0,0.0,2.0,24556.0,1751.0
Mustard,2011,transitional organic,1,51.25,26.52,1.933,7944.0,155.0,74525.0,2810.0
Mustard,2019,transitional organic,1,0.93,44.47,0.021,148.0,159.0,503010.0,11312.0
Navel Oranges,2012,transitional organic,4,73.74,25.62,2.878,23154.0,314.0,2141450.0,83600.0
Navel Oranges,2013,transitional organic,4,113.77,24.12,4.717,46192.0,406.0,1839318.0,76266.0
Navel Oranges,2014,transitional organic,3,91.86,248.51,0.37,78544.0,855.0,18965190.0,76316.0
Oats,2011,transitional organic,10,3.65,12.99,0.281,2795.0,766.0,19567.0,1506.0
Oats,2012,transitional organic,10,10.33,0.74,13.959,4082.0,395.0,875.0,1186.0
Oats,2013,transitional organic,9,29.97,21.31,1.406,9110.0,304.0,72379.0,3397.0
Oats,2014,transitional organic,4,0.0,6.62,0.0,0.0,171.0,24285.0,3666.0
Oats,2015,transitional organic,22,12.72,5.02,2.534,26353.0,2071.0,61494.0,12254.0
Oats,2016,transitional organic,16,24.96,39.7,0.629,34942.0,1400.0,618163.0,15571.0
Oats,2017,transitional organic,17,0.71,11.52,0.062,890.0,1246.0,49988.0,4341.0
Oats,2018,transitional organic,15,46.48,10.65,4.364,69261.0,1490.0,92372.0,8671.0
Oats,2019,transitional organic,27,34.68,17.38,1.995,126856.0,3658.0,175485.0,10099.0
Oats,2020,transitional organic,26,3.44,15.53,0.222,13764.0,4000.0,127378.0,8200.0
Oats,2021,transitional organic,9,18.77,11.86,1.583,21755.0,1159.0,14542.0,1226.0
Oats,2022,transitional organic,16,129.29,36.89,3.505,212173.0,1641.0,236251.0,6405.0
Oats,2023,transitional organic,15,-2.62,75.82,-0.035,-4593.0,1756.0,616559.0,8132.0
Onions,2016,transitional organic,1,1718.73,72.74,23.628,96249.0,56.0,122052.0,1678.0
Onions,2021,transitional organic,2,0.0,759.53,0.0,0.0,34.0,4670375.0,6149.0
Onions,2022,transitional organic,1,0.0,378.43,0.0,0.0,16.0,1833517.0,4845.0
Onions,2023,transitional organic,2,171.9,979.26,0.176,14268.0,83.0,6532621.0,6671.0
Onions,2024,transitional organic,2,39.01,63.71,0.612,4876.0,125.0,369592.0,5801.0
Onions,2025,transitional organic,1,0.0,194.63,0.0,0.0,126.0,1191534.0,6122.0
Oranges,2015,transitional organic,3,13.11,65.83,0.199,8785.0,670.0,5715175.0,86813.0
Oranges,2016,transitional organic,2,0.0,37.78,0.0,0.0,147.0,3311793.0,87663.0
Oranges,2017,transitional organic,2,0.0,9.8,0.0,0.0,88.0,842233.0,85973.0
Oranges,2018,transitional organic,2,15.38,34.32,0.448,4213.0,274.0,2895681.0,84374.0
Oranges,2019,transitional organic,2,42.77,70.66,0.605,16808.0,393.0,4342884.0,61463.0
Oranges,2020,transitional organic,2,22.87,36.13,0.633,6907.0,302.0,2996211.0,82919.0
Oranges,2021,transitional organic,3,101.03,48.03,2.103,31217.0,309.0,3090471.0,64344.0
Oranges,2022,transitional organic,4,490.99,168.01,2.922,185103.0,377.0,14049673.0,83622.0
Oranges,2023,transitional organic,7,232.22,63.43,3.661,189258.0,815.0,6625797.0,104464.0
Oranges,2024,transitional organic,5,187.16,12.0,15.597,106121.0,567.0,1142188.0,95208.0
Oranges,2025,transitional organic,3,0.0,4.55,0.0,0.0,298.0,431223.0,94687.0
Peaches,2011,transitional organic,1,0.0,2608.68,0.0,0.0,5.0,777388.0,298.0
Peaches,2023,transitional organic,2,0.0,213.45,0.0,0.0,4.0,319102.0,1495.0
Peaches,2024,transitional organic,2,0.0,0.0,,0.0,8.0,0.0,1014.0
Peaches,2025,transitional organic,1,0.0,0.0,,0.0,2.0,0.0,186.0
Peanuts,2011,transitional organic,1,0.0,28.81,0.0,0.0,120.0,7720.0,268.0
Peanuts,2012,transitional organic,2,0.0,16.38,0.0,0.0,125.0,105026.0,6410.0
Peanuts,2013,transitional organic,3,0.0,54.96,0.0,0.0,213.0,2096674.0,38150.0
Peanuts,2014,transitional organic,3,0.0,125.85,0.0,0.0,450.0,9003025.0,71535.0
Peanuts,2015,transitional organic,5,22.99,135.71,0.169,9151.0,398.0,7262979.0,53519.0
Peanuts,2016,transitional organic,8,148.17,96.32,1.538,255452.0,1724.0,7409217.0,76924.0
Peanuts,2017,transitional organic,11,122.61,60.78,2.017,210636.0,1718.0,5882802.0,96784.0
Peanuts,2018,transitional organic,2,0.0,0.0,,0.0,378.0,0.0,1478.0
Peanuts,2019,transitional organic,5,86.15,128.12,0.672,22141.0,257.0,6330086.0,49409.0
Peanuts,2020,transitional organic,1,251.37,247.12,1.017,36448.0,145.0,748538.0,3029.0
Peanuts,2021,transitional organic,3,395.92,156.15,2.536,117588.0,297.0,846163.0,5419.0
Peanuts,2022,transitional organic,3,462.82,360.82,1.283,438288.0,947.0,11681094.0,32374.0
Peanuts,2023,transitional organic,5,208.4,502.97,0.414,269875.0,1295.0,46249006.0,91951.0
Pears,2011,transitional organic,2,0.0,21.67,0.0,0.0,30.0,69552.0,3209.0
Pears,2012,transitional organic,3,40.82,16.69,2.446,2490.0,61.0,75464.0,4521.0
Pears,2013,transitional organic,2,0.0,0.0,,0.0,69.0,0.0,489.0
Pears,2014,transitional organic,2,0.0,0.0,,0.0,74.0,0.0,1044.0
Pears,2015,transitional organic,3,0.0,112.42,0.0,0.0,67.0,474621.0,4222.0
Pears,2016,transitional organic,4,203.15,29.29,6.936,38193.0,188.0,174731.0,5965.0
Pears,2017,transitional organic,4,689.91,275.01,2.509,110385.0,160.0,1640697.0,5966.0
Pears,2018,transitional organic,5,0.0,40.35,0.0,0.0,341.0,343783.0,8520.0
Pears,2019,transitional organic,6,636.24,356.0,1.787,204232.0,321.0,5510185.0,15478.0
Pears,2020,transitional organic,5,186.97,451.32,0.414,51417.0,275.0,4612907.0,10221.0
Pears,2021,transitional organic,5,314.28,206.78,1.52,71028.0,226.0,2326077.0,11249.0
Pears,2022,transitional organic,6,368.35,161.97,2.274,62987.0,171.0,1801223.0,11121.0
Pears,2023,transitional organic,5,32.52,70.52,0.461,3675.0,113.0,1167292.0,16552.0
Pears,2024,transitional organic,4,0.0,0.0,,0.0,105.0,0.0,9692.0
Pears,2025,transitional organic,6,0.0,0.0,,0.0,146.0,0.0,14256.0
Pecans,2014,transitional organic,1,0.0,0.0,,0.0,95.0,0.0,1877.0
Pecans,2015,transitional organic,1,0.0,0.0,,0.0,95.0,0.0,1974.0
Pecans,2016,transitional organic,1,0.0,0.0,,0.0,95.0,0.0,1314.0
Pecans,2017,transitional organic,1,0.0,0.0,,0.0,95.0,0.0,1218.0
Pecans,2018,transitional organic,1,0.0,0.0,,0.0,95.0,0.0,1135.0
Pecans,2019,transitional organic,1,0.0,0.0,,0.0,95.0,0.0,1343.0
Pecans,2020,transitional organic,1,-382.04,775.88,-0.492,-59599.0,156.0,4334066.0,5586.0
Pecans,2021,transitional organic,1,0.0,48.21,0.0,0.0,156.0,327036.0,6784.0
Pecans,2022,transitional organic,1,0.0,176.88,0.0,0.0,397.0,1834280.0,10370.0
Pecans,2023,transitional organic,1,0.0,113.3,0.0,0.0,397.0,1309787.0,11560.0
Pistachios,2012,transitional organic,1,0.0,0.0,,0.0,92.0,0.0,187.0
Pistachios,2013,transitional organic,1,1852.26,1673.62,1.107,170408.0,92.0,354807.0,212.0
Pistachios,2019,transitional organic,1,0.0,51.32,0.0,0.0,65.0,721506.0,14060.0
Pistachios,2020,transitional organic,2,0.0,357.11,0.0,0.0,546.0,16791958.0,47022.0
Pistachios,2021,transitional organic,1,0.0,25.68,0.0,0.0,1064.0,1011848.0,39399.0
Pistachios,2022,transitional organic,3,791.31,496.61,1.593,1596075.0,2017.0,41448878.0,83464.0
Pistachios,2023,transitional organic,3,0.0,175.04,0.0,0.0,1122.0,3319909.0,18967.0
Pistachios,2024,transitional organic,3,0.0,0.0,,0.0,1054.0,0.0,38993.0
Pistachios,2025,transitional organic,3,0.0,0.0,,0.0,415.0,0.0,85497.0
Plums,2011,transitional organic,2,0.0,0.58,0.0,0.0,44.0,2196.0,3768.0
Plums,2012,transitional organic,1,0.0,109.44,0.0,0.0,30.0,305677.0,2793.0
Plums,2014,transitional organic,1,0.0,47.28,0.0,0.0,4.0,27422.0,580.0
Plums,2021,transitional organic,1,0.0,216.28,0.0,0.0,6.0,14058.0,65.0
Plums,2022,transitional organic,1,0.0,2000.18,0.0,0.0,6.0,130012.0,65.0
Plums,2023,transitional organic,2,0.0,311.27,0.0,0.0,16.0,826435.0,2655.0
Plums,2024,transitional organic,2,0.0,0.0,,0.0,16.0,0.0,1280.0
Plums,2025,transitional organic,1,0.0,0.0,,0.0,6.0,0.0,50.0
Popcorn,2017,transitional organic,2,28.48,6.5,4.382,2563.0,90.0,14306.0,2202.0
Popcorn,2018,transitional organic,2,0.0,0.0,,0.0,227.0,0.0,7091.0
Popcorn,2021,transitional organic,2,0.0,31.65,0.0,0.0,273.0,84857.0,2681.0
Popcorn,2022,transitional organic,3,0.0,0.0,,0.0,255.0,0.0,6009.0
Popcorn,2023,transitional organic,1,0.0,0.0,,0.0,124.0,0.0,690.0
Potatoes,2011,transitional organic,2,0.0,45.31,0.0,0.0,91.0,445866.0,9841.0
Potatoes,2012,transitional organic,1,0.0,6.11,0.0,0.0,23.0,4072.0,666.0
Potatoes,2013,transitional organic,4,384.57,103.34,3.721,104602.0,272.0,3551604.0,34368.0
Potatoes,2014,transitional organic,4,620.77,83.4,7.443,174435.0,281.0,5062623.0,60705.0
Potatoes,2015,transitional organic,1,0.0,11.6,0.0,0.0,37.0,81171.0,7000.0
Potatoes,2017,transitional organic,1,0.0,0.0,,0.0,15.0,0.0,199.0
Potatoes,2020,transitional organic,1,0.0,129.89,0.0,0.0,240.0,1465158.0,11280.0
Potatoes,2021,transitional organic,1,720.32,862.07,0.836,309019.0,429.0,1281038.0,1486.0
Potatoes,2022,transitional organic,1,829.78,295.2,2.811,99574.0,120.0,2739147.0,9279.0
Potatoes,2023,transitional organic,3,883.67,134.96,6.548,234172.0,265.0,1707037.0,12648.0
Processing Apricots,2018,transitional organic,1,206.57,820.22,0.252,1446.0,7.0,1138467.0,1388.0
Processing Beans,2015,transitional organic,1,192.86,101.83,1.894,5400.0,28.0,158650.0,1558.0
Processing Cling Peaches,2011,transitional organic,1,0.0,1.43,0.0,0.0,18.0,612.0,428.0
Processing Cling Peaches,2012,transitional organic,1,0.0,0.0,,0.0,34.0,0.0,460.0
Processing Cling Peaches,2013,transitional organic,1,0.0,15.8,0.0,0.0,32.0,12024.0,761.0
Processing Cling Peaches,2018,transitional organic,1,0.0,308.84,0.0,0.0,65.0,474682.0,1537.0
Processing Cling Peaches,2019,transitional organic,1,0.0,164.25,0.0,0.0,65.0,226836.0,1381.0
Processing Cling Peaches,2020,transitional organic,1,0.0,54.48,0.0,0.0,8.0,77964.0,1431.0
Processing Freestone,2017,transitional organic,1,0.0,334.66,0.0,0.0,12.0,201798.0,603.0
Processing Freestone,2018,transitional organic,1,3983.25,191.33,20.819,47799.0,12.0,112310.0,587.0
Processing Freestone,2019,transitional organic,1,0.0,0.0,,0.0,10.0,0.0,492.0
Prunes,2018,transitional organic,3,457.82,470.84,0.972,157949.0,345.0,8508974.0,18072.0
Prunes,2019,transitional organic,2,184.08,463.34,0.397,32398.0,176.0,3766961.0,8130.0
Prunes,2020,transitional organic,2,0.0,729.65,0.0,0.0,176.0,5274613.0,7229.0
Prunes,2021,transitional organic,1,0.0,11.69,0.0,0.0,182.0,21256.0,1819.0
Prunes,2022,transitional organic,1,373.95,20.21,18.503,62823.0,168.0,36009.0,1782.0
Prunes,2023,transitional organic,1,0.0,0.0,,0.0,142.0,0.0,1462.0
Prunes,2024,transitional organic,1,0.0,0.0,,0.0,142.0,0.0,7381.0
Prunes,2025,transitional organic,1,0.0,0.0,,0.0,11.0,0.0,3949.0
Pumpkins,2016,transitional organic,1,0.0,0.0,,0.0,40.0,0.0,162.0
RICE,2006,transitional organic,5,37.12,34.7,1.07,28732.0,774.0,3591767.0,103507.0
RICE,2007,transitional organic,14,31.87,9.2,3.464,81777.0,2566.0,2056870.0,223458.0
RICE,2008,transitional organic,10,9.95,3.03,3.284,28663.0,2880.0,454928.0,149999.0
RICE,2009,transitional organic,9,16.11,9.99,1.613,52595.0,3264.0,1438206.0,143967.0
RICE,2010,transitional organic,11,48.25,17.54,2.751,121880.0,2526.0,1703035.0,97071.0
Rice,2011,transitional organic,12,50.99,7.76,6.571,100856.0,1978.0,829981.0,106977.0
Rice,2012,transitional organic,4,30.81,5.36,5.748,42080.0,1366.0,621183.0,115881.0
Rice,2013,transitional organic,6,0.0,18.1,0.0,0.0,922.0,2751406.0,152043.0
Rice,2014,transitional organic,10,603.89,125.99,4.793,834581.0,1382.0,50509400.0,400910.0
Rice,2015,transitional organic,7,20.3,90.55,0.224,29144.0,1436.0,21282148.0,235026.0
Rice,2016,transitional organic,17,470.29,18.4,25.559,2877705.0,6119.0,9059733.0,492450.0
Rice,2017,transitional organic,12,320.49,150.74,2.126,1745735.0,5447.0,38048913.0,252418.0
Rice,2018,transitional organic,16,154.36,47.27,3.265,1148435.0,7440.0,12952944.0,274031.0
Rice,2019,transitional organic,16,272.5,206.27,1.321,1861983.0,6833.0,23465165.0,113758.0
Rice,2020,transitional organic,12,273.56,162.52,1.683,1315816.0,4810.0,28964660.0,178225.0
Rice,2021,transitional organic,10,240.92,205.57,1.172,1021277.0,4239.0,19026447.0,92556.0
Rice,2022,transitional organic,9,258.43,181.15,1.427,996524.0,3856.0,29048037.0,160355.0
Rice,2023,transitional organic,10,195.09,243.62,0.801,625862.0,3208.0,53664748.0,220280.0
Safflower,2013,transitional organic,2,0.0,2.89,0.0,0.0,466.0,5913.0,2043.0
Silage Sorghum,2013,transitional organic,2,65.67,28.51,2.303,42029.0,640.0,196402.0,6888.0
Silage Sorghum,2014,transitional organic,2,35.83,20.09,1.783,23395.0,653.0,161424.0,8037.0
Silage Sorghum,2016,transitional organic,1,66.47,6.31,10.534,21337.0,321.0,26514.0,4202.0
Silage Sorghum,2017,transitional organic,1,0.0,64.9,0.0,0.0,60.0,97478.0,1502.0
Silage Sorghum,2019,transitional organic,1,92.36,1.3,71.046,12931.0,140.0,5726.0,4407.0
Soybeans,2011,transitional organic,42,52.92,17.61,3.005,170075.0,3214.0,40581054.0,2303789.0
Soybeans,2012,transitional organic,37,64.74,32.5,1.992,161409.0,2493.0,71029704.0,2185720.0
Soybeans,2013,transitional organic,33,45.83,13.14,3.488,86440.0,1886.0,19156925.0,1458376.0
Soybeans,2014,transitional organic,39,27.43,24.88,1.102,88710.0,3234.0,67111501.0,2697653.0
Soybeans,2015,transitional organic,56,13.94,12.48,1.117,75817.0,5439.0,40682274.0,3259219.0
Soybeans,2016,transitional organic,95,10.66,3.58,2.978,129485.0,12151.0,22991400.0,6430101.0
Soybeans,2017,transitional organic,104,12.27,7.28,1.685,149672.0,12198.0,49309963.0,6768934.0
Soybeans,2018,transitional organic,99,38.6,16.1,2.398,509292.0,13195.0,107043145.0,6650143.0
Soybeans,2019,transitional organic,86,20.9,16.15,1.294,213736.0,10227.0,87187905.0,5397612.0
Soybeans,2020,transitional organic,96,15.79,10.49,1.505,229858.0,14554.0,75448053.0,7191220.0
Soybeans,2021,transitional organic,85,40.3,10.77,3.742,511222.0,12685.0,62479735.0,5803304.0
Soybeans,2022,transitional organic,79,67.87,27.8,2.441,650940.0,9591.0,169419135.0,6093741.0
Soybeans,2023,transitional organic,63,38.45,19.16,2.007,313045.0,8142.0,91910129.0,4796489.0
Sugar Beets,2018,transitional organic,1,0.0,0.0,,0.0,88.0,0.0,1207.0
Sunflowers,2011,transitional organic,4,0.0,56.88,0.0,0.0,708.0,1287679.0,22637.0
Sunflowers,2012,transitional organic,2,15.48,36.83,0.42,12786.0,826.0,203339.0,5521.0
Sunflowers,2013,transitional organic,1,0.0,0.0,,0.0,55.0,0.0,146.0
Sunflowers,2014,transitional organic,2,113.52,58.12,1.953,7833.0,69.0,103626.0,1783.0
Sunflowers,2015,transitional organic,4,0.0,12.11,0.0,0.0,277.0,1117875.0,92321.0
Sunflowers,2016,transitional organic,5,0.0,10.04,0.0,0.0,1215.0,1071649.0,106750.0
Sunflowers,2017,transitional organic,2,22.03,43.52,0.506,41005.0,1861.0,96710.0,2222.0
Sunflowers,2019,transitional organic,1,0.0,7.82,0.0,0.0,140.0,18288.0,2339.0
Sunflowers,2020,transitional organic,1,75.61,42.15,1.794,16559.0,219.0,51379.0,1219.0
Sunflowers,2021,transitional organic,1,183.43,0.0,,11556.0,63.0,0.0,182.0
Sunflowers,2022,transitional organic,1,0.0,84.31,0.0,0.0,58.0,1210456.0,14357.0
Sunflowers,2023,transitional organic,2,156.99,178.02,0.882,33753.0,215.0,524105.0,2944.0
Sweet Corn,2013,transitional organic,1,0.0,30.93,0.0,0.0,64.0,203951.0,6594.0
Sweet Corn,2017,transitional organic,2,0.0,0.0,,0.0,484.0,0.0,2979.0
Sweet Corn,2018,transitional organic,1,126.08,23.92,5.271,5043.0,40.0,149256.0,6240.0
Sweet Corn,2019,transitional organic,1,-55.28,56.78,-0.974,-2156.0,39.0,338991.0,5970.0
Table Grapes,2014,transitional organic,1,0.0,1.1,0.0,0.0,1199.0,33310.0,30275.0
Table Grapes,2015,transitional organic,3,0.0,132.81,0.0,0.0,809.0,6638091.0,49982.0
Table Grapes,2016,transitional organic,2,0.0,1.39,0.0,0.0,547.0,56243.0,40528.0
Table Grapes,2017,transitional organic,5,0.0,84.26,0.0,0.0,1048.0,4548842.0,53987.0
Table Grapes,2018,transitional organic,6,0.0,44.18,0.0,0.0,1440.0,2125816.0,48115.0
Table Grapes,2019,transitional organic,4,1307.05,168.38,7.763,678359.0,519.0,8514954.0,50569.0
Table Grapes,2020,transitional organic,4,4.25,154.6,0.027,3334.0,785.0,6940239.0,44892.0
Table Grapes,2021,transitional organic,4,216.52,252.67,0.857,226908.0,1048.0,13517738.0,53499.0
Table Grapes,2022,transitional organic,4,319.35,466.24,0.685,220990.0,692.0,24182052.0,51866.0
Table Grapes,2023,transitional organic,2,1103.5,2166.34,0.509,273668.0,248.0,65640034.0,30300.0
Table Grapes,2024,transitional organic,1,0.0,0.0,,0.0,257.0,0.0,13881.0
Table Grapes,2025,transitional organic,3,0.0,0.0,,0.0,426.0,0.0,38332.0
Tomatoes,2013,transitional organic,1,0.0,17.88,0.0,0.0,441.0,540561.0,30229.0
Tomatoes,2015,transitional organic,1,1260.27,13.48,93.492,432272.0,343.0,954281.0,70794.0
Tomatoes,2016,transitional organic,1,322.28,48.84,6.599,418968.0,1300.0,3090036.0,63274.0
Tomatoes,2018,transitional organic,1,0.0,2.9,0.0,0.0,93.0,59516.0,20540.0
Tomatoes,2019,transitional organic,1,0.0,0.0,,0.0,120.0,0.0,8844.0
Tomatoes,2020,transitional organic,1,0.0,18.45,0.0,0.0,165.0,974676.0,52830.0
Valencia Oranges,2012,transitional organic,5,188.4,75.56,2.493,29013.0,154.0,1453084.0,19230.0
Valencia Oranges,2013,transitional organic,5,40.68,75.66,0.538,4637.0,114.0,1708495.0,22582.0
Valencia Oranges,2014,transitional organic,3,0.0,177.25,0.0,0.0,220.0,3173293.0,17903.0
Walnuts,2011,transitional organic,1,0.0,12.22,0.0,0.0,9.0,78733.0,6442.0
Walnuts,2012,transitional organic,1,0.0,26.67,0.0,0.0,31.0,25954.0,973.0
Walnuts,2013,transitional organic,1,0.0,94.35,0.0,0.0,31.0,29627.0,314.0
Walnuts,2015,transitional organic,1,0.0,8.38,0.0,0.0,5.0,54871.0,6546.0
Walnuts,2016,transitional organic,4,0.0,16.63,0.0,0.0,412.0,289822.0,17430.0
Walnuts,2017,transitional organic,8,0.0,56.8,0.0,0.0,507.0,2102969.0,37024.0
Walnuts,2018,transitional organic,7,15.75,24.32,0.648,5921.0,376.0,630989.0,25940.0
Walnuts,2019,transitional organic,9,4.59,27.66,0.166,2853.0,622.0,1291759.0,46693.0
Walnuts,2020,transitional organic,7,0.0,6.17,0.0,0.0,719.0,371629.0,60267.0
Walnuts,2021,transitional organic,8,193.85,63.71,3.043,142871.0,737.0,5405454.0,84842.0
Walnuts,2022,transitional organic,7,0.0,79.92,0.0,0.0,772.0,5502288.0,68845.0
Walnuts,2023,transitional organic,3,0.0,32.83,0.0,0.0,418.0,585386.0,17829.0
Walnuts,2024,transitional organic,1,0.0,0.0,,0.0,63.0,0.0,2453.0
Walnuts,2025,transitional organic,7,0.0,0.0,,0.0,640.0,0.0,95306.0
Wheat,2011,transitional organic,28,123.52,41.21,2.997,433551.0,3510.0,32926387.0,798939.0
Wheat,2012,transitional organic,22,88.71,58.56,1.515,296659.0,3344.0,25704567.0,438944.0
Wheat,2013,transitional organic,20,58.84,93.8,0.627,114977.0,1954.0,60815633.0,648341.0
Wheat,2014,transitional organic,24,37.04,35.65,1.039,105898.0,2859.0,20703864.0,580677.0
Wheat,2015,transitional organic,23,13.68,16.7,0.819,71576.0,5232.0,21804338.0,1305697.0
Wheat,2016,transitional organic,59,18.15,16.07,1.129,167031.0,9202.0,22925762.0,1426732.0
Wheat,2017,transitional organic,63,7.04,16.92,0.416,68418.0,9717.0,26300253.0,1554449.0
Wheat,2018,transitional organic,52,12.07,19.54,0.618,75580.0,6261.0,27275026.0,1395547.0
Wheat,2019,transitional organic,51,15.54,21.95,0.708,97984.0,6305.0,33671766.0,1534146.0
Wheat,2020,transitional organic,73,15.63,9.79,1.597,159307.0,10193.0,13932496.0,1423077.0
Wheat,2021,transitional organic,65,17.6,29.2,0.603,231429.0,13150.0,33673587.0,1153353.0
Wheat,2022,transitional organic,53,15.4,40.07,0.384,113865.0,7396.0,54945261.0,1371392.0
Wheat,2023,transitional organic,52,44.13,88.89,0.496,283877.0,6433.0,87532564.0,984784.0
Wheat,2024,transitional organic,44,0.0,0.14,0.0,0.0,6734.0,148049.0,1057409.0
Wheat,2025,transitional organic,32,0.0,0.65,0.0,0.0,10668.0,352564.0,545860.0
