year,ers_region,crop,cov_level,group,indemnity,liability,loss_cost,cert,trans
2018,Fruitful Rim,Wheat,0.5,conventional,110963.0,13320724.0,0.00833010277819734,0,0
2018,Fruitful Rim,Wheat,0.6,conventional,73755.0,2591752.0,0.02845758390463285,0,0
2018,Fruitful Rim,Wheat,0.75,conventional,478507.0,37171520.0,0.01287294681519615,0,0
2018,Fruitful Rim,Wheat,0.8,conventional,2931548.0,83014054.0,0.03531387588901513,0,0
2018,Fruitful Rim,Wheat,0.8,certified,304446.0,1437764.0,0.21174963345862047,1,0
2018,Fruitful Rim,Wheat,0.85,conventional,1733040.0,39698021.0,0.043655576684792426,0,0
2018,Mississippi Portal,Wheat,0.5,conventional,0.0,94876.0,0.0,0,0
2018,Mississippi Portal,Wheat,0.65,conventional,17304.0,240631.0,0.07191093416891423,0,0
2018,Mississippi Portal,Wheat,0.7,conventional,80902.0,589784.0,0.13717225289258442,0,0
2018,Mississippi Portal,Wheat,0.8,certified,7799.0,318314.0,0.02450096445648008,1,0
2018,Mississippi Portal,Corn,0.5,conventional,327232.0,8224627.0,0.039786849908208605,0,0
2018,Mississippi Portal,Corn,0.55,conventional,21157.0,313931.0,0.06739379035520544,0,0
2018,Mississippi Portal,Corn,0.6,conventional,54771.0,1903508.0,0.028773716737728446,0,0
2018,Mississippi Portal,Corn,0.65,conventional,61539.0,3802300.0,0.016184677695079294,0,0
2018,Mississippi Portal,Corn,0.7,conventional,584851.0,11302189.0,0.051746701457567205,0,0
2018,Mississippi Portal,Corn,0.75,conventional,2326769.0,17393963.0,0.133768767934024,0,0
2018,Mississippi Portal,Corn,0.8,conventional,1812030.0,17369701.0,0.1043213121515448,0,0
2018,Mississippi Portal,Corn,0.85,conventional,984395.0,3021125.0,0.325837229508875,0,0
2018,Mississippi Portal,Corn,0.85,certified,110856.0,1025808.0,0.10806700669131065,1,0
2018,Mississippi Portal,Corn,0.5,certified,1738.0,492395.0,0.003529686532154063,1,0
2018,Mississippi Portal,Wheat,0.75,conventional,355637.0,1748025.0,0.20345075156247766,0,0
2018,Eastern Uplands,Corn,0.7,conventional,327360.0,6358527.0,0.051483621914320724,0,0
2018,Eastern Uplands,Corn,0.75,conventional,1069388.0,24443013.0,0.043750252884126845,0,0
2018,Eastern Uplands,Corn,0.75,certified,96954.0,218756.0,0.44320612920331326,1,0
2018,Mississippi Portal,Corn,0.7,certified,408624.0,490424.0,0.8332055527461951,1,0
2018,Fruitful Rim,Corn,0.5,conventional,2982.0,25647964.0,0.0001162665387396832,0,0
2018,Fruitful Rim,Corn,0.55,certified,0.0,82166.0,0.0,1,0
2018,Fruitful Rim,Corn,0.75,conventional,62913.0,4852017.0,0.012966360175572345,0,0
2018,Fruitful Rim,Corn,0.85,conventional,321844.0,1651066.0,0.19493103243601406,0,0
2018,Fruitful Rim,Wheat,0.65,conventional,45510.0,2515990.0,0.018088307187230476,0,0
2018,Fruitful Rim,Wheat,0.7,conventional,149574.0,7860304.0,0.01902903500933297,0,0
2018,Fruitful Rim,Wheat,0.7,certified,2061.0,240384.0,0.00857378194888179,1,0
2018,Fruitful Rim,Corn,0.65,conventional,77414.0,3014971.0,0.025676532212084296,0,0
2018,Fruitful Rim,Corn,0.75,transitional,0.0,5173.0,0.0,0,1
2018,Fruitful Rim,Corn,0.5,certified,18457.0,1717448.0,0.010746759144963923,1,0
2018,Fruitful Rim,Wheat,0.65,certified,1625.0,1003829.0,0.0016188016086405154,1,0
2018,Fruitful Rim,Corn,0.55,conventional,0.0,256801.0,0.0,0,0
2018,Basin and Range,Wheat,0.5,conventional,98531.0,371844.0,0.2649793999634255,0,0
2018,Basin and Range,Wheat,0.75,conventional,1104951.0,8563482.0,0.1290305742453829,0,0
2018,Basin and Range,Wheat,0.75,certified,1148053.0,3343027.0,0.3434172084162048,1,0
2018,Basin and Range,Wheat,0.75,transitional,0.0,37171.0,0.0,0,1
2018,Basin and Range,Wheat,0.8,conventional,328404.0,19627956.0,0.01673144162336618,0,0
2018,Basin and Range,Wheat,0.8,certified,1923731.0,4084019.0,0.47103869986892816,1,0
2018,Basin and Range,Wheat,0.8,transitional,0.0,26256.0,0.0,0,1
2018,Fruitful Rim,Wheat,0.5,certified,0.0,1490135.0,0.0,1,0
2018,Fruitful Rim,Wheat,0.75,certified,335353.0,1770472.0,0.18941446122841818,1,0
2018,Fruitful Rim,Corn,0.65,certified,0.0,93173.0,0.0,1,0
2018,Fruitful Rim,Corn,0.6,conventional,4079.0,536926.0,0.0075969500452576335,0,0
2018,Fruitful Rim,Wheat,0.6,certified,2850.0,26842.0,0.10617688696818418,1,0
2018,Prairie Gateway,Corn,0.6,conventional,1250429.0,55894518.0,0.022371227890363058,0,0
2018,Prairie Gateway,Corn,0.65,conventional,4983327.0,132461315.0,0.03762099900638915,0,0
2018,Prairie Gateway,Corn,0.7,conventional,20510625.0,611662579.0,0.033532581040894446,0,0
2018,Prairie Gateway,Corn,0.75,conventional,36703249.0,858721375.0,0.0427417437932065,0,0
2018,Prairie Gateway,Corn,0.75,certified,2299899.0,18741605.0,0.12271622414409011,1,0
2018,Prairie Gateway,Corn,0.5,conventional,253482.0,35645198.0,0.007111252404882138,0,0
2018,Prairie Gateway,Corn,0.7,certified,2084827.0,9440338.0,0.2208424105153862,1,0
2018,Basin and Range,Wheat,0.7,conventional,577312.0,2637064.0,0.21892225596345027,0,0
2018,Basin and Range,Wheat,0.7,certified,225150.0,764387.0,0.29454975032280767,1,0
2018,Prairie Gateway,Corn,0.55,conventional,303141.0,5027271.0,0.060299315473544196,0,0
2018,Prairie Gateway,Corn,0.8,conventional,21649669.0,421977028.0,0.051305326033056,0,0
2018,Prairie Gateway,Wheat,0.65,conventional,8627877.0,30889672.0,0.2793126777131204,0,0
2018,Prairie Gateway,Wheat,0.7,conventional,36262353.0,156276579.0,0.23203958796666518,0,0
2018,Prairie Gateway,Wheat,0.75,certified,165226.0,1398006.0,0.1181869033466237,1,0
2018,Prairie Gateway,Corn,0.8,certified,1007109.0,9017065.0,0.11168922481982774,1,0
2018,Basin and Range,Wheat,0.55,conventional,118350.0,189511.0,0.6245020077990195,0,0
2018,Basin and Range,Wheat,0.6,conventional,22451.0,561348.0,0.039994798235675554,0,0
2018,Basin and Range,Wheat,0.6,certified,10358.0,32352.0,0.32016567754698316,1,0
2018,Basin and Range,Wheat,0.65,conventional,333656.0,1102839.0,0.30254280089840857,0,0
2018,Basin and Range,Wheat,0.65,certified,367962.0,612449.0,0.6008043118692332,1,0
2018,Basin and Range,Wheat,0.5,certified,117320.0,699609.0,0.1676936688921955,1,0
2018,Prairie Gateway,Wheat,0.5,conventional,2030535.0,7242882.0,0.280349037855373,0,0
2018,Prairie Gateway,Wheat,0.55,conventional,601750.0,1731088.0,0.3476137550488479,0,0
2018,Prairie Gateway,Wheat,0.6,conventional,3943638.0,12798785.0,0.3081259666444901,0,0
2018,Prairie Gateway,Wheat,0.7,certified,453487.0,5341837.0,0.08489345519153804,1,0
2018,Prairie Gateway,Wheat,0.7,transitional,3102.0,141113.0,0.02198238291298463,0,1
2018,Prairie Gateway,Wheat,0.75,conventional,25656659.0,122911296.0,0.2087412616656487,0,0
2018,Prairie Gateway,Wheat,0.8,conventional,4813577.0,32092549.0,0.14999048533041112,0,0
2018,Prairie Gateway,Corn,0.75,transitional,28128.0,705143.0,0.03988978122168128,0,1
2018,Prairie Gateway,Soybeans,0.65,conventional,881007.0,27163054.0,0.03243401864900758,0,0
2018,Prairie Gateway,Soybeans,0.7,conventional,4436967.0,131292487.0,0.033794523215939995,0,0
2018,Prairie Gateway,Soybeans,0.7,certified,122611.0,262961.0,0.4662706637105883,1,0
2018,Prairie Gateway,Soybeans,0.75,conventional,7413299.0,235854106.0,0.03143171482458736,0,0
2018,Northern Great Plains,Wheat,0.65,conventional,1248969.0,45383045.0,0.027520608191891928,0,0
2018,Northern Great Plains,Wheat,0.7,conventional,6923417.0,238126219.0,0.029074568222997737,0,0
2018,Northern Great Plains,Wheat,0.75,conventional,9694654.0,331374595.0,0.029255875816309937,0,0
2018,Northern Great Plains,Wheat,0.8,certified,153167.0,405625.0,0.3776073959938367,1,0
2018,Northern Great Plains,Corn,0.5,conventional,216178.0,16213907.0,0.013332875290329468,0,0
2018,Northern Great Plains,Corn,0.6,conventional,879431.0,24286013.0,0.036211419305424895,0,0
2018,Northern Great Plains,Corn,0.65,conventional,2592436.0,79396288.0,0.03265185395065321,0,0
2018,Northern Great Plains,Corn,0.65,certified,77081.0,391696.0,0.1967878150402353,1,0
2018,Northern Great Plains,Corn,0.7,conventional,13767167.0,366018379.0,0.03761332159771135,0,0
2018,Northern Great Plains,Corn,0.7,certified,338753.0,7511814.0,0.045096031398008524,1,0
2018,Northern Great Plains,Corn,0.75,certified,979355.0,4317019.0,0.2268590895708358,1,0
2018,Northern Great Plains,Corn,0.85,conventional,1642646.0,8938737.0,0.18376712504238574,0,0
2018,Basin and Range,Wheat,0.65,transitional,0.0,2336.0,0.0,0,1
2018,Basin and Range,Corn,0.5,conventional,17013.0,3225221.0,0.0052749873574555045,0,0
2018,Basin and Range,Corn,0.6,conventional,4289.0,338964.0,0.012653261113274566,0,0
2018,Basin and Range,Corn,0.65,conventional,0.0,196583.0,0.0,0,0
2018,Basin and Range,Corn,0.7,conventional,116121.0,1335682.0,0.08693760940104006,0,0
2018,Basin and Range,Corn,0.75,conventional,66370.0,328165.0,0.20224582146176467,0,0
2018,Basin and Range,Corn,0.75,certified,17097.0,108018.0,0.15827917569294006,1,0
2018,Northern Great Plains,Corn,0.75,conventional,42861345.0,841337390.0,0.05094430071626794,0,0
2018,Northern Great Plains,Corn,0.8,conventional,12993548.0,155974718.0,0.08330547518604907,0,0
2018,Prairie Gateway,Corn,0.6,certified,409101.0,6700637.0,0.06105404605562128,1,0
2018,Prairie Gateway,Corn,0.85,conventional,8426005.0,109100023.0,0.0772319268896946,0,0
2018,Northern Great Plains,Wheat,0.5,conventional,126540.0,8586130.0,0.014737722349882892,0,0
2018,Northern Great Plains,Wheat,0.55,conventional,11768.0,595956.0,0.019746424232661472,0,0
2018,Northern Great Plains,Wheat,0.6,conventional,335573.0,9026724.0,0.03717550243033907,0,0
2018,Northern Great Plains,Wheat,0.6,certified,0.0,293053.0,0.0,1,0
2018,Northern Great Plains,Wheat,0.7,certified,235945.0,699060.0,0.3375175235315996,1,0
2018,Northern Great Plains,Wheat,0.7,transitional,0.0,8824.0,0.0,0,1
2018,Northern Great Plains,Wheat,0.75,certified,304217.0,1800010.0,0.16900850550830274,1,0
2018,Northern Great Plains,Wheat,0.8,conventional,2557272.0,42587845.0,0.06004699228148313,0,0
2018,Northern Great Plains,Wheat,0.85,conventional,211093.0,1356502.0,0.15561569389503296,0,0
2018,Northern Great Plains,Corn,0.8,certified,168815.0,1726992.0,0.09775088709154414,1,0
2018,Northern Great Plains,Corn,0.5,certified,0.0,343589.0,0.0,1,0
2018,Northern Great Plains,Corn,0.7,transitional,3322.0,145027.0,0.02290607955759962,0,1
2018,Prairie Gateway,Corn,0.65,certified,193450.0,1199645.0,0.16125603824464738,1,0
2018,Prairie Gateway,Soybeans,0.5,conventional,7694.0,2829430.0,0.0027192756138162103,0,0
2018,Prairie Gateway,Soybeans,0.7,transitional,32658.0,32658.0,1.0,0,1
2018,Prairie Gateway,Soybeans,0.8,conventional,4463460.0,127414892.0,0.0350309130270267,0,0
2018,Southern Seaboard,Corn,0.5,conventional,331570.0,8535457.0,0.03884619183249356,0,0
2018,Southern Seaboard,Corn,0.6,conventional,143443.0,5993680.0,0.023932375435458682,0,0
2018,Southern Seaboard,Corn,0.65,conventional,625186.0,8160745.0,0.076608937051703,0,0
2018,Southern Seaboard,Corn,0.7,conventional,3093460.0,30155557.0,0.10258341439357263,0,0
2018,Southern Seaboard,Corn,0.7,certified,251566.0,1110232.0,0.2265886769612117,1,0
2018,Southern Seaboard,Corn,0.75,conventional,4752918.0,49370748.0,0.09626992080411664,0,0
2018,Southern Seaboard,Corn,0.55,conventional,92882.0,1549232.0,0.05995357699815134,0,0
2018,Southern Seaboard,Corn,0.75,certified,262480.0,1377621.0,0.1905313580440484,1,0
2018,Southern Seaboard,Corn,0.8,conventional,2530995.0,32872031.0,0.07699539465632653,0,0
2018,Southern Seaboard,Corn,0.85,conventional,94558.0,3428655.0,0.02757874443477107,0,0
2018,Fruitful Rim,Corn,0.7,conventional,6431.0,2603538.0,0.002470100301973699,0,0
2018,Fruitful Rim,Corn,0.8,conventional,46665.0,2053450.0,0.02272516983612944,0,0
2018,Fruitful Rim,Corn,0.8,certified,193084.0,1712367.0,0.11275853832735623,1,0
2018,Fruitful Rim,Soybeans,0.55,conventional,0.0,75979.0,0.0,0,0
2018,Fruitful Rim,Soybeans,0.8,certified,0.0,41436.0,0.0,1,0
2018,Southern Seaboard,Wheat,0.75,conventional,467370.0,3071226.0,0.15217701334906647,0,0
2018,Southern Seaboard,Wheat,0.75,certified,133582.0,501974.0,0.2661133843585524,1,0
2018,Southern Seaboard,Wheat,0.6,conventional,56511.0,423156.0,0.1335464934917619,0,0
2018,Southern Seaboard,Wheat,0.6,certified,5535.0,108578.0,0.050977177697139386,1,0
2018,Southern Seaboard,Wheat,0.7,conventional,568546.0,3203155.0,0.17749562540682545,0,0
2018,Southern Seaboard,Soybeans,0.6,conventional,464244.0,6064685.0,0.07654874078373403,0,0
2018,Southern Seaboard,Soybeans,0.65,conventional,2254431.0,15973750.0,0.14113348462320996,0,0
2018,Southern Seaboard,Soybeans,0.65,certified,11096.0,119784.0,0.0926334067989047,1,0
2018,Southern Seaboard,Soybeans,0.7,conventional,5617411.0,41630817.0,0.1349339600997982,0,0
2018,Southern Seaboard,Soybeans,0.75,conventional,11382130.0,81705138.0,0.13930739582130075,0,0
2018,Southern Seaboard,Soybeans,0.75,certified,501947.0,2040006.0,0.24605172729884128,1,0
2018,Southern Seaboard,Corn,0.5,certified,18686.0,126059.0,0.14823217699648578,1,0
2018,Southern Seaboard,Soybeans,0.5,conventional,150983.0,4664953.0,0.032365385031746303,0,0
2018,Southern Seaboard,Soybeans,0.5,certified,1805.0,85948.0,0.021001070414669334,1,0
2018,Southern Seaboard,Corn,0.85,certified,159936.0,1098763.0,0.14556005253180168,1,0
2018,Southern Seaboard,Soybeans,0.85,certified,14683.0,133131.0,0.11028986486994014,1,0
2018,Southern Seaboard,Corn,0.6,certified,184555.0,338929.0,0.5445240743636572,1,0
2018,Fruitful Rim,Corn,0.7,certified,0.0,684261.0,0.0,1,0
2018,Fruitful Rim,Soybeans,0.5,conventional,551.0,1483.0,0.3715441672285907,0,0
2018,Fruitful Rim,Soybeans,0.7,conventional,13467.0,36078.0,0.3732745717611841,0,0
2018,Fruitful Rim,Soybeans,0.7,certified,0.0,116710.0,0.0,1,0
2018,Fruitful Rim,Corn,0.75,certified,4142.0,1913070.0,0.002165106347389275,1,0
2018,Fruitful Rim,Wheat,0.85,certified,375794.0,897470.0,0.41872597412726886,1,0
2018,Fruitful Rim,Corn,0.85,certified,63272.0,634002.0,0.09979779243598601,1,0
2018,Basin and Range,Wheat,0.85,conventional,370877.0,64572131.0,0.005743607873186034,0,0
2018,Basin and Range,Wheat,0.85,certified,19777.0,125013.0,0.1581995472470863,1,0
2018,Fruitful Rim,Wheat,0.55,conventional,0.0,454249.0,0.0,0,0
2018,Fruitful Rim,Corn,0.6,certified,0.0,45852.0,0.0,1,0
2018,Heartland,Wheat,0.6,conventional,17762.0,467100.0,0.03802611860415329,0,0
2018,Heartland,Wheat,0.65,conventional,188936.0,3334197.0,0.05666611780887572,0,0
2018,Heartland,Wheat,0.7,conventional,1241441.0,12984540.0,0.09560916289679881,0,0
2018,Heartland,Wheat,0.75,conventional,2908461.0,36464027.0,0.0797624738485412,0,0
2018,Heartland,Wheat,0.75,certified,365791.0,1428593.0,0.25604983364751194,1,0
2018,Heartland,Wheat,0.75,transitional,43478.0,271790.0,0.15996909378564333,0,1
2018,Heartland,Wheat,0.8,conventional,1016270.0,15536531.0,0.0654116417622441,0,0
2018,Heartland,Wheat,0.85,conventional,300067.0,4805758.0,0.06243905748063053,0,0
2018,Heartland,Corn,0.5,conventional,898826.0,73257084.0,0.012269475536318098,0,0
2018,Heartland,Corn,0.55,conventional,183365.0,16870794.0,0.01086878305786912,0,0
2018,Heartland,Corn,0.6,conventional,912247.0,67205694.0,0.013573954016455808,0,0
2018,Heartland,Corn,0.65,conventional,3095795.0,223858926.0,0.013829222963394366,0,0
2018,Heartland,Corn,0.7,conventional,14423364.0,772587650.0,0.018668903133515012,0,0
2018,Heartland,Corn,0.75,conventional,57243618.0,2762668316.0,0.020720409203114777,0,0
2018,Heartland,Corn,0.8,conventional,137603044.0,6179765909.0,0.022266708161161837,0,0
2018,Heartland,Corn,0.8,certified,1998668.0,36302081.0,0.05505656824466895,1,0
2018,Heartland,Corn,0.75,certified,2282766.0,20975327.0,0.108831008927775,1,0
2018,Heartland,Corn,0.85,conventional,174936675.0,6719820118.0,0.026032940157342466,0,0
2018,Heartland,Corn,0.75,transitional,69410.0,1043926.0,0.0664893871787847,0,1
2018,Heartland,Wheat,0.5,conventional,16888.0,714034.0,0.023651534800863825,0,0
2018,Heartland,Wheat,0.8,certified,64816.0,833523.0,0.07776150148226264,1,0
2018,Heartland,Corn,0.85,certified,3168884.0,29364939.0,0.10791386285529148,1,0
2018,Heartland,Wheat,0.7,certified,203345.0,555482.0,0.3660694675975099,1,0
2018,Heartland,Corn,0.5,certified,0.0,1730609.0,0.0,1,0
2018,Heartland,Corn,0.7,certified,378401.0,6096904.0,0.06206445107221632,1,0
2018,Heartland,Wheat,0.85,transitional,0.0,78797.0,0.0,0,1
2018,Heartland,Corn,0.85,transitional,108759.0,1321552.0,0.0822964211775246,0,1
2018,Heartland,Wheat,0.65,certified,29407.0,184701.0,0.1592140811365396,1,0
2018,Heartland,Wheat,0.65,transitional,0.0,10007.0,0.0,0,1
2018,Heartland,Corn,0.65,certified,58136.0,1133433.0,0.05129195991293707,1,0
2018,Heartland,Wheat,0.85,certified,73118.0,321843.0,0.2271853046361114,1,0
2018,Heartland,Wheat,0.8,transitional,10400.0,101949.0,0.1020117902088299,0,1
2018,Heartland,Wheat,0.7,transitional,0.0,1660.0,0.0,0,1
2018,Heartland,Corn,0.8,transitional,65653.0,3545263.0,0.018518513295064428,0,1
2018,Heartland,Wheat,0.55,conventional,2363.0,149869.0,0.0157671032701893,0,0
2018,Heartland,Corn,0.6,certified,34125.0,271060.0,0.12589463587397623,1,0
2018,Heartland,Soybeans,0.65,conventional,2654284.0,117922855.0,0.022508647708707526,0,0
2018,Heartland,Soybeans,0.7,conventional,10081540.0,405323536.0,0.02487282159701676,0,0
2018,Heartland,Soybeans,0.7,certified,349950.0,2512588.0,0.1392787038702724,1,0
2018,Heartland,Soybeans,0.75,conventional,39708695.0,1362084044.0,0.02915289638324256,0,0
2018,Heartland,Soybeans,0.8,conventional,94994189.0,2420219469.0,0.039250237516372945,0,0
2018,Heartland,Soybeans,0.85,conventional,111287799.0,1948221557.0,0.05712276337367311,0,0
2018,Heartland,Soybeans,0.5,conventional,378610.0,26853470.0,0.014099108979211997,0,0
2018,Heartland,Soybeans,0.75,certified,574317.0,5074509.0,0.11317686105197566,1,0
2018,Heartland,Soybeans,0.55,conventional,64685.0,5020668.0,0.012883743756806863,0,0
2018,Heartland,Soybeans,0.6,conventional,458476.0,28401258.0,0.01614280606866076,0,0
2018,Heartland,Soybeans,0.8,certified,1303809.0,9238035.0,0.1411348842042707,1,0
2018,Heartland,Soybeans,0.8,transitional,81336.0,1124176.0,0.07235166023825451,0,1
2018,Heartland,Soybeans,0.85,certified,1448932.0,5774415.0,0.2509227341644132,1,0
2018,Heartland,Corn,0.5,transitional,0.0,22902.0,0.0,0,1
2018,Heartland,Soybeans,0.5,transitional,0.0,34845.0,0.0,0,1
2018,Heartland,Soybeans,0.85,transitional,39186.0,743155.0,0.052729242217303254,0,1
2018,Heartland,Corn,0.55,certified,2157.0,19773.0,0.10908815050826885,1,0
2018,Heartland,Soybeans,0.6,certified,6024.0,461614.0,0.013049864172230478,1,0
2018,Heartland,Soybeans,0.65,certified,12653.0,412863.0,0.03064697006028634,1,0
2018,Heartland,Soybeans,0.7,transitional,8238.0,92176.0,0.08937250477347683,0,1
2018,Heartland,Soybeans,0.5,certified,1383.0,32945.0,0.04197905600242829,1,0
2018,Heartland,Soybeans,0.75,transitional,57993.0,330581.0,0.17542750490802556,0,1
2018,Prairie Gateway,Soybeans,0.55,conventional,38634.0,857362.0,0.045061479281796955,0,0
2018,Prairie Gateway,Soybeans,0.6,conventional,202942.0,4359841.0,0.04654802778358202,0,0
2018,Prairie Gateway,Soybeans,0.65,certified,10683.0,78636.0,0.13585380741645048,1,0
2018,Prairie Gateway,Soybeans,0.8,certified,49343.0,215014.0,0.22948738221697193,1,0
2018,Prairie Gateway,Soybeans,0.85,conventional,1715162.0,32372118.0,0.052982693316513924,0,0
2018,Prairie Gateway,Wheat,0.85,conventional,167465.0,837566.0,0.19994245229629665,0,0
2018,Prairie Gateway,Soybeans,0.75,certified,100973.0,261833.0,0.3856389377962289,1,0
2018,Prairie Gateway,Soybeans,0.75,transitional,55392.0,388938.0,0.1424185859957114,0,1
2018,Prairie Gateway,Soybeans,0.6,certified,11504.0,13594.0,0.8462557010445785,1,0
2018,Prairie Gateway,Wheat,0.75,transitional,0.0,11364.0,0.0,0,1
2018,Prairie Gateway,Wheat,0.85,certified,0.0,64761.0,0.0,1,0
2018,Prairie Gateway,Corn,0.7,transitional,167718.0,942903.0,0.1778740761244794,0,1
2018,Prairie Gateway,Wheat,0.8,certified,6294.0,21691.0,0.2901664284726384,1,0
2018,Prairie Gateway,Wheat,0.8,transitional,3247.0,8352.0,0.3887691570881226,0,1
2018,Prairie Gateway,Wheat,0.6,certified,81593.0,370853.0,0.2200143992363551,1,0
2018,Prairie Gateway,Wheat,0.65,transitional,0.0,10403.0,0.0,0,1
2018,Eastern Uplands,Corn,0.65,conventional,28944.0,1202795.0,0.02406395104735221,0,0
2018,Eastern Uplands,Corn,0.8,conventional,1939000.0,26257972.0,0.07384424052245923,0,0
2018,Eastern Uplands,Corn,0.8,certified,216046.0,347520.0,0.6216793278084715,1,0
2018,Eastern Uplands,Corn,0.85,conventional,0.0,1053646.0,0.0,0,0
2018,Eastern Uplands,Corn,0.5,conventional,1267.0,686461.0,0.0018456984446312318,0,0
2018,Eastern Uplands,Corn,0.6,conventional,8627.0,276666.0,0.031182002848199636,0,0
2018,Eastern Uplands,Corn,0.7,certified,21136.0,30852.0,0.6850771424867107,1,0
2018,Mississippi Portal,Corn,0.8,certified,467910.0,571524.0,0.8187057761353854,1,0
2018,Mississippi Portal,Corn,0.75,certified,106528.0,730442.0,0.14584046371922754,1,0
2018,Northern Crescent,Wheat,0.6,conventional,11597.0,1924148.0,0.006027083155765564,0,0
2018,Northern Crescent,Wheat,0.75,conventional,1165943.0,30697832.0,0.03798128154457292,0,0
2018,Northern Crescent,Wheat,0.75,certified,162936.0,2192048.0,0.07433048911337709,1,0
2018,Southern Seaboard,Corn,0.75,transitional,0.0,16433.0,0.0,0,1
2018,Southern Seaboard,Soybeans,0.55,conventional,9638.0,571485.0,0.01686483459758349,0,0
2018,Southern Seaboard,Soybeans,0.8,conventional,2217366.0,24966200.0,0.08881471749805737,0,0
2018,Southern Seaboard,Soybeans,0.85,conventional,171850.0,1953401.0,0.0879747681095689,0,0
2018,Southern Seaboard,Soybeans,0.85,transitional,0.0,33906.0,0.0,0,1
2018,Northern Crescent,Corn,0.5,certified,22787.0,2704547.0,0.008425440563613796,1,0
2018,Northern Crescent,Corn,0.6,conventional,317523.0,30071962.0,0.01055877232087484,0,0
2018,Northern Crescent,Corn,0.65,conventional,874291.0,64304119.0,0.013596189693540471,0,0
2018,Northern Crescent,Corn,0.7,conventional,6947860.0,333070631.0,0.02086001992772518,0,0
2018,Northern Crescent,Corn,0.8,conventional,29924869.0,993545728.0,0.030119266941279626,0,0
2018,Northern Crescent,Soybeans,0.5,conventional,19938.0,5593239.0,0.0035646608342679437,0,0
2018,Northern Crescent,Soybeans,0.5,certified,0.0,166854.0,0.0,1,0
2018,Northern Crescent,Soybeans,0.55,conventional,5359.0,1963748.0,0.002728965223643767,0,0
2018,Northern Crescent,Soybeans,0.6,conventional,101070.0,6116685.0,0.016523656196125842,0,0
2018,Northern Crescent,Soybeans,0.65,conventional,355082.0,16241596.0,0.021862506615729145,0,0
2018,Northern Crescent,Soybeans,0.7,conventional,2177657.0,80963656.0,0.026896722647999,0,0
2018,Northern Crescent,Soybeans,0.75,conventional,10588541.0,284616928.0,0.03720278015227541,0,0
2018,Northern Crescent,Soybeans,0.8,conventional,13708333.0,322019223.0,0.042569921361495865,0,0
2018,Southern Seaboard,Wheat,0.5,conventional,9027.0,443402.0,0.020358500863775986,0,0
2018,Southern Seaboard,Wheat,0.5,transitional,0.0,8593.0,0.0,0,1
2018,Southern Seaboard,Wheat,0.65,conventional,89406.0,1049987.0,0.085149625662032,0,0
2018,Southern Seaboard,Corn,0.8,certified,149253.0,464852.0,0.32107638560229923,1,0
2018,Southern Seaboard,Soybeans,0.7,certified,239910.0,1126068.0,0.2130510768443824,1,0
2018,Southern Seaboard,Corn,0.7,transitional,5493.0,34646.0,0.15854644114760721,0,1
2018,Southern Seaboard,Soybeans,0.7,transitional,41932.0,99566.0,0.4211477813711508,0,1
2018,Southern Seaboard,Soybeans,0.8,certified,10830.0,522440.0,0.02072965316591379,1,0
2018,Northern Crescent,Corn,0.75,conventional,23268459.0,955105262.0,0.0243621932846183,0,0
2018,Northern Crescent,Corn,0.75,certified,2123271.0,22677843.0,0.09362755531908391,1,0
2018,Northern Crescent,Soybeans,0.75,certified,360203.0,2332932.0,0.15439927096031947,1,0
2018,Southern Seaboard,Soybeans,0.75,transitional,1750.0,39477.0,0.04432960964612306,0,1
2018,Northern Crescent,Corn,0.5,conventional,397483.0,84169183.0,0.0047224291104263185,0,0
2018,Northern Crescent,Corn,0.5,transitional,0.0,109344.0,0.0,0,1
2018,Northern Crescent,Corn,0.55,conventional,45068.0,11236448.0,0.0040108760348466,0,0
2018,Northern Crescent,Corn,0.7,certified,570588.0,7095866.0,0.0804113268204332,1,0
2018,Northern Crescent,Corn,0.8,certified,1129319.0,11666188.0,0.09680274310683147,1,0
2018,Northern Crescent,Corn,0.85,conventional,13807129.0,314863104.0,0.04385121287504045,0,0
2018,Northern Crescent,Wheat,0.55,conventional,11667.0,346775.0,0.033644293850479415,0,0
2018,Northern Crescent,Wheat,0.65,conventional,28876.0,3157913.0,0.00914401378378695,0,0
2018,Northern Crescent,Wheat,0.65,certified,23805.0,395207.0,0.060234256984314546,1,0
2018,Northern Crescent,Wheat,0.7,conventional,463805.0,16188376.0,0.028650495886678194,0,0
2018,Northern Crescent,Wheat,0.8,conventional,650322.0,13395657.0,0.048547226910930906,0,0
2018,Northern Crescent,Wheat,0.8,certified,87405.0,551219.0,0.15856674026113032,1,0
2018,Northern Crescent,Wheat,0.85,conventional,187907.0,2550414.0,0.07367705792079247,0,0
2018,Northern Crescent,Corn,0.65,certified,59007.0,940170.0,0.06276205367114458,1,0
2018,Northern Crescent,Corn,0.75,transitional,28643.0,725072.0,0.03950366308449368,0,1
2018,Northern Crescent,Wheat,0.5,conventional,8173.0,3016494.0,0.002709436849534592,0,0
2018,Northern Crescent,Wheat,0.7,certified,82571.0,829046.0,0.0995976097828106,1,0
2018,Northern Crescent,Wheat,0.75,transitional,0.0,92443.0,0.0,0,1
2018,Northern Crescent,Corn,0.85,certified,517969.0,2151775.0,0.2407170824087091,1,0
2018,Northern Crescent,Corn,0.7,transitional,2137.0,236768.0,0.009025712934180294,0,1
2018,Northern Crescent,Corn,0.85,transitional,92722.0,155904.0,0.5947377873563219,0,1
2018,Northern Crescent,Corn,0.55,certified,0.0,143064.0,0.0,1,0
2018,Northern Crescent,Wheat,0.6,certified,16356.0,42660.0,0.38340365682137834,1,0
2018,Northern Crescent,Corn,0.8,transitional,1409.0,191946.0,0.007340606212163838,0,1
2018,Northern Crescent,Wheat,0.85,certified,34603.0,91068.0,0.37996881451223263,1,0
2018,Northern Crescent,Wheat,0.5,certified,0.0,33303.0,0.0,1,0
2018,Northern Crescent,Soybeans,0.8,certified,692611.0,2701815.0,0.25635026824560525,1,0
2018,Northern Crescent,Soybeans,0.85,conventional,8053275.0,136684606.0,0.05891866857340175,0,0
2018,Northern Great Plains,Soybeans,0.5,conventional,89944.0,5833127.0,0.015419516838909903,0,0
2018,Northern Great Plains,Soybeans,0.65,conventional,1196432.0,43761665.0,0.02733972759034648,0,0
2018,Northern Great Plains,Soybeans,0.65,certified,0.0,215769.0,0.0,1,0
2018,Northern Great Plains,Soybeans,0.7,conventional,10616391.0,288737052.0,0.03676837082897141,0,0
2018,Northern Great Plains,Soybeans,0.7,certified,220646.0,863943.0,0.255394163735339,1,0
2018,Northern Great Plains,Soybeans,0.75,conventional,47466795.0,811007409.0,0.05852818910560655,0,0
2018,Northern Great Plains,Soybeans,0.8,conventional,14876202.0,163807074.0,0.09081538200236701,0,0
2018,Northern Great Plains,Soybeans,0.85,conventional,971812.0,6995226.0,0.1389250325865097,0,0
2018,Northern Great Plains,Soybeans,0.6,conventional,244298.0,11608571.0,0.021044622977281182,0,0
2018,Northern Great Plains,Soybeans,0.55,conventional,4143.0,1097947.0,0.0037734061844515265,0,0
2018,Northern Great Plains,Soybeans,0.75,certified,452146.0,987254.0,0.4579834571447672,1,0
2018,Heartland,Wheat,0.5,certified,681.0,56348.0,0.012085610846880103,1,0
2018,Heartland,Wheat,0.55,certified,11766.0,16684.0,0.705226564373052,1,0
2018,Northern Crescent,Soybeans,0.85,certified,195810.0,363739.0,0.5383255576113642,1,0
2018,Northern Crescent,Soybeans,0.85,transitional,7141.0,34523.0,0.20684760884048314,0,1
2018,Northern Crescent,Corn,0.6,certified,0.0,655286.0,0.0,1,0
2018,Northern Crescent,Soybeans,0.7,certified,207367.0,1535383.0,0.13505880943061113,1,0
2018,Northern Crescent,Soybeans,0.65,certified,48442.0,222813.0,0.21741101282241163,1,0
2018,Northern Great Plains,Wheat,0.85,certified,14163.0,107992.0,0.1311486036002667,1,0
2018,Heartland,Corn,0.65,transitional,0.0,91500.0,0.0,0,1
2018,Northern Great Plains,Wheat,0.5,certified,0.0,302261.0,0.0,1,0
2018,Northern Great Plains,Wheat,0.65,certified,75719.0,340714.0,0.22223624506184073,1,0
2018,Northern Great Plains,Corn,0.55,conventional,252337.0,4091202.0,0.06167796163572466,0,0
2018,Northern Crescent,Soybeans,0.6,certified,11306.0,54043.0,0.20920378217345448,1,0
2018,Heartland,Wheat,0.5,transitional,0.0,22913.0,0.0,0,1
2018,Heartland,Corn,0.7,transitional,5329.0,123914.0,0.0430056329389738,0,1
2018,Northern Crescent,Wheat,0.8,transitional,3979.0,54863.0,0.07252611049341086,0,1
2018,Northern Crescent,Soybeans,0.65,transitional,811.0,15954.0,0.05083364673436129,0,1
2018,Northern Crescent,Soybeans,0.8,transitional,3076.0,144432.0,0.021297219452752852,0,1
2018,Mississippi Portal,Wheat,0.85,certified,197157.0,477544.0,0.41285619754410063,1,0
2018,Mississippi Portal,Wheat,0.6,conventional,0.0,56687.0,0.0,0,0
2018,Mississippi Portal,Wheat,0.8,conventional,249115.0,1249311.0,0.19940191033297552,0,0
2018,Mississippi Portal,Wheat,0.85,conventional,7859.0,7859.0,1.0,0,0
2018,Eastern Uplands,Wheat,0.5,conventional,0.0,163427.0,0.0,0,0
2018,Eastern Uplands,Wheat,0.6,conventional,0.0,61460.0,0.0,0,0
2018,Eastern Uplands,Wheat,0.65,conventional,21749.0,440900.0,0.04932864595146292,0,0
2018,Eastern Uplands,Wheat,0.7,conventional,35727.0,1511076.0,0.02364341700880697,0,0
2018,Eastern Uplands,Wheat,0.7,certified,33818.0,63080.0,0.5361128725428028,1,0
2018,Eastern Uplands,Wheat,0.75,conventional,364346.0,3672747.0,0.09920258596630806,0,0
2018,Eastern Uplands,Wheat,0.8,conventional,42631.0,567816.0,0.07507889879820223,0,0
2018,Eastern Uplands,Wheat,0.85,conventional,0.0,23159.0,0.0,0,0
2018,Heartland,Wheat,0.6,certified,0.0,44301.0,0.0,1,0
2018,Eastern Uplands,Soybeans,0.7,conventional,17700.0,96105.0,0.18417356016856562,0,0
2018,Eastern Uplands,Soybeans,0.75,conventional,32033.0,131354.0,0.24386771624769707,0,0
2018,Eastern Uplands,Soybeans,0.75,certified,6474.0,8792.0,0.736351228389445,1,0
2018,Eastern Uplands,Soybeans,0.8,conventional,0.0,5603.0,0.0,0,0
2018,Prairie Gateway,Corn,0.5,certified,0.0,379254.0,0.0,1,0
2018,Prairie Gateway,Corn,0.85,certified,4078889.0,7558359.0,0.5396527209146853,1,0
2018,Prairie Gateway,Corn,0.85,transitional,0.0,268663.0,0.0,0,1
2018,Prairie Gateway,Soybeans,0.5,certified,0.0,6519.0,0.0,1,0
2018,Prairie Gateway,Soybeans,0.85,certified,62768.0,449413.0,0.13966663180637853,1,0
2018,Prairie Gateway,Soybeans,0.85,transitional,162940.0,309032.0,0.5272593129514096,0,1
2018,Prairie Gateway,Wheat,0.5,transitional,0.0,2702.0,0.0,0,1
2018,Northern Great Plains,Soybeans,0.8,certified,62150.0,786034.0,0.07906782658256513,1,0
2018,Northern Great Plains,Wheat,0.75,transitional,4482.0,51666.0,0.08674950644524446,0,1
2018,Prairie Gateway,Wheat,0.65,certified,122628.0,307226.0,0.39914590561996705,1,0
2018,Heartland,Soybeans,0.55,certified,0.0,180.0,0.0,1,0
2018,Northern Great Plains,Corn,0.6,certified,65603.0,130451.0,0.5028938068700125,1,0
2018,Prairie Gateway,Wheat,0.5,certified,29271.0,269087.0,0.1087789450995403,1,0
2018,Northern Crescent,Soybeans,0.7,transitional,0.0,40045.0,0.0,0,1
2018,Northern Crescent,Soybeans,0.75,transitional,15541.0,97082.0,0.16008116849673473,0,1
2018,Southern Seaboard,Wheat,0.7,certified,68250.0,363837.0,0.18758400052770885,1,0
2018,Southern Seaboard,Wheat,0.8,conventional,19719.0,76721.0,0.2570221973123395,0,0
2018,Southern Seaboard,Wheat,0.5,certified,4155.0,61223.0,0.06786665142185126,1,0
2018,Southern Seaboard,Wheat,0.7,transitional,0.0,12771.0,0.0,0,1
2018,Southern Seaboard,Wheat,0.85,transitional,1024.0,1615.0,0.6340557275541796,0,1
2018,Southern Seaboard,Soybeans,0.6,certified,80219.0,193976.0,0.4135511609683672,1,0
2018,Southern Seaboard,Corn,0.8,transitional,-2823.0,18663.0,-0.15126185500723358,0,1
2018,Southern Seaboard,Wheat,0.55,conventional,0.0,13239.0,0.0,0,0
2018,Southern Seaboard,Wheat,0.65,certified,0.0,6404.0,0.0,1,0
2018,Southern Seaboard,Wheat,0.75,transitional,0.0,31806.0,0.0,0,1
2018,Southern Seaboard,Soybeans,0.65,transitional,0.0,2515.0,0.0,0,1
2018,Southern Seaboard,Soybeans,0.6,transitional,1298.0,1433.0,0.9057920446615492,0,1
2018,Southern Seaboard,Wheat,0.65,transitional,-76.0,10449.0,-0.007273423294095129,0,1
2018,Northern Great Plains,Soybeans,0.6,certified,0.0,55783.0,0.0,1,0
2018,Northern Great Plains,Corn,0.75,transitional,-477.0,14547.0,-0.032790266034233864,0,1
2018,Northern Great Plains,Corn,0.65,transitional,0.0,71715.0,0.0,0,1
2018,Northern Great Plains,Soybeans,0.65,transitional,0.0,93011.0,0.0,0,1
2018,Northern Great Plains,Wheat,0.65,transitional,5944.0,18227.0,0.32610961760026336,0,1
2018,Northern Great Plains,Soybeans,0.5,certified,30898.0,46383.0,0.6661492357113598,1,0
2018,Eastern Uplands,Corn,0.55,conventional,0.0,26122.0,0.0,0,0
2018,Eastern Uplands,Corn,0.6,certified,5766.0,5766.0,1.0,1,0
2018,Basin and Range,Corn,0.5,certified,0.0,3137192.0,0.0,1,0
2018,Eastern Uplands,Corn,0.75,transitional,0.0,3313.0,0.0,0,1
2018,Northern Great Plains,Soybeans,0.7,transitional,0.0,1428.0,0.0,0,1
2018,Northern Great Plains,Corn,0.5,transitional,779.0,4366.0,0.17842418689876316,0,1
2018,Mississippi Portal,Corn,0.65,certified,0.0,131490.0,0.0,1,0
2018,Mississippi Portal,Corn,0.75,transitional,361.0,1960.0,0.18418367346938774,0,1
2018,Prairie Gateway,Corn,0.55,transitional,0.0,109600.0,0.0,0,1
2018,Prairie Gateway,Wheat,0.6,transitional,0.0,378.0,0.0,0,1
2018,Prairie Gateway,Corn,0.65,transitional,0.0,21202.0,0.0,0,1
2018,Basin and Range,Corn,0.65,certified,0.0,152158.0,0.0,1,0
2018,Southern Seaboard,Corn,0.65,certified,0.0,6397.0,0.0,1,0
2018,Fruitful Rim,Corn,0.5,transitional,0.0,15862.0,0.0,0,1
2018,Basin and Range,Corn,0.85,conventional,0.0,91990.0,0.0,0,0
2018,Northern Crescent,Soybeans,0.5,transitional,0.0,3085.0,0.0,0,1
2018,Northern Crescent,Corn,0.65,transitional,0.0,6179.0,0.0,0,1
2018,Northern Crescent,Corn,0.55,transitional,0.0,10664.0,0.0,0,1
2019,Fruitful Rim,Wheat,0.7,conventional,440647.0,11288342.0,0.0390355820190423,0,0
2019,Fruitful Rim,Wheat,0.75,certified,178158.0,2240042.0,0.07953333017863058,1,0
2019,Fruitful Rim,Wheat,0.8,conventional,5514736.0,98255835.0,0.056126295196616056,0,0
2019,Fruitful Rim,Wheat,0.6,conventional,121746.0,3391698.0,0.03589529492307393,0,0
2019,Fruitful Rim,Wheat,0.75,conventional,3225045.0,47478520.0,0.06792640124418368,0,0
2019,Fruitful Rim,Wheat,0.8,certified,398519.0,1067153.0,0.3734412966088274,1,0
2019,Fruitful Rim,Wheat,0.85,conventional,3795792.0,46760646.0,0.08117492645418115,0,0
2019,Mississippi Portal,Corn,0.5,conventional,975374.0,14931755.0,0.06532212723822485,0,0
2019,Mississippi Portal,Corn,0.6,conventional,805925.0,5002375.0,0.16110847347509932,0,0
2019,Mississippi Portal,Corn,0.6,certified,0.0,57100.0,0.0,1,0
2019,Mississippi Portal,Corn,0.65,conventional,829323.0,6955988.0,0.11922432873662232,0,0
2019,Mississippi Portal,Corn,0.7,conventional,2860940.0,20632575.0,0.13866131590458292,0,0
2019,Mississippi Portal,Corn,0.75,conventional,6275988.0,23972815.0,0.26179603855450434,0,0
2019,Mississippi Portal,Corn,0.55,conventional,10425.0,279218.0,0.03733641813923171,0,0
2019,Mississippi Portal,Corn,0.8,conventional,4259422.0,24238080.0,0.17573264879066328,0,0
2019,Mississippi Portal,Corn,0.85,conventional,990671.0,2928075.0,0.3383352543906833,0,0
2019,Mississippi Portal,Corn,0.85,certified,2370348.0,2370348.0,1.0,1,0
2019,Mississippi Portal,Wheat,0.5,certified,0.0,7910.0,0.0,1,0
2019,Mississippi Portal,Wheat,0.65,conventional,7770.0,28408.0,0.27351450295691354,0,0
2019,Mississippi Portal,Wheat,0.8,conventional,11931.0,34088.0,0.3500058671673316,0,0
2019,Mississippi Portal,Wheat,0.85,conventional,55621.0,158914.0,0.35000692198295935,0,0
2019,Mississippi Portal,Wheat,0.85,certified,79486.0,164521.0,0.48313589146674285,1,0
2019,Mississippi Portal,Corn,0.5,certified,57180.0,593657.0,0.09631824437343449,1,0
2019,Mississippi Portal,Corn,0.75,transitional,69607.0,81093.0,0.858360154390638,0,1
2019,Mississippi Portal,Corn,0.7,certified,205790.0,387380.0,0.5312354793742579,1,0
2019,Fruitful Rim,Wheat,0.5,conventional,100814.0,16517084.0,0.006103619743049076,0,0
2019,Fruitful Rim,Wheat,0.5,certified,0.0,1866241.0,0.0,1,0
2019,Fruitful Rim,Wheat,0.65,conventional,155461.0,3569376.0,0.04355411141891468,0,0
2019,Fruitful Rim,Corn,0.5,conventional,10457.0,19716052.0,0.0005303800172570046,0,0
2019,Fruitful Rim,Corn,0.75,conventional,1807583.0,8267608.0,0.21863433776734456,0,0
2019,Fruitful Rim,Corn,0.85,certified,91353.0,1390799.0,0.06568382634730108,1,0
2019,Fruitful Rim,Corn,0.5,certified,253576.0,1980842.0,0.1280142484862498,1,0
2019,Fruitful Rim,Wheat,0.65,certified,112658.0,1251515.0,0.09001729903357131,1,0
2019,Basin and Range,Wheat,0.5,conventional,2515.0,498577.0,0.005044356237852929,0,0
2019,Basin and Range,Wheat,0.75,conventional,869572.0,8532456.0,0.10191344672624154,0,0
2019,Basin and Range,Wheat,0.75,certified,625880.0,3441158.0,0.18188063436784943,1,0
2019,Basin and Range,Wheat,0.75,transitional,0.0,40428.0,0.0,0,1
2019,Basin and Range,Wheat,0.8,certified,1265212.0,5540547.0,0.22835507035677163,1,0
2019,Basin and Range,Wheat,0.8,conventional,406003.0,7858081.0,0.051666940058266136,0,0
2019,Fruitful Rim,Corn,0.75,certified,85277.0,476848.0,0.178834764956548,1,0
2019,Fruitful Rim,Corn,0.85,conventional,0.0,1140607.0,0.0,0,0
2019,Basin and Range,Wheat,0.85,conventional,446074.0,18920382.0,0.023576373880823336,0,0
2019,Fruitful Rim,Corn,0.65,certified,0.0,150883.0,0.0,1,0
2019,Fruitful Rim,Corn,0.65,conventional,44263.0,2475606.0,0.017879662595744233,0,0
2019,Fruitful Rim,Corn,0.7,conventional,334003.0,4883178.0,0.06839869445676565,0,0
2019,Fruitful Rim,Wheat,0.5,transitional,0.0,5498.0,0.0,0,1
2019,Fruitful Rim,Corn,0.6,conventional,44017.0,460614.0,0.09556157650440499,0,0
2019,Fruitful Rim,Corn,0.6,certified,0.0,88925.0,0.0,1,0
2019,Fruitful Rim,Wheat,0.55,conventional,0.0,296119.0,0.0,0,0
2019,Fruitful Rim,Wheat,0.55,certified,0.0,46907.0,0.0,1,0
2019,Basin and Range,Wheat,0.6,conventional,143818.0,750866.0,0.1915361728990259,0,0
2019,Basin and Range,Wheat,0.7,conventional,738139.0,3228205.0,0.22865307500607923,0,0
2019,Basin and Range,Wheat,0.7,certified,55495.0,1146112.0,0.0484202242014742,1,0
2019,Prairie Gateway,Corn,0.6,conventional,1522327.0,50201195.0,0.030324517175338156,0,0
2019,Prairie Gateway,Corn,0.65,conventional,6417081.0,142065105.0,0.04517000145813428,0,0
2019,Prairie Gateway,Corn,0.7,conventional,30511942.0,692861464.0,0.04403757978377045,0,0
2019,Prairie Gateway,Corn,0.75,conventional,45918906.0,1049086180.0,0.043770385003070005,0,0
2019,Prairie Gateway,Corn,0.75,certified,2541541.0,18414511.0,0.13801838126464505,1,0
2019,Prairie Gateway,Corn,0.8,conventional,30305694.0,492899965.0,0.06148447180352305,0,0
2019,Prairie Gateway,Corn,0.85,conventional,12187077.0,109349590.0,0.11145059620250977,0,0
2019,Basin and Range,Wheat,0.6,certified,0.0,444752.0,0.0,1,0
2019,Basin and Range,Wheat,0.65,conventional,119659.0,1456695.0,0.08214416882051494,0,0
2019,Basin and Range,Wheat,0.65,certified,26010.0,1164117.0,0.022343114996173065,1,0
2019,Basin and Range,Wheat,0.85,certified,99098.0,642962.0,0.1541273045685437,1,0
2019,Prairie Gateway,Wheat,0.5,conventional,439012.0,7501693.0,0.058521723029721424,0,0
2019,Prairie Gateway,Wheat,0.55,conventional,69485.0,2573686.0,0.026998242986906718,0,0
2019,Prairie Gateway,Wheat,0.6,conventional,1010523.0,14569682.0,0.06935793107907229,0,0
2019,Prairie Gateway,Wheat,0.65,conventional,1919458.0,30539221.0,0.06285222533999803,0,0
2019,Prairie Gateway,Wheat,0.7,conventional,8300266.0,157777985.0,0.05260725062498421,0,0
2019,Prairie Gateway,Wheat,0.7,certified,167600.0,9733672.0,0.017218578969992,1,0
2019,Prairie Gateway,Wheat,0.75,conventional,11483871.0,128478201.0,0.08938380916463798,0,0
2019,Prairie Gateway,Wheat,0.8,conventional,3872347.0,30280183.0,0.12788387045084898,0,0
2019,Prairie Gateway,Corn,0.5,conventional,400084.0,35837174.0,0.0111639383172345,0,0
2019,Prairie Gateway,Corn,0.7,certified,2092955.0,12064779.0,0.17347644743430443,1,0
2019,Prairie Gateway,Soybeans,0.65,conventional,559235.0,18522317.0,0.030192496975405398,0,0
2019,Prairie Gateway,Soybeans,0.7,conventional,3769881.0,106235925.0,0.035485933783698874,0,0
2019,Prairie Gateway,Soybeans,0.7,certified,70807.0,526474.0,0.13449287144284428,1,0
2019,Prairie Gateway,Soybeans,0.75,conventional,7664520.0,212204564.0,0.03611854455684563,0,0
2019,Prairie Gateway,Soybeans,0.8,conventional,3597729.0,102392568.0,0.03513662241579877,0,0
2019,Northern Great Plains,Wheat,0.6,conventional,837074.0,15025556.0,0.05571001831812413,0,0
2019,Northern Great Plains,Wheat,0.6,certified,96164.0,730018.0,0.13172825875526356,1,0
2019,Northern Great Plains,Wheat,0.65,conventional,5265164.0,50479241.0,0.10430354925502941,0,0
2019,Northern Great Plains,Wheat,0.7,conventional,34616055.0,267843869.0,0.12923967656694804,0,0
2019,Northern Great Plains,Wheat,0.75,certified,938389.0,2597826.0,0.3612208823839626,1,0
2019,Northern Great Plains,Corn,0.5,conventional,899755.0,18531280.0,0.0485533109423634,0,0
2019,Northern Great Plains,Corn,0.6,conventional,2110737.0,33086799.0,0.06379393183365971,0,0
2019,Northern Great Plains,Corn,0.65,conventional,9290781.0,96758392.0,0.0960204154694923,0,0
2019,Northern Great Plains,Corn,0.65,certified,229632.0,1809798.0,0.12688266867352047,1,0
2019,Northern Great Plains,Corn,0.7,conventional,62069960.0,489952119.0,0.12668576702287923,0,0
2019,Northern Great Plains,Corn,0.7,certified,736257.0,8775753.0,0.08389673228040945,1,0
2019,Northern Great Plains,Corn,0.75,conventional,208623500.0,1170292804.0,0.1782660709242471,0,0
2019,Northern Great Plains,Corn,0.75,certified,1060677.0,4160308.0,0.25495155647129975,1,0
2019,Northern Great Plains,Corn,0.85,conventional,4090414.0,10645064.0,0.38425452397467974,0,0
2019,Basin and Range,Corn,0.5,conventional,0.0,4179681.0,0.0,0,0
2019,Basin and Range,Corn,0.5,certified,0.0,4479401.0,0.0,1,0
2019,Basin and Range,Corn,0.6,conventional,0.0,441268.0,0.0,0,0
2019,Basin and Range,Corn,0.65,conventional,2438.0,384812.0,0.006335561261083335,0,0
2019,Basin and Range,Corn,0.7,conventional,28051.0,1216635.0,0.023056216531663152,0,0
2019,Northern Great Plains,Corn,0.8,conventional,34196126.0,176935800.0,0.19326855277450916,0,0
2019,Prairie Gateway,Corn,0.55,conventional,11575.0,4271624.0,0.002709742243231146,0,0
2019,Northern Great Plains,Wheat,0.5,conventional,627749.0,10369809.0,0.06053621624081987,0,0
2019,Northern Great Plains,Wheat,0.55,conventional,235802.0,3087383.0,0.07637601165776971,0,0
2019,Northern Great Plains,Wheat,0.75,conventional,51929807.0,326177404.0,0.15920724845795878,0,0
2019,Northern Great Plains,Wheat,0.85,conventional,986903.0,2682168.0,0.36794973320090313,0,0
2019,Northern Great Plains,Wheat,0.7,certified,1057150.0,3114075.0,0.33947480391448503,1,0
2019,Northern Great Plains,Wheat,0.8,conventional,8148714.0,30945464.0,0.26332499005346954,0,0
2019,Northern Great Plains,Corn,0.8,certified,1956342.0,4946122.0,0.3955304782211195,1,0
2019,Northern Great Plains,Corn,0.5,certified,18043.0,362513.0,0.04977200817625851,1,0
2019,Prairie Gateway,Wheat,0.7,transitional,1702.0,143000.0,0.011902097902097902,0,1
2019,Prairie Gateway,Wheat,0.75,certified,105238.0,723202.0,0.14551674359307634,1,0
2019,Prairie Gateway,Corn,0.65,certified,184670.0,1468748.0,0.12573293716825487,1,0
2019,Southern Seaboard,Corn,0.5,conventional,358973.0,11996340.0,0.02992354334738762,0,0
2019,Southern Seaboard,Corn,0.55,conventional,297653.0,1802096.0,0.16517044596958208,0,0
2019,Southern Seaboard,Corn,0.6,conventional,185219.0,11011313.0,0.016820791489625262,0,0
2019,Southern Seaboard,Corn,0.65,conventional,741564.0,10047246.0,0.07380768819634753,0,0
2019,Southern Seaboard,Corn,0.7,conventional,3370896.0,45957367.0,0.07334832737480369,0,0
2019,Southern Seaboard,Corn,0.75,conventional,7375429.0,88061955.0,0.08375272840581384,0,0
2019,Southern Seaboard,Corn,0.75,certified,318801.0,2708533.0,0.11770246107394668,1,0
2019,Southern Seaboard,Corn,0.8,conventional,2403014.0,48284458.0,0.04976785697791202,0,0
2019,Southern Seaboard,Corn,0.85,conventional,64272.0,3669566.0,0.017514877781187203,0,0
2019,Southern Seaboard,Soybeans,0.5,conventional,78755.0,4449309.0,0.017700501358750315,0,0
2019,Southern Seaboard,Soybeans,0.6,conventional,792626.0,6282743.0,0.1261592269491208,0,0
2019,Southern Seaboard,Soybeans,0.65,conventional,1010442.0,13555283.0,0.07454230206776206,0,0
2019,Southern Seaboard,Soybeans,0.7,conventional,5983850.0,44896995.0,0.13327952126862833,0,0
2019,Southern Seaboard,Soybeans,0.7,certified,339956.0,1400178.0,0.24279484465546525,1,0
2019,Southern Seaboard,Soybeans,0.75,conventional,9262798.0,84335859.0,0.109832260082867,0,0
2019,Southern Seaboard,Soybeans,0.55,conventional,0.0,173514.0,0.0,0,0
2019,Southern Seaboard,Soybeans,0.75,certified,508148.0,2551354.0,0.19916797120274177,1,0
2019,Southern Seaboard,Soybeans,0.75,transitional,18959.0,134768.0,0.14067879615338952,0,1
2019,Southern Seaboard,Soybeans,0.8,conventional,2792357.0,26509200.0,0.10533539299563925,0,0
2019,Southern Seaboard,Soybeans,0.85,conventional,350829.0,3434368.0,0.10215241930975365,0,0
2019,Southern Seaboard,Wheat,0.6,conventional,231897.0,438994.0,0.528246399723003,0,0
2019,Southern Seaboard,Wheat,0.6,certified,39380.0,92365.0,0.4263519731500027,1,0
2019,Southern Seaboard,Wheat,0.7,conventional,2412950.0,6751886.0,0.3573742210694908,0,0
2019,Southern Seaboard,Wheat,0.7,certified,201469.0,543091.0,0.37096729645676324,1,0
2019,Southern Seaboard,Corn,0.7,certified,168842.0,1168437.0,0.1445024421513526,1,0
2019,Southern Seaboard,Soybeans,0.65,certified,60363.0,194254.0,0.31074263593027684,1,0
2019,Southern Seaboard,Wheat,0.75,certified,92309.0,857136.0,0.10769469489089246,1,0
2019,Southern Seaboard,Corn,0.5,transitional,0.0,18610.0,0.0,0,1
2019,Southern Seaboard,Corn,0.8,certified,209610.0,1162692.0,0.18027990215809517,1,0
2019,Southern Seaboard,Soybeans,0.8,certified,56141.0,310496.0,0.18081070287539935,1,0
2019,Fruitful Rim,Corn,0.8,conventional,954918.0,2370087.0,0.40290419718769815,0,0
2019,Fruitful Rim,Corn,0.8,certified,434312.0,2354135.0,0.18448899489621454,1,0
2019,Fruitful Rim,Corn,0.7,certified,0.0,455487.0,0.0,1,0
2019,Fruitful Rim,Wheat,0.8,transitional,0.0,38259.0,0.0,0,1
2019,Fruitful Rim,Wheat,0.7,certified,0.0,97573.0,0.0,1,0
2019,Fruitful Rim,Wheat,0.75,transitional,0.0,18847.0,0.0,0,1
2019,Heartland,Corn,0.5,conventional,3332564.0,83954421.0,0.03969491969934496,0,0
2019,Heartland,Corn,0.55,conventional,1008610.0,19017531.0,0.05303580154542669,0,0
2019,Heartland,Corn,0.6,conventional,5626259.0,80429375.0,0.0699527877718806,0,0
2019,Heartland,Corn,0.65,conventional,15532054.0,239824969.0,0.06476412387235626,0,0
2019,Heartland,Corn,0.7,conventional,97915624.0,921926387.0,0.10620763802913041,0,0
2019,Heartland,Corn,0.75,conventional,335721927.0,3291193043.0,0.10200614871681352,0,0
2019,Heartland,Corn,0.8,conventional,531501173.0,7049467049.0,0.07539593692765695,0,0
2019,Heartland,Corn,0.8,certified,7659899.0,35841344.0,0.21371684610934233,1,0
2019,Heartland,Corn,0.85,conventional,502422994.0,7045971729.0,0.07130641639280412,0,0
2019,Heartland,Corn,0.75,certified,5122878.0,20462866.0,0.25034997541400117,1,0
2019,Heartland,Wheat,0.75,conventional,6142710.0,44238825.0,0.13885337144465298,0,0
2019,Heartland,Wheat,0.8,conventional,4279621.0,25363806.0,0.16872944856935115,0,0
2019,Heartland,Wheat,0.8,certified,549558.0,1414320.0,0.3885669438316647,1,0
2019,Heartland,Wheat,0.5,conventional,48250.0,536406.0,0.08995052255194759,0,0
2019,Heartland,Corn,0.85,certified,8513446.0,43422130.0,0.19606237648867064,1,0
2019,Heartland,Corn,0.85,transitional,142879.0,1769339.0,0.0807527556901193,0,1
2019,Heartland,Wheat,0.8,transitional,26202.0,356122.0,0.07357590937936999,0,1
2019,Heartland,Wheat,0.85,conventional,1415609.0,5778959.0,0.2449591699819985,0,0
2019,Heartland,Corn,0.7,certified,1112894.0,9749701.0,0.11414647485086979,1,0
2019,Heartland,Wheat,0.65,conventional,297181.0,2693397.0,0.11033687198730822,0,0
2019,Heartland,Wheat,0.75,certified,564493.0,1531174.0,0.3686667877066878,1,0
2019,Heartland,Wheat,0.7,conventional,1798984.0,11264583.0,0.15970267163906557,0,0
2019,Heartland,Wheat,0.75,transitional,14989.0,149097.0,0.10053186851512774,0,1
2019,Heartland,Corn,0.5,certified,124514.0,1053782.0,0.11815916384982852,1,0
2019,Heartland,Wheat,0.6,conventional,41685.0,684019.0,0.06094128964253917,0,0
2019,Heartland,Wheat,0.7,certified,240061.0,737241.0,0.32562079428572205,1,0
2019,Heartland,Wheat,0.65,certified,33198.0,360503.0,0.09208799926768986,1,0
2019,Heartland,Wheat,0.65,transitional,0.0,13783.0,0.0,0,1
2019,Heartland,Corn,0.75,transitional,92111.0,1084871.0,0.08490502557446922,0,1
2019,Heartland,Wheat,0.85,certified,86625.0,500710.0,0.17300433384593877,1,0
2019,Heartland,Corn,0.6,transitional,0.0,143708.0,0.0,0,1
2019,Heartland,Wheat,0.7,transitional,0.0,14842.0,0.0,0,1
2019,Heartland,Corn,0.65,certified,65379.0,1389866.0,0.04703978656935273,1,0
2019,Heartland,Corn,0.8,transitional,130396.0,2330728.0,0.05594646822795281,0,1
2019,Heartland,Wheat,0.85,transitional,6011.0,43290.0,0.13885423885423887,0,1
2019,Heartland,Corn,0.7,transitional,10525.0,339423.0,0.031008505610992772,0,1
2019,Heartland,Wheat,0.6,certified,12673.0,50231.0,0.2522943998725886,1,0
2019,Heartland,Corn,0.6,certified,76898.0,765213.0,0.1004922812341139,1,0
2019,Heartland,Soybeans,0.65,conventional,4908103.0,95642623.0,0.05131710994584496,0,0
2019,Heartland,Soybeans,0.7,conventional,20806855.0,355654214.0,0.05850304644499446,0,0
2019,Heartland,Soybeans,0.7,certified,227105.0,2795930.0,0.08122699781468062,1,0
2019,Heartland,Soybeans,0.75,conventional,66846045.0,1185531995.0,0.0563848510895735,0,0
2019,Heartland,Soybeans,0.8,conventional,73903300.0,2084368717.0,0.03545596294803728,0,0
2019,Heartland,Soybeans,0.85,conventional,60355002.0,1758649351.0,0.0343189516236884,0,0
2019,Heartland,Soybeans,0.5,conventional,1005886.0,20081644.0,0.050089823323229914,0,0
2019,Heartland,Soybeans,0.75,certified,622886.0,5391474.0,0.11553167093080667,1,0
2019,Heartland,Soybeans,0.55,conventional,212728.0,4572994.0,0.046518320382663965,0,0
2019,Heartland,Soybeans,0.8,certified,977460.0,7216954.0,0.13543941114215222,1,0
2019,Heartland,Soybeans,0.6,conventional,1462960.0,22061208.0,0.06631368508922993,0,0
2019,Heartland,Soybeans,0.85,certified,1186565.0,7113595.0,0.16680243955412136,1,0
2019,Heartland,Soybeans,0.85,transitional,27383.0,541658.0,0.050554039633864914,0,1
2019,Heartland,Corn,0.5,transitional,0.0,62218.0,0.0,0,1
2019,Heartland,Corn,0.55,transitional,28305.0,123729.0,0.22876609364013287,0,1
2019,Heartland,Soybeans,0.6,certified,2213.0,288498.0,0.007670763748795485,1,0
2019,Heartland,Soybeans,0.65,certified,25437.0,886727.0,0.02868639389575371,1,0
2019,Heartland,Soybeans,0.7,transitional,17192.0,55744.0,0.3084098737083812,0,1
2019,Heartland,Soybeans,0.5,certified,0.0,99882.0,0.0,1,0
2019,Heartland,Soybeans,0.8,transitional,12400.0,541775.0,0.022887730146278436,0,1
2019,Heartland,Soybeans,0.75,transitional,70080.0,552798.0,0.12677325171219866,0,1
2019,Heartland,Soybeans,0.55,transitional,3343.0,59037.0,0.056625506038585974,0,1
2019,Heartland,Corn,0.55,certified,0.0,114325.0,0.0,1,0
2019,Heartland,Soybeans,0.5,transitional,0.0,47470.0,0.0,0,1
2019,Prairie Gateway,Corn,0.8,certified,5113263.0,16029389.0,0.3189930071570414,1,0
2019,Prairie Gateway,Soybeans,0.5,conventional,27939.0,2198796.0,0.012706499375112562,0,0
2019,Prairie Gateway,Soybeans,0.6,conventional,268530.0,3303276.0,0.08129202646100417,0,0
2019,Prairie Gateway,Soybeans,0.65,certified,27497.0,175170.0,0.1569732260090198,1,0
2019,Prairie Gateway,Soybeans,0.8,certified,492399.0,825939.0,0.5961687243246777,1,0
2019,Prairie Gateway,Soybeans,0.85,conventional,1034720.0,16034515.0,0.06453079497571333,0,0
2019,Prairie Gateway,Corn,0.7,transitional,16339.0,149430.0,0.10934216690089005,0,1
2019,Prairie Gateway,Soybeans,0.55,conventional,40529.0,585154.0,0.06926210877820198,0,0
2019,Prairie Gateway,Soybeans,0.6,certified,217592.0,247445.0,0.8793550081836368,1,0
2019,Prairie Gateway,Wheat,0.85,conventional,94621.0,678326.0,0.1394919257112362,0,0
2019,Prairie Gateway,Wheat,0.85,certified,6153.0,19262.0,0.3194372339320943,1,0
2019,Prairie Gateway,Soybeans,0.75,certified,53597.0,600645.0,0.08923240849420207,1,0
2019,Prairie Gateway,Wheat,0.5,transitional,0.0,9052.0,0.0,0,1
2019,Prairie Gateway,Corn,0.75,transitional,381654.0,1020289.0,0.3740646032643692,0,1
2019,Prairie Gateway,Wheat,0.8,certified,56330.0,606592.0,0.0928630776535134,1,0
2019,Prairie Gateway,Wheat,0.8,transitional,0.0,4792.0,0.0,0,1
2019,Prairie Gateway,Corn,0.65,transitional,0.0,2872.0,0.0,0,1
2019,Prairie Gateway,Wheat,0.6,certified,64849.0,512253.0,0.12659564707283316,1,0
2019,Prairie Gateway,Wheat,0.65,transitional,0.0,2382.0,0.0,0,1
2019,Eastern Uplands,Corn,0.5,conventional,30196.0,731229.0,0.041294861117379095,0,0
2019,Eastern Uplands,Corn,0.65,conventional,42311.0,1382429.0,0.03060627345057142,0,0
2019,Eastern Uplands,Corn,0.7,conventional,479289.0,7320586.0,0.06547139805474589,0,0
2019,Eastern Uplands,Corn,0.7,certified,18589.0,20520.0,0.9058966861598441,1,0
2019,Eastern Uplands,Corn,0.7,transitional,557.0,591.0,0.9424703891708968,0,1
2019,Eastern Uplands,Corn,0.75,conventional,3067162.0,24087907.0,0.12733202598299637,0,0
2019,Eastern Uplands,Corn,0.8,conventional,3900019.0,29046613.0,0.13426759946159644,0,0
2019,Eastern Uplands,Corn,0.85,conventional,473666.0,1846596.0,0.2565076497512179,0,0
2019,Eastern Uplands,Corn,0.75,transitional,8117.0,31928.0,0.2542282635930844,0,1
2019,Eastern Uplands,Corn,0.75,certified,180475.0,323156.0,0.5584764014903019,1,0
2019,Eastern Uplands,Corn,0.8,certified,19214.0,42204.0,0.4552649038005876,1,0
2019,Mississippi Portal,Wheat,0.55,conventional,8937.0,25536.0,0.3499765037593985,0,0
2019,Mississippi Portal,Wheat,0.75,conventional,33324.0,77645.0,0.42918410715435634,0,0
2019,Mississippi Portal,Wheat,0.75,certified,8923.0,148201.0,0.06020877052111659,1,0
2019,Mississippi Portal,Corn,0.75,certified,201599.0,1485162.0,0.13574209412845198,1,0
2019,Mississippi Portal,Corn,0.8,certified,12854.0,312432.0,0.0411417524453321,1,0
2019,Mississippi Portal,Corn,0.55,certified,0.0,114370.0,0.0,1,0
2019,Northern Crescent,Wheat,0.5,conventional,66004.0,2579612.0,0.025586793672846924,0,0
2019,Northern Crescent,Wheat,0.5,certified,0.0,9415.0,0.0,1,0
2019,Southern Seaboard,Corn,0.85,certified,403622.0,815572.0,0.49489438087624393,1,0
2019,Southern Seaboard,Corn,0.85,transitional,2819.0,22334.0,0.12622011283245277,0,1
2019,Southern Seaboard,Corn,0.75,transitional,3493.0,34329.0,0.10175070639983687,0,1
2019,Northern Crescent,Corn,0.5,conventional,4304561.0,87421130.0,0.04923936581464916,0,0
2019,Northern Crescent,Corn,0.55,conventional,774678.0,11570199.0,0.06695459602725934,0,0
2019,Northern Crescent,Corn,0.6,conventional,2210866.0,29402378.0,0.07519344183657525,0,0
2019,Northern Crescent,Corn,0.65,conventional,6767052.0,63931037.0,0.10584924502319586,0,0
2019,Northern Crescent,Corn,0.7,conventional,40842887.0,363847099.0,0.11225288620481759,0,0
2019,Northern Crescent,Corn,0.7,certified,1868390.0,5915186.0,0.3158632712479371,1,0
2019,Northern Crescent,Corn,0.75,conventional,130070386.0,1056497246.0,0.12311474212778023,0,0
2019,Northern Crescent,Corn,0.8,conventional,149485260.0,1101634540.0,0.13569405694196915,0,0
2019,Southern Seaboard,Wheat,0.65,conventional,660286.0,1940656.0,0.3402385585080509,0,0
2019,Southern Seaboard,Wheat,0.75,conventional,2812907.0,8097150.0,0.3473947006045337,0,0
2019,Southern Seaboard,Wheat,0.8,conventional,64524.0,403134.0,0.16005596154132373,0,0
2019,Southern Seaboard,Corn,0.6,certified,38856.0,137473.0,0.28264459202898023,1,0
2019,Southern Seaboard,Corn,0.7,transitional,0.0,44508.0,0.0,0,1
2019,Southern Seaboard,Soybeans,0.85,certified,29964.0,39175.0,0.7648755583918315,1,0
2019,Northern Crescent,Corn,0.75,certified,5885384.0,21606479.0,0.2723897771589716,1,0
2019,Northern Crescent,Soybeans,0.5,conventional,244807.0,5943366.0,0.04118995868671053,0,0
2019,Northern Crescent,Soybeans,0.6,conventional,348272.0,4477224.0,0.07778748617446882,0,0
2019,Northern Crescent,Soybeans,0.65,conventional,1232462.0,13936190.0,0.08843607901442216,0,0
2019,Northern Crescent,Soybeans,0.7,conventional,6328358.0,71463027.0,0.08855429535611471,0,0
2019,Northern Crescent,Soybeans,0.75,conventional,18859239.0,242529589.0,0.07776056965981169,0,0
2019,Northern Crescent,Soybeans,0.75,certified,859424.0,2836223.0,0.3030170758787303,1,0
2019,Northern Crescent,Soybeans,0.8,conventional,18274096.0,289820955.0,0.06305305287535196,0,0
2019,Northern Crescent,Wheat,0.55,conventional,22028.0,271317.0,0.08118916249258248,0,0
2019,Northern Crescent,Wheat,0.55,certified,21598.0,528230.0,0.04088749219090169,1,0
2019,Northern Crescent,Wheat,0.6,conventional,150267.0,1507855.0,0.09965613404471915,0,0
2019,Northern Crescent,Wheat,0.65,conventional,358240.0,2755563.0,0.13000610038674493,0,0
2019,Northern Crescent,Wheat,0.7,certified,100635.0,511434.0,0.1967702577458675,1,0
2019,Northern Crescent,Wheat,0.75,conventional,4779093.0,32762553.0,0.14587059195295313,0,0
2019,Northern Crescent,Wheat,0.8,conventional,3793710.0,17577677.0,0.21582544724197628,0,0
2019,Northern Crescent,Wheat,0.85,conventional,990436.0,3400766.0,0.2912390914282253,0,0
2019,Northern Crescent,Corn,0.5,certified,692402.0,3139272.0,0.22056132759442318,1,0
2019,Northern Crescent,Corn,0.8,certified,4058170.0,14838597.0,0.27348744628619537,1,0
2019,Northern Crescent,Corn,0.85,conventional,39385928.0,301687451.0,0.1305520924700312,0,0
2019,Northern Crescent,Wheat,0.65,certified,54691.0,232656.0,0.2350723815418472,1,0
2019,Northern Crescent,Wheat,0.7,conventional,2262642.0,15225545.0,0.14860827641966182,0,0
2019,Northern Crescent,Wheat,0.75,certified,312938.0,1072854.0,0.2916874057420674,1,0
2019,Northern Crescent,Wheat,0.8,certified,206272.0,781976.0,0.26378303170429784,1,0
2019,Northern Crescent,Corn,0.65,certified,302805.0,1407571.0,0.21512591549555937,1,0
2019,Northern Crescent,Corn,0.8,transitional,89856.0,254953.0,0.35244143038128595,0,1
2019,Northern Crescent,Corn,0.85,certified,877626.0,2091678.0,0.41957987797356955,1,0
2019,Northern Crescent,Corn,0.85,transitional,124481.0,146455.0,0.8499607387934861,0,1
2019,Northern Crescent,Corn,0.75,transitional,103900.0,285966.0,0.36332990635250345,0,1
2019,Northern Crescent,Wheat,0.75,transitional,8373.0,53971.0,0.1551388708750996,0,1
2019,Northern Crescent,Wheat,0.6,certified,57600.0,444542.0,0.1295715590427901,1,0
2019,Northern Crescent,Wheat,0.6,transitional,2545.0,46682.0,0.054517801293860586,0,1
2019,Northern Crescent,Corn,0.7,transitional,15768.0,63438.0,0.2485576468362811,0,1
2019,Northern Crescent,Corn,0.5,transitional,1228.0,41504.0,0.02958750963762529,0,1
2019,Northern Crescent,Corn,0.6,certified,208441.0,1078983.0,0.19318283976670625,1,0
2019,Northern Crescent,Corn,0.55,transitional,4201.0,64213.0,0.06542288944606232,0,1
2019,Northern Crescent,Wheat,0.55,transitional,0.0,5256.0,0.0,0,1
2019,Northern Crescent,Wheat,0.65,transitional,1426.0,17462.0,0.08166303974344291,0,1
2019,Northern Crescent,Soybeans,0.8,certified,626280.0,2101458.0,0.29802165924800783,1,0
2019,Northern Crescent,Soybeans,0.85,conventional,8401949.0,98281119.0,0.08548894320179647,0,0
2019,Northern Great Plains,Corn,0.55,conventional,294165.0,6039866.0,0.04870389508641417,0,0
2019,Northern Great Plains,Corn,0.6,transitional,0.0,2029.0,0.0,0,1
2019,Northern Crescent,Soybeans,0.85,certified,142452.0,589594.0,0.24161032846331543,1,0
2019,Northern Great Plains,Soybeans,0.5,conventional,173686.0,3756865.0,0.04623163195909355,0,0
2019,Northern Great Plains,Soybeans,0.6,conventional,509482.0,9890791.0,0.05151074368066214,0,0
2019,Northern Great Plains,Soybeans,0.65,conventional,2834728.0,28976416.0,0.09782879980740199,0,0
2019,Northern Great Plains,Soybeans,0.7,conventional,20324542.0,186063380.0,0.10923450923013438,0,0
2019,Northern Great Plains,Soybeans,0.7,certified,310600.0,872811.0,0.35586169285217534,1,0
2019,Northern Great Plains,Soybeans,0.75,conventional,77007783.0,577613680.0,0.1333205664381079,0,0
2019,Northern Great Plains,Soybeans,0.55,conventional,74681.0,1312475.0,0.05690089335034953,0,0
2019,Northern Great Plains,Soybeans,0.75,certified,468172.0,1659802.0,0.28206496919512086,1,0
2019,Northern Great Plains,Soybeans,0.8,conventional,18897537.0,122346143.0,0.15445960564527156,0,0
2019,Northern Great Plains,Soybeans,0.85,conventional,933259.0,3832649.0,0.24350234002644125,0,0
2019,Northern Crescent,Wheat,0.85,certified,21092.0,26297.0,0.8020686770354033,1,0
2019,Northern Crescent,Soybeans,0.55,conventional,79843.0,1248571.0,0.06394750478747303,0,0
2019,Northern Crescent,Soybeans,0.5,certified,14013.0,117794.0,0.1189619165662088,1,0
2019,Northern Crescent,Soybeans,0.65,certified,39500.0,118458.0,0.33345151868172684,1,0
2019,Northern Great Plains,Wheat,0.85,certified,31310.0,31310.0,1.0,1,0
2019,Northern Great Plains,Corn,0.85,certified,353325.0,489979.0,0.7211023329571268,1,0
2019,Northern Great Plains,Soybeans,0.85,certified,3140.0,102696.0,0.030575679675936746,1,0
2019,Northern Crescent,Soybeans,0.75,transitional,8296.0,154981.0,0.05352914228195714,0,1
2019,Heartland,Corn,0.65,transitional,3170.0,141869.0,0.02234455730286391,0,1
2019,Northern Great Plains,Wheat,0.5,certified,20781.0,147556.0,0.1408346661606441,1,0
2019,Northern Great Plains,Wheat,0.65,certified,169129.0,565577.0,0.29903797360925216,1,0
2019,Northern Great Plains,Wheat,0.8,certified,360931.0,612413.0,0.589358815048015,1,0
2019,Northern Great Plains,Corn,0.6,certified,24810.0,195773.0,0.12672840483621337,1,0
2019,Northern Great Plains,Corn,0.7,transitional,3715.0,67612.0,0.054945867597467904,0,1
2019,Northern Crescent,Soybeans,0.6,certified,13883.0,104084.0,0.13338265247300257,1,0
2019,Northern Crescent,Soybeans,0.7,certified,342960.0,1180316.0,0.29056625513845447,1,0
2019,Heartland,Wheat,0.55,conventional,23327.0,48581.0,0.48016714353348017,0,0
2019,Northern Crescent,Corn,0.55,certified,0.0,157839.0,0.0,1,0
2019,Northern Crescent,Wheat,0.8,transitional,18659.0,32333.0,0.5770884235919957,0,1
2019,Northern Crescent,Soybeans,0.8,transitional,162.0,27831.0,0.005820847256656246,0,1
2019,Southern Seaboard,Corn,0.55,certified,0.0,72175.0,0.0,1,0
2019,Eastern Uplands,Corn,0.6,conventional,27992.0,619007.0,0.04522081333490575,0,0
2019,Prairie Gateway,Corn,0.5,certified,99.0,448560.0,0.00022070626003210274,1,0
2019,Prairie Gateway,Corn,0.8,transitional,123528.0,554422.0,0.22280501134514863,0,1
2019,Prairie Gateway,Corn,0.85,certified,4703358.0,9532465.0,0.49340417195342445,1,0
2019,Prairie Gateway,Corn,0.85,transitional,21514.0,288797.0,0.0744952336762501,0,1
2019,Prairie Gateway,Soybeans,0.5,certified,2647.0,2868.0,0.9229428172942817,1,0
2019,Prairie Gateway,Soybeans,0.85,certified,160512.0,771293.0,0.20810768410967037,1,0
2019,Prairie Gateway,Wheat,0.65,certified,104464.0,632390.0,0.16518920286532046,1,0
2019,Prairie Gateway,Corn,0.6,certified,9165.0,5050327.0,0.0018147339766316122,1,0
2019,Northern Great Plains,Soybeans,0.8,certified,520696.0,924009.0,0.5635183207089974,1,0
2019,Northern Great Plains,Wheat,0.7,transitional,1313.0,38565.0,0.03404641514326462,0,1
2019,Prairie Gateway,Soybeans,0.75,transitional,0.0,52203.0,0.0,0,1
2019,Prairie Gateway,Wheat,0.85,transitional,0.0,37883.0,0.0,0,1
2019,Northern Great Plains,Corn,0.85,transitional,52132.0,101326.0,0.5144977597062945,0,1
2019,Northern Great Plains,Corn,0.8,transitional,11825.0,94156.0,0.12558944730022517,0,1
2019,Heartland,Wheat,0.5,certified,0.0,6575.0,0.0,1,0
2019,Heartland,Wheat,0.55,certified,0.0,24140.0,0.0,1,0
2019,Prairie Gateway,Wheat,0.5,certified,26339.0,482009.0,0.05464420788823445,1,0
2019,Prairie Gateway,Wheat,0.55,certified,9681.0,107246.0,0.0902691009454898,1,0
2019,Northern Crescent,Corn,0.6,transitional,11012.0,17452.0,0.630987852395141,0,1
2019,Northern Crescent,Soybeans,0.7,transitional,43786.0,101740.0,0.4303715352860232,0,1
2019,Southern Seaboard,Corn,0.8,transitional,0.0,19200.0,0.0,0,1
2019,Southern Seaboard,Wheat,0.5,conventional,185881.0,518541.0,0.35846924351208487,0,0
2019,Southern Seaboard,Wheat,0.85,transitional,1142.0,1142.0,1.0,0,1
2019,Southern Seaboard,Soybeans,0.6,certified,99669.0,216478.0,0.4604116815565554,1,0
2019,Southern Seaboard,Soybeans,0.5,certified,7764.0,99724.0,0.07785487946732983,1,0
2019,Southern Seaboard,Soybeans,0.5,transitional,0.0,50507.0,0.0,0,1
2019,Southern Seaboard,Wheat,0.65,certified,20977.0,87316.0,0.24024233817398874,1,0
2019,Southern Seaboard,Wheat,0.5,certified,39501.0,94926.0,0.416124138802857,1,0
2019,Southern Seaboard,Wheat,0.75,transitional,1828.0,1828.0,1.0,0,1
2019,Southern Seaboard,Wheat,0.55,conventional,0.0,9862.0,0.0,0,0
2019,Southern Seaboard,Wheat,0.7,transitional,4118.0,4271.0,0.9641770077265277,0,1
2019,Southern Seaboard,Corn,0.6,transitional,0.0,2189.0,0.0,0,1
2019,Southern Seaboard,Soybeans,0.6,transitional,351.0,351.0,1.0,0,1
2019,Southern Seaboard,Soybeans,0.7,transitional,0.0,19680.0,0.0,0,1
2019,Southern Seaboard,Corn,0.5,certified,1014.0,26137.0,0.038795577151165016,1,0
2019,Southern Seaboard,Wheat,0.65,transitional,0.0,5324.0,0.0,0,1
2019,Northern Great Plains,Wheat,0.75,transitional,9676.0,14694.0,0.6585000680549884,0,1
2019,Northern Great Plains,Soybeans,0.6,certified,5404.0,60529.0,0.08927951890829189,1,0
2019,Northern Great Plains,Corn,0.55,certified,0.0,170036.0,0.0,1,0
2019,Northern Great Plains,Soybeans,0.5,certified,11356.0,11470.0,0.9900610287707062,1,0
2019,Eastern Uplands,Corn,0.55,conventional,0.0,27946.0,0.0,0,0
2019,Eastern Uplands,Corn,0.6,certified,9988.0,22741.0,0.43920671914163845,1,0
2019,Fruitful Rim,Wheat,0.85,certified,155627.0,1037067.0,0.1500645570633334,1,0
2019,Basin and Range,Wheat,0.5,certified,45849.0,893008.0,0.05134220522100586,1,0
2019,Eastern Uplands,Corn,0.8,transitional,10432.0,10432.0,1.0,0,1
2019,Eastern Uplands,Soybeans,0.65,conventional,0.0,188710.0,0.0,0,0
2019,Eastern Uplands,Soybeans,0.7,conventional,17304.0,372108.0,0.046502628269212164,0,0
2019,Eastern Uplands,Soybeans,0.75,conventional,111746.0,1449112.0,0.07711343222608052,0,0
2019,Eastern Uplands,Soybeans,0.8,conventional,188598.0,1411942.0,0.13357347539771464,0,0
2019,Eastern Uplands,Soybeans,0.8,transitional,3586.0,5286.0,0.6783957623912221,0,1
2019,Eastern Uplands,Soybeans,0.85,conventional,26306.0,195955.0,0.13424510729504222,0,0
2019,Northern Crescent,Soybeans,0.85,transitional,6103.0,25353.0,0.24072101920877215,0,1
2019,Eastern Uplands,Soybeans,0.7,transitional,1234.0,13388.0,0.09217209441290708,0,1
2019,Eastern Uplands,Corn,0.5,certified,1485.0,5020.0,0.2958167330677291,1,0
2019,Northern Great Plains,Soybeans,0.7,transitional,503.0,503.0,1.0,0,1
2019,Northern Great Plains,Soybeans,0.65,certified,7581.0,55953.0,0.1354887137418905,1,0
2019,Mississippi Portal,Corn,0.65,certified,14286.0,165346.0,0.08640063866074776,1,0
2019,Mississippi Portal,Corn,0.85,transitional,0.0,12944.0,0.0,0,1
2019,Prairie Gateway,Corn,0.55,transitional,15730.0,106579.0,0.14759005057281452,0,1
2019,Prairie Gateway,Wheat,0.6,transitional,0.0,413.0,0.0,0,1
2019,Fruitful Rim,Corn,0.55,conventional,24193.0,148184.0,0.1632632402958484,0,0
2019,Basin and Range,Corn,0.65,certified,36265.0,161649.0,0.22434410358245335,1,0
2019,Basin and Range,Wheat,0.55,conventional,0.0,40223.0,0.0,0,0
2019,Eastern Uplands,Soybeans,0.55,conventional,0.0,6096.0,0.0,0,0
2019,Eastern Uplands,Soybeans,0.7,certified,10031.0,12749.0,0.7868068083771276,1,0
2019,Northern Crescent,Soybeans,0.5,transitional,358.0,358.0,1.0,0,1
2019,Northern Crescent,Corn,0.65,transitional,537.0,9001.0,0.05966003777358071,0,1
2019,Northern Great Plains,Corn,0.55,transitional,0.0,14300.0,0.0,0,1
2020,Fruitful Rim,Corn,0.5,certified,26859.0,2570267.0,0.010449887112895274,1,0
2020,Fruitful Rim,Corn,0.75,conventional,231378.0,10540122.0,0.021952117821786122,0,0
2020,Fruitful Rim,Corn,0.8,conventional,497128.0,2686440.0,0.1850508479623591,0,0
2020,Fruitful Rim,Corn,0.5,conventional,8093.0,23761160.0,0.00034059784959993537,0,0
2020,Fruitful Rim,Corn,0.7,conventional,123306.0,8101384.0,0.015220362347964249,0,0
2020,Fruitful Rim,Corn,0.7,certified,60752.0,537921.0,0.11293851699413111,1,0
2020,Fruitful Rim,Wheat,0.5,conventional,209222.0,15208819.0,0.01375662370628515,0,0
2020,Fruitful Rim,Wheat,0.5,certified,8067.0,1268346.0,0.006360251855566225,1,0
2020,Fruitful Rim,Wheat,0.8,certified,197531.0,1852216.0,0.10664576917594924,1,0
2020,Fruitful Rim,Wheat,0.6,conventional,1610.0,1547513.0,0.001040378982276724,0,0
2020,Fruitful Rim,Wheat,0.75,conventional,1270392.0,27137680.0,0.04681284472364624,0,0
2020,Fruitful Rim,Wheat,0.75,certified,190551.0,1868421.0,0.1019850451263393,1,0
2020,Fruitful Rim,Wheat,0.8,conventional,5817198.0,68469481.0,0.08496045121183261,0,0
2020,Fruitful Rim,Wheat,0.85,conventional,1696735.0,27199329.0,0.06238150213190921,0,0
2020,Mississippi Portal,Corn,0.5,conventional,702159.0,7609758.0,0.09227087116305144,0,0
2020,Mississippi Portal,Corn,0.6,conventional,654612.0,3393532.0,0.19289990487786765,0,0
2020,Mississippi Portal,Corn,0.65,conventional,441673.0,6028563.0,0.07326339626872938,0,0
2020,Mississippi Portal,Corn,0.7,conventional,3278421.0,14414456.0,0.22743980071117495,0,0
2020,Mississippi Portal,Corn,0.7,certified,129256.0,292098.0,0.4425090209450253,1,0
2020,Mississippi Portal,Corn,0.75,conventional,4391967.0,22557450.0,0.19470139576946863,0,0
2020,Mississippi Portal,Corn,0.8,conventional,4677979.0,24998665.0,0.187129152696754,0,0
2020,Mississippi Portal,Corn,0.55,conventional,77359.0,217193.0,0.35617630402453115,0,0
2020,Mississippi Portal,Corn,0.85,conventional,668960.0,3040270.0,0.22003308916642272,0,0
2020,Mississippi Portal,Corn,0.85,certified,180719.0,239508.0,0.7545426457571355,1,0
2020,Mississippi Portal,Corn,0.5,certified,0.0,292408.0,0.0,1,0
2020,Fruitful Rim,Wheat,0.65,conventional,28665.0,1680310.0,0.0170593521433545,0,0
2020,Fruitful Rim,Wheat,0.7,conventional,279601.0,8438648.0,0.03313338819204214,0,0
2020,Fruitful Rim,Corn,0.55,conventional,0.0,727658.0,0.0,0,0
2020,Fruitful Rim,Corn,0.6,certified,2877.0,316339.0,0.009094673751892749,1,0
2020,Fruitful Rim,Corn,0.85,conventional,622878.0,1762399.0,0.3534262105232697,0,0
2020,Fruitful Rim,Corn,0.6,conventional,0.0,364401.0,0.0,0,0
2020,Fruitful Rim,Corn,0.65,conventional,4364.0,2570453.0,0.0016977552205778514,0,0
2020,Fruitful Rim,Corn,0.85,certified,2080001.0,3654033.0,0.5692343227332649,1,0
2020,Fruitful Rim,Wheat,0.65,certified,0.0,827947.0,0.0,1,0
2020,Basin and Range,Wheat,0.5,conventional,45817.0,536141.0,0.08545699731973493,0,0
2020,Basin and Range,Wheat,0.75,conventional,1092818.0,8305959.0,0.13157035810073225,0,0
2020,Basin and Range,Wheat,0.75,certified,818304.0,3756378.0,0.2178438911100001,1,0
2020,Basin and Range,Wheat,0.8,conventional,181535.0,6477784.0,0.028024244093350442,0,0
2020,Basin and Range,Wheat,0.8,certified,3561521.0,7119317.0,0.5002616121743139,1,0
2020,Basin and Range,Wheat,0.8,transitional,8663.0,48229.0,0.17962221899686912,0,1
2020,Fruitful Rim,Corn,0.65,certified,0.0,498093.0,0.0,1,0
2020,Prairie Gateway,Wheat,0.5,conventional,295811.0,5099691.0,0.05800567132400767,0,0
2020,Prairie Gateway,Wheat,0.55,conventional,166836.0,2184997.0,0.0763552535770072,0,0
2020,Prairie Gateway,Wheat,0.6,conventional,1016218.0,13120338.0,0.07745364486799045,0,0
2020,Prairie Gateway,Wheat,0.65,conventional,3134070.0,25481032.0,0.12299619575847634,0,0
2020,Prairie Gateway,Wheat,0.7,conventional,17491303.0,145643504.0,0.12009669171376157,0,0
2020,Prairie Gateway,Wheat,0.7,certified,452425.0,3251294.0,0.13915228828890897,1,0
2020,Prairie Gateway,Wheat,0.75,conventional,13979838.0,129554172.0,0.10790727758269336,0,0
2020,Prairie Gateway,Wheat,0.8,conventional,2354122.0,35555706.0,0.0662094011014716,0,0
2020,Prairie Gateway,Wheat,0.85,conventional,218118.0,1266727.0,0.17219021936060414,0,0
2020,Prairie Gateway,Corn,0.6,conventional,2807500.0,53249455.0,0.0527235443066976,0,0
2020,Prairie Gateway,Corn,0.65,conventional,10809593.0,149192049.0,0.07245421637717436,0,0
2020,Prairie Gateway,Corn,0.7,conventional,49243289.0,753997996.0,0.06530957543818193,0,0
2020,Prairie Gateway,Corn,0.7,certified,3070646.0,13315396.0,0.23060868786778854,1,0
2020,Prairie Gateway,Corn,0.75,conventional,67002278.0,1175566302.0,0.05699574569805932,0,0
2020,Basin and Range,Wheat,0.7,conventional,511133.0,2465907.0,0.20727991769357076,0,0
2020,Basin and Range,Wheat,0.7,certified,1056343.0,2680979.0,0.39401390313016255,1,0
2020,Prairie Gateway,Corn,0.75,certified,5282212.0,28453951.0,0.18564072174018997,1,0
2020,Prairie Gateway,Corn,0.8,conventional,34843102.0,579357383.0,0.06014094757812036,0,0
2020,Prairie Gateway,Corn,0.85,conventional,14133230.0,128078786.0,0.11034793849466999,0,0
2020,Prairie Gateway,Corn,0.5,conventional,1096601.0,43298062.0,0.025326791762642863,0,0
2020,Prairie Gateway,Corn,0.55,conventional,175215.0,5983926.0,0.029280943648033082,0,0
2020,Prairie Gateway,Corn,0.8,certified,5485084.0,19217967.0,0.28541437291467925,1,0
2020,Basin and Range,Wheat,0.5,certified,31675.0,409078.0,0.07743022113142237,1,0
2020,Basin and Range,Wheat,0.65,conventional,186925.0,1050956.0,0.1778618705255025,0,0
2020,Basin and Range,Wheat,0.65,certified,238004.0,598866.0,0.3974244655732668,1,0
2020,Basin and Range,Wheat,0.85,certified,132545.0,384725.0,0.3445188121385405,1,0
2020,Prairie Gateway,Wheat,0.6,certified,92445.0,562526.0,0.16433907054962793,1,0
2020,Prairie Gateway,Soybeans,0.65,conventional,606359.0,27670369.0,0.021913657891587928,0,0
2020,Prairie Gateway,Soybeans,0.7,conventional,3464891.0,134767612.0,0.025710116463293867,0,0
2020,Prairie Gateway,Soybeans,0.7,certified,169308.0,778364.0,0.21751776803654846,1,0
2020,Prairie Gateway,Soybeans,0.75,conventional,6235664.0,299182284.0,0.02084235709625106,0,0
2020,Northern Great Plains,Wheat,0.6,certified,50285.0,778316.0,0.06460743451246023,1,0
2020,Northern Great Plains,Wheat,0.65,conventional,2257656.0,35806796.0,0.06305104762794192,0,0
2020,Northern Great Plains,Wheat,0.7,conventional,17121377.0,216806515.0,0.0789707680140516,0,0
2020,Northern Great Plains,Wheat,0.75,conventional,33595995.0,315468066.0,0.10649570787301178,0,0
2020,Northern Great Plains,Wheat,0.75,certified,1049577.0,2528231.0,0.4151428409824893,1,0
2020,Northern Great Plains,Corn,0.5,conventional,710010.0,11600140.0,0.06120701991527688,0,0
2020,Northern Great Plains,Corn,0.6,conventional,1258414.0,23981661.0,0.05247401337213465,0,0
2020,Northern Great Plains,Corn,0.65,conventional,5726993.0,61253707.0,0.09349626790750803,0,0
2020,Northern Great Plains,Corn,0.65,certified,844423.0,1807883.0,0.4670783452247739,1,0
2020,Northern Great Plains,Corn,0.7,conventional,50546928.0,355332783.0,0.1422523629068022,0,0
2020,Northern Great Plains,Corn,0.7,certified,1473949.0,8080921.0,0.1823986399570049,1,0
2020,Northern Great Plains,Corn,0.75,conventional,322901129.0,1059096154.0,0.30488367631254754,0,0
2020,Northern Great Plains,Corn,0.75,certified,1424325.0,5634052.0,0.25280650586824543,1,0
2020,Northern Great Plains,Corn,0.85,conventional,6308836.0,19114854.0,0.3300488719401153,0,0
2020,Prairie Gateway,Wheat,0.75,certified,114628.0,5503906.0,0.02082666382747089,1,0
2020,Basin and Range,Wheat,0.6,certified,0.0,88732.0,0.0,1,0
2020,Northern Great Plains,Wheat,0.5,conventional,163598.0,6635534.0,0.024654835616847115,0,0
2020,Northern Great Plains,Wheat,0.55,conventional,56684.0,1465768.0,0.03867187713198814,0,0
2020,Northern Great Plains,Wheat,0.6,conventional,265416.0,8436645.0,0.03145989904754793,0,0
2020,Northern Great Plains,Wheat,0.65,certified,158206.0,877602.0,0.18027078333914462,1,0
2020,Northern Great Plains,Wheat,0.7,certified,929756.0,2549191.0,0.3647259071603501,1,0
2020,Northern Great Plains,Wheat,0.8,conventional,5238297.0,33155969.0,0.15798956139692374,0,0
2020,Northern Great Plains,Wheat,0.8,certified,230942.0,435654.0,0.530104165232042,1,0
2020,Northern Great Plains,Wheat,0.85,conventional,566254.0,2238192.0,0.2529961683358711,0,0
2020,Northern Great Plains,Corn,0.8,certified,1776837.0,6770870.0,0.26242373579761535,1,0
2020,Northern Great Plains,Corn,0.5,certified,1136.0,248433.0,0.004572661441917942,1,0
2020,Northern Great Plains,Corn,0.7,transitional,23142.0,56244.0,0.41145722210369107,0,1
2020,Northern Great Plains,Corn,0.8,conventional,146852177.0,345865038.0,0.42459387583430735,0,0
2020,Prairie Gateway,Corn,0.65,certified,130861.0,914535.0,0.1430902043114807,1,0
2020,Southern Seaboard,Corn,0.5,conventional,104180.0,10445224.0,0.009973936413426844,0,0
2020,Southern Seaboard,Corn,0.55,conventional,166657.0,1118525.0,0.14899711673856195,0,0
2020,Southern Seaboard,Corn,0.6,conventional,452509.0,8616994.0,0.052513556351553685,0,0
2020,Southern Seaboard,Corn,0.65,conventional,560216.0,8048057.0,0.06960885093134903,0,0
2020,Southern Seaboard,Corn,0.7,conventional,1957656.0,39582446.0,0.049457681316611914,0,0
2020,Southern Seaboard,Corn,0.75,conventional,7263343.0,71885609.0,0.1010402930578219,0,0
2020,Southern Seaboard,Corn,0.75,certified,665060.0,3345712.0,0.19877981129278313,1,0
2020,Southern Seaboard,Corn,0.8,conventional,5040064.0,50493174.0,0.09981673958543387,0,0
2020,Southern Seaboard,Corn,0.85,conventional,410891.0,5595839.0,0.07342795244823877,0,0
2020,Southern Seaboard,Soybeans,0.5,conventional,106536.0,3816735.0,0.027912862695471392,0,0
2020,Southern Seaboard,Soybeans,0.6,conventional,514651.0,5328459.0,0.096585335460027,0,0
2020,Southern Seaboard,Soybeans,0.65,conventional,1276808.0,10539769.0,0.12114193394561114,0,0
2020,Southern Seaboard,Soybeans,0.7,conventional,5172513.0,43466496.0,0.1189999994478506,0,0
2020,Southern Seaboard,Soybeans,0.7,certified,295355.0,1522779.0,0.19395788883350767,1,0
2020,Southern Seaboard,Soybeans,0.75,conventional,9277170.0,77707366.0,0.11938597944498595,0,0
2020,Southern Seaboard,Corn,0.8,certified,82010.0,538788.0,0.1522120017520806,1,0
2020,Southern Seaboard,Soybeans,0.55,conventional,6734.0,300873.0,0.02238153639575502,0,0
2020,Southern Seaboard,Soybeans,0.75,certified,603212.0,3019138.0,0.19979610074133744,1,0
2020,Southern Seaboard,Soybeans,0.8,conventional,1797418.0,21802267.0,0.08244179378227044,0,0
2020,Southern Seaboard,Soybeans,0.85,conventional,165314.0,2499409.0,0.06614123578814031,0,0
2020,Southern Seaboard,Wheat,0.7,conventional,656597.0,6644089.0,0.09882423308899083,0,0
2020,Southern Seaboard,Wheat,0.7,certified,39605.0,701856.0,0.056428954087448135,1,0
2020,Southern Seaboard,Corn,0.7,certified,480225.0,2415561.0,0.198804749704106,1,0
2020,Southern Seaboard,Soybeans,0.65,certified,161415.0,235566.0,0.6852219760067242,1,0
2020,Fruitful Rim,Corn,0.8,certified,47195.0,1690391.0,0.027919576003421695,1,0
2020,Fruitful Rim,Corn,0.75,certified,112316.0,699351.0,0.16060032801840562,1,0
2020,Fruitful Rim,Wheat,0.8,transitional,3719.0,5845.0,0.6362703165098375,0,1
2020,Basin and Range,Wheat,0.6,conventional,7920.0,533211.0,0.014853407000230677,0,0
2020,Basin and Range,Wheat,0.85,conventional,96795.0,18129049.0,0.005339221047943552,0,0
2020,Fruitful Rim,Wheat,0.7,certified,153689.0,321787.0,0.4776109662602902,1,0
2020,Fruitful Rim,Wheat,0.75,transitional,61945.0,188367.0,0.32885271836361996,0,1
2020,Heartland,Corn,0.5,conventional,690106.0,70380239.0,0.009805394380658469,0,0
2020,Heartland,Corn,0.55,conventional,94550.0,14273972.0,0.006623944617517815,0,0
2020,Heartland,Corn,0.6,conventional,778184.0,73330418.0,0.010612021876106038,0,0
2020,Heartland,Corn,0.65,conventional,2353038.0,216835754.0,0.010851706679332966,0,0
2020,Heartland,Corn,0.65,certified,183176.0,1579080.0,0.11600172252197483,1,0
2020,Heartland,Corn,0.7,conventional,13109448.0,885848755.0,0.014798742929880846,0,0
2020,Heartland,Corn,0.75,conventional,61756307.0,3386992417.0,0.018233376221934425,0,0
2020,Heartland,Corn,0.8,conventional,195077843.0,7109633837.0,0.027438521796266734,0,0
2020,Heartland,Corn,0.85,conventional,336076153.0,7268559380.0,0.046236968762302384,0,0
2020,Heartland,Corn,0.8,certified,5412669.0,49584105.0,0.10916137338770156,1,0
2020,Heartland,Corn,0.85,certified,7381244.0,56418320.0,0.13083062381155625,1,0
2020,Heartland,Wheat,0.75,conventional,4132948.0,35494905.0,0.1164377817041629,0,0
2020,Heartland,Wheat,0.8,conventional,2095304.0,24440611.0,0.08573042629744404,0,0
2020,Heartland,Wheat,0.8,certified,119436.0,1014316.0,0.11775028689284207,1,0
2020,Heartland,Wheat,0.75,transitional,10534.0,304672.0,0.03457488709169205,0,1
2020,Heartland,Wheat,0.85,conventional,356300.0,7302077.0,0.0487943361868137,0,0
2020,Heartland,Corn,0.7,certified,500501.0,8336670.0,0.0600360815529462,1,0
2020,Heartland,Corn,0.85,transitional,134808.0,3066096.0,0.04396731217809227,0,1
2020,Heartland,Corn,0.75,certified,2055811.0,20601813.0,0.09978786818422243,1,0
2020,Heartland,Wheat,0.5,conventional,142834.0,757122.0,0.18865387612564422,0,0
2020,Heartland,Wheat,0.5,transitional,0.0,98135.0,0.0,0,1
2020,Heartland,Wheat,0.65,conventional,154189.0,1756172.0,0.08779834777003619,0,0
2020,Heartland,Wheat,0.7,conventional,1085860.0,10066617.0,0.10786741961077888,0,0
2020,Heartland,Wheat,0.75,certified,184635.0,1267953.0,0.145616596198755,1,0
2020,Heartland,Corn,0.5,certified,12076.0,892639.0,0.01352842526486071,1,0
2020,Heartland,Corn,0.8,transitional,114947.0,2617146.0,0.04392074419997967,0,1
2020,Heartland,Wheat,0.65,transitional,0.0,48387.0,0.0,0,1
2020,Heartland,Wheat,0.6,conventional,32930.0,651745.0,0.05052589586418001,0,0
2020,Heartland,Wheat,0.7,certified,72869.0,439128.0,0.165940226995318,1,0
2020,Heartland,Wheat,0.65,certified,15370.0,142616.0,0.10777191899927077,1,0
2020,Heartland,Corn,0.75,transitional,35113.0,844104.0,0.04159795475439045,0,1
2020,Heartland,Wheat,0.8,transitional,238.0,196833.0,0.0012091468402148013,0,1
2020,Heartland,Wheat,0.85,certified,10966.0,761476.0,0.014400979151017235,1,0
2020,Heartland,Wheat,0.85,transitional,0.0,159881.0,0.0,0,1
2020,Heartland,Corn,0.5,transitional,4724.0,132725.0,0.03559239028065549,0,1
2020,Heartland,Wheat,0.7,transitional,0.0,13211.0,0.0,0,1
2020,Heartland,Wheat,0.55,conventional,0.0,85763.0,0.0,0,0
2020,Heartland,Wheat,0.55,certified,0.0,1301.0,0.0,1,0
2020,Heartland,Soybeans,0.65,conventional,972849.0,100013902.0,0.009727137733312316,0,0
2020,Heartland,Soybeans,0.7,conventional,5972582.0,378267527.0,0.015789306704088294,0,0
2020,Heartland,Soybeans,0.7,certified,303609.0,2816815.0,0.10778450128957706,1,0
2020,Heartland,Soybeans,0.75,conventional,24259946.0,1346863580.0,0.018012177595595837,0,0
2020,Heartland,Soybeans,0.8,conventional,39436785.0,2246390562.0,0.01755562263620301,0,0
2020,Heartland,Soybeans,0.85,conventional,49550985.0,1813681328.0,0.027320667768378767,0,0
2020,Heartland,Soybeans,0.5,conventional,147479.0,22831207.0,0.006459535844951167,0,0
2020,Heartland,Soybeans,0.75,certified,496701.0,7361569.0,0.06747216524086101,1,0
2020,Heartland,Soybeans,0.8,certified,960923.0,10067572.0,0.09544734321244487,1,0
2020,Heartland,Soybeans,0.55,conventional,78447.0,4956033.0,0.01582858709778567,0,0
2020,Heartland,Soybeans,0.8,transitional,17114.0,598019.0,0.02861781983515574,0,1
2020,Heartland,Soybeans,0.85,certified,1270373.0,8457665.0,0.15020375008941594,1,0
2020,Heartland,Soybeans,0.6,conventional,168869.0,25105903.0,0.006726266726992453,0,0
2020,Heartland,Soybeans,0.85,transitional,135687.0,1221527.0,0.11107982058521834,0,1
2020,Heartland,Corn,0.6,certified,15878.0,485753.0,0.0326873946223698,1,0
2020,Heartland,Soybeans,0.6,certified,0.0,378311.0,0.0,1,0
2020,Heartland,Soybeans,0.65,certified,58568.0,809293.0,0.07236933965819549,1,0
2020,Heartland,Soybeans,0.75,transitional,5529.0,667625.0,0.008281595206890096,0,1
2020,Heartland,Corn,0.7,transitional,6950.0,192028.0,0.03619263857354136,0,1
2020,Heartland,Corn,0.55,certified,70820.0,265402.0,0.2668404910287036,1,0
2020,Heartland,Soybeans,0.7,transitional,15382.0,136104.0,0.1130165167812849,0,1
2020,Heartland,Soybeans,0.5,certified,0.0,56319.0,0.0,1,0
2020,Heartland,Soybeans,0.55,certified,7220.0,75389.0,0.0957699399116582,1,0
2020,Heartland,Corn,0.65,transitional,0.0,93812.0,0.0,0,1
2020,Prairie Gateway,Soybeans,0.6,conventional,85346.0,4070480.0,0.020967060395825552,0,0
2020,Prairie Gateway,Soybeans,0.75,transitional,0.0,55748.0,0.0,0,1
2020,Prairie Gateway,Soybeans,0.8,conventional,4159459.0,157320474.0,0.026439400379635266,0,0
2020,Prairie Gateway,Soybeans,0.85,conventional,845428.0,27399330.0,0.03085579099926896,0,0
2020,Prairie Gateway,Soybeans,0.5,conventional,20378.0,2605693.0,0.007820568271089495,0,0
2020,Prairie Gateway,Soybeans,0.7,transitional,5627.0,45799.0,0.12286294460577742,0,1
2020,Prairie Gateway,Soybeans,0.65,certified,12568.0,27011.0,0.4652919181074377,1,0
2020,Prairie Gateway,Soybeans,0.8,certified,752037.0,1165761.0,0.6451039278205395,1,0
2020,Prairie Gateway,Soybeans,0.6,certified,0.0,3661.0,0.0,1,0
2020,Prairie Gateway,Wheat,0.65,certified,211642.0,401988.0,0.5264883528861558,1,0
2020,Prairie Gateway,Wheat,0.7,transitional,34770.0,132609.0,0.2621993982308893,0,1
2020,Prairie Gateway,Wheat,0.75,transitional,1292.0,23622.0,0.05469477605621878,0,1
2020,Prairie Gateway,Wheat,0.85,certified,0.0,36113.0,0.0,1,0
2020,Prairie Gateway,Corn,0.7,transitional,30099.0,114085.0,0.26382960073629314,0,1
2020,Prairie Gateway,Corn,0.75,transitional,1124143.0,3852484.0,0.29179692894246934,0,1
2020,Prairie Gateway,Soybeans,0.55,conventional,1100.0,595948.0,0.0018457986267258217,0,0
2020,Prairie Gateway,Soybeans,0.8,transitional,0.0,82720.0,0.0,0,1
2020,Prairie Gateway,Wheat,0.8,certified,6179.0,423500.0,0.014590318772136955,1,0
2020,Prairie Gateway,Soybeans,0.75,certified,494344.0,2139403.0,0.2310663301865053,1,0
2020,Prairie Gateway,Corn,0.5,certified,6985.0,239064.0,0.029218117324231168,1,0
2020,Prairie Gateway,Wheat,0.65,transitional,0.0,2434.0,0.0,0,1
2020,Eastern Uplands,Corn,0.5,conventional,-7938.0,723937.0,-0.010965042538231919,0,0
2020,Eastern Uplands,Corn,0.65,conventional,32140.0,966514.0,0.03325352762608715,0,0
2020,Eastern Uplands,Corn,0.7,conventional,1064455.0,9372552.0,0.11357152246261211,0,0
2020,Eastern Uplands,Corn,0.75,conventional,4171036.0,26641318.0,0.15656267456437403,0,0
2020,Eastern Uplands,Corn,0.75,certified,658994.0,918145.0,0.7177450184883651,1,0
2020,Eastern Uplands,Corn,0.8,conventional,4811571.0,28467683.0,0.1690187079854725,0,0
2020,Eastern Uplands,Corn,0.85,conventional,335039.0,3682509.0,0.09098117614919611,0,0
2020,Eastern Uplands,Corn,0.7,certified,12832.0,89020.0,0.1441473826106493,1,0
2020,Eastern Uplands,Corn,0.8,certified,22405.0,79513.0,0.2817778224944349,1,0
2020,Eastern Uplands,Corn,0.8,transitional,5778.0,24949.0,0.2315924485951341,0,1
2020,Mississippi Portal,Corn,0.8,certified,166849.0,577238.0,0.2890471521278918,1,0
2020,Mississippi Portal,Corn,0.6,certified,53091.0,109638.0,0.48423904120834016,1,0
2020,Mississippi Portal,Corn,0.75,certified,221747.0,874215.0,0.2536527055701401,1,0
2020,Northern Crescent,Wheat,0.6,conventional,77122.0,2091124.0,0.03688064409379836,0,0
2020,Northern Crescent,Wheat,0.7,certified,32090.0,253706.0,0.12648498655924575,1,0
2020,Northern Crescent,Wheat,0.75,conventional,1596031.0,24715037.0,0.06457732594128829,0,0
2020,Southern Seaboard,Corn,0.85,certified,597962.0,1215441.0,0.49197122690447337,1,0
2020,Southern Seaboard,Corn,0.85,transitional,8725.0,37713.0,0.2313525839896057,0,1
2020,Southern Seaboard,Corn,0.75,transitional,1521.0,25103.0,0.06059036768513724,0,1
2020,Southern Seaboard,Wheat,0.65,conventional,258218.0,2117744.0,0.12193069606146918,0,0
2020,Southern Seaboard,Wheat,0.75,conventional,1165004.0,8418456.0,0.1383868965995665,0,0
2020,Southern Seaboard,Wheat,0.75,certified,123698.0,949476.0,0.13028028091284036,1,0
2020,Southern Seaboard,Wheat,0.8,conventional,42060.0,575054.0,0.07314095719706323,0,0
2020,Southern Seaboard,Corn,0.6,certified,34156.0,146493.0,0.233157898329613,1,0
2020,Southern Seaboard,Soybeans,0.75,transitional,3549.0,110596.0,0.03208976816521393,0,1
2020,Southern Seaboard,Soybeans,0.8,certified,42782.0,261266.0,0.16374882303858904,1,0
2020,Southern Seaboard,Soybeans,0.85,certified,0.0,22020.0,0.0,1,0
2020,Northern Crescent,Corn,0.75,conventional,19250747.0,1042600723.0,0.01846416041666221,0,0
2020,Northern Crescent,Corn,0.75,certified,2061553.0,22644660.0,0.09103925605418672,1,0
2020,Northern Crescent,Wheat,0.55,conventional,0.0,125152.0,0.0,0,0
2020,Northern Crescent,Wheat,0.55,certified,0.0,270626.0,0.0,1,0
2020,Northern Crescent,Wheat,0.8,conventional,989529.0,12767747.0,0.07750224060674135,0,0
2020,Northern Crescent,Wheat,0.85,conventional,271481.0,2333041.0,0.11636357869407353,0,0
2020,Northern Crescent,Corn,0.5,conventional,468932.0,90810093.0,0.005163875341477737,0,0
2020,Northern Crescent,Corn,0.5,certified,78175.0,2702852.0,0.028923152285067772,1,0
2020,Northern Crescent,Corn,0.6,conventional,355436.0,33360567.0,0.010654375268861588,0,0
2020,Northern Crescent,Corn,0.65,conventional,965087.0,56052133.0,0.017217667702315628,0,0
2020,Northern Crescent,Corn,0.7,conventional,5771642.0,335943980.0,0.017180370370083728,0,0
2020,Northern Crescent,Corn,0.7,certified,780519.0,6918162.0,0.11282172923964487,1,0
2020,Northern Crescent,Corn,0.8,conventional,27466644.0,1176153629.0,0.023352939040245057,0,0
2020,Northern Crescent,Corn,0.85,conventional,13965677.0,339512873.0,0.041134455010782466,0,0
2020,Northern Crescent,Wheat,0.65,conventional,130731.0,2585519.0,0.0505627690223897,0,0
2020,Northern Crescent,Wheat,0.65,certified,10032.0,261438.0,0.0383723865696647,1,0
2020,Northern Crescent,Wheat,0.7,conventional,800785.0,10139329.0,0.0789781059476421,0,0
2020,Northern Crescent,Wheat,0.8,certified,100725.0,752237.0,0.13390061908680376,1,0
2020,Northern Crescent,Corn,0.65,certified,71414.0,1479644.0,0.04826431222645447,1,0
2020,Northern Crescent,Corn,0.8,certified,2175401.0,18873311.0,0.11526334727383022,1,0
2020,Northern Crescent,Wheat,0.75,certified,103534.0,1526939.0,0.0678049352331691,1,0
2020,Northern Crescent,Wheat,0.75,transitional,3512.0,56123.0,0.0625768401546603,0,1
2020,Northern Crescent,Wheat,0.5,conventional,15590.0,1849875.0,0.008427596459220218,0,0
2020,Northern Crescent,Wheat,0.8,transitional,12667.0,84800.0,0.149375,0,1
2020,Northern Crescent,Corn,0.55,conventional,102818.0,10953475.0,0.00938679277580859,0,0
2020,Northern Crescent,Corn,0.6,certified,3295.0,510067.0,0.006459935655511923,1,0
2020,Northern Crescent,Corn,0.6,transitional,5632.0,5632.0,1.0,0,1
2020,Northern Crescent,Corn,0.8,transitional,17102.0,74239.0,0.2303640943439432,0,1
2020,Northern Crescent,Corn,0.85,certified,1279957.0,4523018.0,0.28298737701242843,1,0
2020,Northern Crescent,Corn,0.75,transitional,14232.0,274281.0,0.05188839183173461,0,1
2020,Northern Crescent,Corn,0.55,certified,4731.0,129955.0,0.036404909391712516,1,0
2020,Northern Crescent,Wheat,0.6,certified,0.0,203474.0,0.0,1,0
2020,Northern Crescent,Corn,0.5,transitional,0.0,17277.0,0.0,0,1
2020,Northern Crescent,Wheat,0.65,transitional,722.0,20371.0,0.035442540866918656,0,1
2020,Northern Crescent,Corn,0.7,transitional,0.0,51407.0,0.0,0,1
2020,Northern Crescent,Corn,0.65,transitional,4509.0,7928.0,0.5687436932391524,0,1
2020,Northern Crescent,Wheat,0.85,certified,34822.0,147000.0,0.2368843537414966,1,0
2020,Northern Crescent,Corn,0.85,transitional,2320.0,61283.0,0.03785715451267072,0,1
2020,Northern Crescent,Wheat,0.5,certified,0.0,60056.0,0.0,1,0
2020,Northern Crescent,Soybeans,0.7,conventional,915521.0,71976940.0,0.012719643263523012,0,0
2020,Northern Crescent,Soybeans,0.75,conventional,4202127.0,240602717.0,0.01746500227593024,0,0
2020,Northern Crescent,Soybeans,0.8,certified,293549.0,2678055.0,0.10961276000679597,1,0
2020,Northern Crescent,Soybeans,0.85,conventional,2312617.0,71151636.0,0.032502653909461755,0,0
2020,Northern Great Plains,Corn,0.55,conventional,365558.0,5377173.0,0.0679833064697751,0,0
2020,Northern Great Plains,Soybeans,0.5,conventional,175733.0,3819380.0,0.04601087087433039,0,0
2020,Northern Great Plains,Soybeans,0.6,conventional,388618.0,7882895.0,0.04929889336341534,0,0
2020,Northern Great Plains,Soybeans,0.65,conventional,1750467.0,28132365.0,0.06222253265944758,0,0
2020,Northern Great Plains,Soybeans,0.7,conventional,19160024.0,221570511.0,0.08647370949106128,0,0
2020,Northern Great Plains,Soybeans,0.7,certified,280214.0,1217587.0,0.23013879090364794,1,0
2020,Northern Great Plains,Soybeans,0.75,certified,1093572.0,3140189.0,0.3482503760123993,1,0
2020,Northern Great Plains,Soybeans,0.75,conventional,97593062.0,808156193.0,0.120760148651116,0,0
2020,Northern Great Plains,Soybeans,0.8,conventional,41759046.0,239758345.0,0.17417139745438265,0,0
2020,Northern Great Plains,Soybeans,0.85,conventional,1373936.0,11210217.0,0.12256105301083824,0,0
2020,Northern Crescent,Soybeans,0.5,conventional,282904.0,8876177.0,0.03187228014943821,0,0
2020,Northern Crescent,Soybeans,0.6,conventional,70188.0,5075884.0,0.013827739168192181,0,0
2020,Northern Crescent,Soybeans,0.65,conventional,107893.0,12083249.0,0.008929138181295445,0,0
2020,Northern Crescent,Soybeans,0.8,conventional,5223477.0,250976552.0,0.020812609617810035,0,0
2020,Northern Crescent,Soybeans,0.85,certified,116018.0,383446.0,0.302566723867246,1,0
2020,Northern Crescent,Soybeans,0.75,certified,585008.0,2925236.0,0.19998659937181137,1,0
2020,Northern Crescent,Soybeans,0.8,transitional,0.0,17159.0,0.0,0,1
2020,Northern Crescent,Soybeans,0.55,conventional,0.0,1346823.0,0.0,0,0
2020,Northern Crescent,Soybeans,0.7,certified,442001.0,1563949.0,0.28261855086067383,1,0
2020,Northern Crescent,Soybeans,0.65,certified,1422.0,186850.0,0.0076103826598876104,1,0
2020,Northern Great Plains,Soybeans,0.55,conventional,121444.0,1990137.0,0.06102293460198971,0,0
2020,Northern Great Plains,Soybeans,0.85,certified,321042.0,513515.0,0.6251852428848232,1,0
2020,Heartland,Wheat,0.6,certified,12201.0,43776.0,0.2787143640350877,1,0
2020,Northern Great Plains,Wheat,0.6,transitional,0.0,20955.0,0.0,0,1
2020,Northern Great Plains,Corn,0.75,transitional,6484.0,79031.0,0.08204375498222216,0,1
2020,Northern Great Plains,Soybeans,0.75,transitional,0.0,18901.0,0.0,0,1
2020,Northern Great Plains,Soybeans,0.8,certified,518167.0,1510739.0,0.34298909341719513,1,0
2020,Northern Crescent,Soybeans,0.6,certified,7367.0,36686.0,0.2008122989696342,1,0
2020,Northern Crescent,Soybeans,0.75,transitional,3005.0,214284.0,0.014023445520897501,0,1
2020,Northern Crescent,Soybeans,0.85,transitional,3822.0,37655.0,0.1015004647457177,0,1
2020,Northern Crescent,Soybeans,0.65,transitional,0.0,30479.0,0.0,0,1
2020,Southern Seaboard,Corn,0.55,certified,41580.0,69269.0,0.6002685183848475,1,0
2020,Heartland,Soybeans,0.65,transitional,0.0,67462.0,0.0,0,1
2020,Eastern Uplands,Wheat,0.5,conventional,108631.0,144799.0,0.750219269470093,0,0
2020,Eastern Uplands,Wheat,0.6,conventional,70093.0,171986.0,0.4075506145849081,0,0
2020,Eastern Uplands,Wheat,0.65,conventional,296952.0,500784.0,0.5929742164286399,0,0
2020,Eastern Uplands,Wheat,0.7,conventional,938679.0,2521700.0,0.37224055200856565,0,0
2020,Eastern Uplands,Wheat,0.7,certified,442478.0,611277.0,0.7238584144340454,1,0
2020,Eastern Uplands,Wheat,0.75,conventional,2898140.0,6674852.0,0.43418790409135666,0,0
2020,Eastern Uplands,Wheat,0.8,conventional,479618.0,1307356.0,0.3668610539133947,0,0
2020,Eastern Uplands,Wheat,0.85,conventional,16573.0,33344.0,0.4970309500959693,0,0
2020,Eastern Uplands,Corn,0.6,conventional,13914.0,448034.0,0.031055678810090307,0,0
2020,Heartland,Soybeans,0.5,transitional,852.0,44040.0,0.019346049046321527,0,1
2020,Heartland,Wheat,0.5,certified,0.0,14869.0,0.0,1,0
2020,Basin and Range,Wheat,0.75,transitional,0.0,27662.0,0.0,0,1
2020,Northern Great Plains,Wheat,0.5,certified,0.0,92536.0,0.0,1,0
2020,Prairie Gateway,Corn,0.8,transitional,62355.0,139790.0,0.44606195006795907,0,1
2020,Prairie Gateway,Corn,0.85,certified,6858817.0,10688964.0,0.6416727570604598,1,0
2020,Prairie Gateway,Corn,0.85,transitional,41874.0,219433.0,0.19082817990001505,0,1
2020,Prairie Gateway,Soybeans,0.65,transitional,0.0,17208.0,0.0,0,1
2020,Prairie Gateway,Soybeans,0.85,certified,65401.0,407439.0,0.160517279887296,1,0
2020,Prairie Gateway,Soybeans,0.85,transitional,0.0,79433.0,0.0,0,1
2020,Northern Great Plains,Corn,0.6,certified,0.0,349226.0,0.0,1,0
2020,Northern Great Plains,Corn,0.8,transitional,65841.0,65841.0,1.0,0,1
2020,Northern Great Plains,Corn,0.85,certified,2373237.0,3426228.0,0.6926675632795015,1,0
2020,Northern Great Plains,Soybeans,0.8,transitional,26609.0,60574.0,0.4392808795853006,0,1
2020,Northern Great Plains,Soybeans,0.85,transitional,0.0,5895.0,0.0,0,1
2020,Prairie Gateway,Corn,0.6,certified,252583.0,4312007.0,0.05857666743119851,1,0
2020,Prairie Gateway,Soybeans,0.55,certified,0.0,15958.0,0.0,1,0
2020,Heartland,Corn,0.6,transitional,0.0,295543.0,0.0,0,1
2020,Prairie Gateway,Wheat,0.5,certified,10033.0,369314.0,0.02716658453240332,1,0
2020,Basin and Range,Corn,0.75,conventional,67038.0,71028.0,0.943824970434195,0,0
2020,Basin and Range,Corn,0.75,certified,54782.0,53657.0,1.0209665094954992,1,0
2020,Northern Crescent,Soybeans,0.5,certified,2205.0,45375.0,0.04859504132231405,1,0
2020,Southern Seaboard,Wheat,0.5,conventional,10101.0,356468.0,0.028336344356295656,0,0
2020,Southern Seaboard,Wheat,0.6,conventional,44108.0,467849.0,0.09427828209529143,0,0
2020,Southern Seaboard,Soybeans,0.6,certified,103192.0,290872.0,0.35476773288594293,1,0
2020,Southern Seaboard,Wheat,0.6,certified,5158.0,40847.0,0.12627610350821358,1,0
2020,Southern Seaboard,Wheat,0.8,certified,0.0,152900.0,0.0,1,0
2020,Southern Seaboard,Soybeans,0.6,transitional,0.0,16767.0,0.0,0,1
2020,Southern Seaboard,Soybeans,0.5,certified,7671.0,48551.0,0.1579988053799098,1,0
2020,Southern Seaboard,Wheat,0.5,certified,1558.0,74276.0,0.02097581991491195,1,0
2020,Southern Seaboard,Wheat,0.75,transitional,481.0,6584.0,0.07305589307411908,0,1
2020,Southern Seaboard,Soybeans,0.7,transitional,0.0,3518.0,0.0,0,1
2020,Southern Seaboard,Wheat,0.55,conventional,0.0,83138.0,0.0,0,0
2020,Southern Seaboard,Wheat,0.7,transitional,0.0,28972.0,0.0,0,1
2020,Southern Seaboard,Corn,0.6,transitional,5137.0,7143.0,0.7191656166876662,0,1
2020,Southern Seaboard,Wheat,0.65,certified,17473.0,57079.0,0.30611958864030553,1,0
2020,Southern Seaboard,Wheat,0.65,transitional,0.0,2191.0,0.0,0,1
2020,Northern Great Plains,Wheat,0.85,certified,4901.0,47843.0,0.10243922830926154,1,0
2020,Northern Great Plains,Soybeans,0.6,certified,11863.0,48946.0,0.24236914150288072,1,0
2020,Northern Great Plains,Soybeans,0.7,transitional,4164.0,4164.0,1.0,0,1
2020,Northern Great Plains,Wheat,0.75,transitional,4557.0,7064.0,0.6451019252548131,0,1
2020,Northern Great Plains,Wheat,0.55,certified,31468.0,63664.0,0.4942824830359387,1,0
2020,Northern Great Plains,Wheat,0.5,transitional,0.0,45009.0,0.0,0,1
2020,Northern Great Plains,Corn,0.5,transitional,0.0,38583.0,0.0,0,1
2020,Eastern Uplands,Corn,0.6,certified,6606.0,15086.0,0.4378894339122365,1,0
2020,Eastern Uplands,Corn,0.55,conventional,0.0,44638.0,0.0,0,0
2020,Eastern Uplands,Corn,0.65,certified,0.0,47314.0,0.0,1,0
2020,Fruitful Rim,Wheat,0.85,certified,599384.0,950741.0,0.6304387840642194,1,0
2020,Basin and Range,Corn,0.5,conventional,0.0,4499125.0,0.0,0,0
2020,Basin and Range,Corn,0.5,certified,0.0,4165788.0,0.0,1,0
2020,Fruitful Rim,Wheat,0.55,conventional,0.0,8866.0,0.0,0,0
2020,Eastern Uplands,Soybeans,0.7,conventional,58849.0,158515.0,0.3712519319938176,0,0
2020,Eastern Uplands,Soybeans,0.75,conventional,47634.0,832865.0,0.05719294243364771,0,0
2020,Eastern Uplands,Soybeans,0.8,conventional,68753.0,1717155.0,0.04003890155518867,0,0
2020,Eastern Uplands,Soybeans,0.8,transitional,7008.0,12329.0,0.5684159299213237,0,1
2020,Eastern Uplands,Soybeans,0.85,conventional,12446.0,114234.0,0.10895180068981214,0,0
2020,Eastern Uplands,Soybeans,0.5,conventional,1925.0,15358.0,0.1253418413855971,0,0
2020,Eastern Uplands,Soybeans,0.65,conventional,888.0,77385.0,0.011475092072106997,0,0
2020,Eastern Uplands,Soybeans,0.7,certified,20182.0,19878.0,1.015293289063286,1,0
2020,Eastern Uplands,Soybeans,0.7,transitional,1510.0,2175.0,0.6942528735632184,0,1
2020,Northern Great Plains,Wheat,0.65,transitional,0.0,8861.0,0.0,0,1
2020,Northern Great Plains,Wheat,0.7,transitional,2922.0,16445.0,0.17768318637883856,0,1
2020,Northern Great Plains,Corn,0.6,transitional,3550.0,3550.0,1.0,0,1
2020,Mississippi Portal,Wheat,0.5,conventional,13981.0,50601.0,0.27629888737376734,0,0
2020,Mississippi Portal,Wheat,0.65,conventional,38994.0,362961.0,0.10743302999495813,0,0
2020,Mississippi Portal,Wheat,0.7,conventional,52267.0,919080.0,0.05686882534708622,0,0
2020,Mississippi Portal,Wheat,0.75,conventional,258394.0,3640803.0,0.07097170596706276,0,0
2020,Mississippi Portal,Wheat,0.8,conventional,680385.0,5668088.0,0.12003783286356881,0,0
2020,Mississippi Portal,Wheat,0.8,certified,20308.0,198409.0,0.10235422788280774,1,0
2020,Mississippi Portal,Wheat,0.85,conventional,16608.0,206767.0,0.08032229514380922,0,0
2020,Mississippi Portal,Corn,0.65,certified,0.0,81781.0,0.0,1,0
2020,Mississippi Portal,Wheat,0.6,conventional,0.0,88887.0,0.0,0,0
2020,Mississippi Portal,Corn,0.8,transitional,0.0,7291.0,0.0,0,1
2020,Mississippi Portal,Corn,0.7,transitional,15847.0,15966.0,0.992546661656019,0,1
2020,Mississippi Portal,Corn,0.85,transitional,754.0,1443.0,0.5225225225225225,0,1
2020,Prairie Gateway,Corn,0.55,certified,12536.0,231528.0,0.054144639093327805,1,0
2020,Prairie Gateway,Wheat,0.5,transitional,0.0,25492.0,0.0,0,1
2020,Basin and Range,Wheat,0.55,conventional,26202.0,33753.0,0.7762865523064616,0,0
2020,Basin and Range,Wheat,0.7,transitional,3005.0,3162.0,0.950347881087919,0,1
2020,Southern Seaboard,Corn,0.65,certified,31537.0,32320.0,0.9757735148514851,1,0
2020,Southern Seaboard,Corn,0.5,certified,0.0,24625.0,0.0,1,0
2020,Basin and Range,Corn,0.85,conventional,2146.0,88857.0,0.024151164230167572,0,0
2020,Basin and Range,Corn,0.85,certified,35779.0,60383.0,0.5925343225742344,1,0
2020,Northern Crescent,Soybeans,0.7,transitional,0.0,2449.0,0.0,0,1
2020,Northern Crescent,Corn,0.55,transitional,0.0,3278.0,0.0,0,1
2020,Northern Great Plains,Corn,0.55,transitional,0.0,16519.0,0.0,0,1
2021,Fruitful Rim,Wheat,0.5,conventional,328953.0,19209439.0,0.017124550071451854,0,0
2021,Fruitful Rim,Wheat,0.5,certified,711695.0,2081652.0,0.341889518517024,1,0
2021,Fruitful Rim,Wheat,0.7,conventional,2184929.0,10551549.0,0.20707187162756863,0,0
2021,Fruitful Rim,Wheat,0.8,certified,433205.0,785459.0,0.5515310156227123,1,0
2021,Fruitful Rim,Wheat,0.6,certified,4006.0,136000.0,0.029455882352941175,1,0
2021,Fruitful Rim,Wheat,0.6,conventional,54261.0,1588888.0,0.034150298825342,0,0
2021,Fruitful Rim,Wheat,0.75,conventional,6706857.0,36117849.0,0.18569369953343567,0,0
2021,Fruitful Rim,Wheat,0.75,certified,721528.0,1706708.0,0.4227600737794632,1,0
2021,Fruitful Rim,Wheat,0.8,conventional,17249705.0,74984812.0,0.2300426518372814,0,0
2021,Fruitful Rim,Wheat,0.85,conventional,9451930.0,28275404.0,0.3342809885227458,0,0
2021,Mississippi Portal,Corn,0.5,conventional,145986.0,10738421.0,0.013594736134856325,0,0
2021,Mississippi Portal,Corn,0.55,conventional,209.0,48199.0,0.004336189547500985,0,0
2021,Mississippi Portal,Corn,0.6,conventional,327078.0,3400077.0,0.09619723318030739,0,0
2021,Mississippi Portal,Corn,0.65,conventional,163111.0,4634343.0,0.035196143228932344,0,0
2021,Mississippi Portal,Corn,0.7,conventional,718757.0,8114860.0,0.08857293902790683,0,0
2021,Mississippi Portal,Corn,0.75,conventional,1229776.0,13723439.0,0.08961135761961707,0,0
2021,Mississippi Portal,Corn,0.8,conventional,587784.0,17666073.0,0.03327191051457786,0,0
2021,Mississippi Portal,Corn,0.85,conventional,261630.0,4754983.0,0.05502227873369894,0,0
2021,Mississippi Portal,Corn,0.85,certified,644928.0,789398.0,0.8169871218320797,1,0
2021,Mississippi Portal,Wheat,0.5,conventional,0.0,90981.0,0.0,0,0
2021,Mississippi Portal,Wheat,0.6,certified,2212.0,6704.0,0.3299522673031026,1,0
2021,Mississippi Portal,Wheat,0.75,conventional,115899.0,4589108.0,0.02525523478636807,0,0
2021,Mississippi Portal,Corn,0.5,certified,0.0,288478.0,0.0,1,0
2021,Fruitful Rim,Corn,0.5,conventional,26721.0,18017470.0,0.0014830606072883707,0,0
2021,Fruitful Rim,Corn,0.75,conventional,547605.0,21320829.0,0.025684038833574434,0,0
2021,Fruitful Rim,Corn,0.8,certified,602534.0,1637447.0,0.36797160457712524,1,0
2021,Fruitful Rim,Corn,0.6,conventional,38515.0,2064359.0,0.01865712310697897,0,0
2021,Fruitful Rim,Corn,0.65,conventional,167088.0,8640736.0,0.019337241642378614,0,0
2021,Fruitful Rim,Corn,0.7,conventional,267980.0,22612857.0,0.011850780288399648,0,0
2021,Fruitful Rim,Corn,0.85,conventional,1325411.0,3926465.0,0.3375583380980093,0,0
2021,Fruitful Rim,Corn,0.85,certified,1360615.0,1752369.0,0.7764432034577192,1,0
2021,Fruitful Rim,Corn,0.5,certified,13537.0,1071594.0,0.012632582862539357,1,0
2021,Fruitful Rim,Wheat,0.65,certified,760058.0,806365.0,0.9425731523565631,1,0
2021,Fruitful Rim,Corn,0.8,conventional,1436146.0,6389601.0,0.22476301728386483,0,0
2021,Basin and Range,Wheat,0.75,conventional,3270104.0,7830113.0,0.4176317761953116,0,0
2021,Basin and Range,Wheat,0.75,certified,2338731.0,4370816.0,0.5350788045069845,1,0
2021,Basin and Range,Wheat,0.8,conventional,8701629.0,22979988.0,0.3786611637917304,0,0
2021,Basin and Range,Wheat,0.8,certified,3483257.0,5913709.0,0.5890139335567577,1,0
2021,Basin and Range,Wheat,0.8,transitional,86785.0,86785.0,1.0,0,1
2021,Basin and Range,Wheat,0.85,conventional,30469307.0,65619107.0,0.4643358983839875,0,0
2021,Basin and Range,Wheat,0.85,certified,281950.0,538328.0,0.5237513188985154,1,0
2021,Basin and Range,Wheat,0.5,conventional,25394.0,1247307.0,0.020359061562229667,0,0
2021,Fruitful Rim,Corn,0.65,certified,0.0,139850.0,0.0,1,0
2021,Fruitful Rim,Wheat,0.65,conventional,507301.0,3046775.0,0.16650425449860917,0,0
2021,Prairie Gateway,Corn,0.6,conventional,887681.0,67850123.0,0.013082968176785767,0,0
2021,Prairie Gateway,Corn,0.65,conventional,4658160.0,194261637.0,0.023978795154495688,0,0
2021,Prairie Gateway,Corn,0.7,conventional,40253903.0,961178713.0,0.04187972793775344,0,0
2021,Prairie Gateway,Corn,0.7,certified,1162910.0,7993657.0,0.1454790967388268,1,0
2021,Prairie Gateway,Corn,0.75,conventional,59475723.0,1497138785.0,0.039726258911928464,0,0
2021,Prairie Gateway,Corn,0.75,certified,4170155.0,29809414.0,0.13989389392223545,1,0
2021,Basin and Range,Wheat,0.7,conventional,1019721.0,3541006.0,0.2879749427140197,0,0
2021,Basin and Range,Wheat,0.7,certified,342201.0,774727.0,0.4417052716634376,1,0
2021,Prairie Gateway,Wheat,0.5,conventional,1299414.0,4739200.0,0.2741842505064146,0,0
2021,Prairie Gateway,Wheat,0.55,conventional,533912.0,1398238.0,0.3818462951228618,0,0
2021,Prairie Gateway,Wheat,0.6,conventional,4108447.0,16499628.0,0.24900240175111826,0,0
2021,Prairie Gateway,Wheat,0.6,certified,64204.0,306307.0,0.20960670177305776,1,0
2021,Prairie Gateway,Wheat,0.65,conventional,5610662.0,35625542.0,0.15748987061024924,0,0
2021,Prairie Gateway,Wheat,0.7,conventional,19443574.0,181220044.0,0.10729262376737973,0,0
2021,Prairie Gateway,Wheat,0.75,conventional,13460401.0,154745327.0,0.08698421633113354,0,0
2021,Prairie Gateway,Wheat,0.8,conventional,1045782.0,29812613.0,0.03507850854938479,0,0
2021,Prairie Gateway,Corn,0.8,conventional,29338538.0,715855663.0,0.04098387358849461,0,0
2021,Prairie Gateway,Corn,0.8,certified,1882229.0,15049178.0,0.12507188100240424,1,0
2021,Basin and Range,Wheat,0.5,certified,98978.0,920127.0,0.10756993328094926,1,0
2021,Basin and Range,Wheat,0.65,conventional,153964.0,447777.0,0.3438407957532432,0,0
2021,Basin and Range,Wheat,0.65,certified,176544.0,326327.0,0.5410033494010609,1,0
2021,Prairie Gateway,Wheat,0.65,certified,184513.0,387139.0,0.476606593497426,1,0
2021,Prairie Gateway,Wheat,0.85,conventional,512101.0,1771631.0,0.28905624252454376,0,0
2021,Prairie Gateway,Corn,0.5,conventional,578553.0,40472987.0,0.014294793710185019,0,0
2021,Prairie Gateway,Corn,0.55,conventional,78176.0,3809532.0,0.02052115587951486,0,0
2021,Prairie Gateway,Corn,0.75,transitional,27643.0,537289.0,0.05144903394634917,0,1
2021,Prairie Gateway,Corn,0.85,conventional,6301106.0,119201592.0,0.052860921521920616,0,0
2021,Northern Great Plains,Wheat,0.6,conventional,752893.0,7854534.0,0.09585457265828883,0,0
2021,Northern Great Plains,Wheat,0.6,certified,254470.0,803161.0,0.3168356033223725,1,0
2021,Northern Great Plains,Wheat,0.65,conventional,5089463.0,33533854.0,0.15177089397478738,0,0
2021,Northern Great Plains,Wheat,0.7,conventional,39788651.0,229910491.0,0.17306148504549973,0,0
2021,Northern Great Plains,Wheat,0.75,certified,1903300.0,2795414.0,0.6808651598654081,1,0
2021,Northern Great Plains,Corn,0.5,conventional,750260.0,11918211.0,0.06295072305734477,0,0
2021,Northern Great Plains,Corn,0.6,conventional,2364453.0,35464164.0,0.06667161250438612,0,0
2021,Northern Great Plains,Corn,0.65,conventional,5447096.0,82402595.0,0.06610345220317394,0,0
2021,Northern Great Plains,Corn,0.7,conventional,48190447.0,548347389.0,0.08788306093311224,0,0
2021,Northern Great Plains,Corn,0.7,certified,2838039.0,9338603.0,0.3039040207619919,1,0
2021,Northern Great Plains,Corn,0.75,conventional,185452950.0,1721805501.0,0.10770841996514216,0,0
2021,Northern Great Plains,Corn,0.75,certified,2941446.0,11815932.0,0.24893897493655176,1,0
2021,Northern Great Plains,Corn,0.85,conventional,6035112.0,24276271.0,0.24860127817818478,0,0
2021,Prairie Gateway,Wheat,0.7,certified,671938.0,3762304.0,0.1785974764399687,1,0
2021,Prairie Gateway,Wheat,0.75,certified,1169903.0,6310451.0,0.18539134524616385,1,0
2021,Basin and Range,Wheat,0.6,conventional,118244.0,1013922.0,0.11662041064302776,0,0
2021,Basin and Range,Wheat,0.6,certified,67415.0,476617.0,0.1414448078855769,1,0
2021,Northern Great Plains,Corn,0.7,transitional,20300.0,279932.0,0.07251761141991626,0,1
2021,Northern Great Plains,Corn,0.8,conventional,54081719.0,380821843.0,0.1420131749112931,0,0
2021,Northern Great Plains,Wheat,0.5,conventional,503871.0,5367055.0,0.09388221287093201,0,0
2021,Northern Great Plains,Wheat,0.75,conventional,85742845.0,378502008.0,0.22653207430276037,0,0
2021,Northern Great Plains,Wheat,0.8,conventional,13623592.0,38601736.0,0.3529269253590046,0,0
2021,Northern Great Plains,Wheat,0.85,conventional,2006374.0,4628629.0,0.43347047257406024,0,0
2021,Northern Great Plains,Wheat,0.55,conventional,239267.0,1356382.0,0.17640089591280333,0,0
2021,Northern Great Plains,Wheat,0.65,certified,247316.0,1108760.0,0.2230563873155597,1,0
2021,Northern Great Plains,Wheat,0.7,certified,1946937.0,2633160.0,0.7393918333865014,1,0
2021,Northern Great Plains,Corn,0.8,certified,1173776.0,6065853.0,0.19350551356915507,1,0
2021,Northern Great Plains,Corn,0.5,certified,69607.0,230593.0,0.30186085440581456,1,0
2021,Northern Great Plains,Corn,0.55,conventional,343923.0,5390544.0,0.06380116737754112,0,0
2021,Northern Great Plains,Corn,0.55,certified,0.0,102829.0,0.0,1,0
2021,Northern Great Plains,Corn,0.65,certified,320466.0,895937.0,0.35768809637284765,1,0
2021,Prairie Gateway,Corn,0.65,certified,24571.0,2799751.0,0.008776137592235882,1,0
2021,Southern Seaboard,Corn,0.5,conventional,158414.0,8605547.0,0.018408359166477158,0,0
2021,Southern Seaboard,Corn,0.65,conventional,46556.0,6324602.0,0.007361095607280901,0,0
2021,Southern Seaboard,Corn,0.7,conventional,354085.0,37172126.0,0.009525551484464462,0,0
2021,Southern Seaboard,Corn,0.75,conventional,1112163.0,64547325.0,0.017230195054558806,0,0
2021,Southern Seaboard,Corn,0.75,certified,400313.0,2814467.0,0.14223403578723787,1,0
2021,Southern Seaboard,Corn,0.55,conventional,60074.0,1074449.0,0.05591144856572997,0,0
2021,Southern Seaboard,Corn,0.8,certified,16330.0,774555.0,0.021083073506723216,1,0
2021,Southern Seaboard,Corn,0.85,conventional,42974.0,2624157.0,0.01637630675298772,0,0
2021,Southern Seaboard,Corn,0.6,conventional,100776.0,8508875.0,0.011843633852888896,0,0
2021,Southern Seaboard,Corn,0.8,conventional,267458.0,36632143.0,0.00730118355347106,0,0
2021,Southern Seaboard,Corn,0.7,certified,311809.0,1737947.0,0.17941226055800322,1,0
2021,Southern Seaboard,Soybeans,0.55,conventional,13314.0,763748.0,0.017432451541607965,0,0
2021,Southern Seaboard,Soybeans,0.6,conventional,700521.0,11413518.0,0.061376431000503086,0,0
2021,Southern Seaboard,Soybeans,0.65,conventional,1181205.0,13693169.0,0.08626235460907551,0,0
2021,Southern Seaboard,Soybeans,0.7,conventional,4387690.0,64611623.0,0.0679086795265923,0,0
2021,Southern Seaboard,Soybeans,0.8,conventional,1316059.0,33449678.0,0.03934444451154358,0,0
2021,Southern Seaboard,Soybeans,0.8,certified,127373.0,1351629.0,0.09423665813621933,1,0
2021,Southern Seaboard,Soybeans,0.5,conventional,90895.0,5936639.0,0.015310851813627206,0,0
2021,Southern Seaboard,Soybeans,0.75,conventional,8494700.0,111562384.0,0.0761430483593825,0,0
2021,Southern Seaboard,Corn,0.65,certified,0.0,59015.0,0.0,1,0
2021,Southern Seaboard,Soybeans,0.65,certified,86958.0,188008.0,0.46252287136717585,1,0
2021,Fruitful Rim,Corn,0.7,certified,0.0,751485.0,0.0,1,0
2021,Fruitful Rim,Corn,0.75,certified,328783.0,1271719.0,0.25853431457735554,1,0
2021,Fruitful Rim,Wheat,0.55,conventional,45657.0,272290.0,0.16767784347570605,0,0
2021,Fruitful Rim,Wheat,0.7,certified,84029.0,209660.0,0.4007869884575026,1,0
2021,Heartland,Wheat,0.6,conventional,46854.0,631602.0,0.07418279232808002,0,0
2021,Heartland,Wheat,0.65,conventional,138096.0,2513977.0,0.054931290143068134,0,0
2021,Heartland,Wheat,0.7,conventional,1886276.0,13843223.0,0.13625988687749954,0,0
2021,Heartland,Wheat,0.75,conventional,4587695.0,40533182.0,0.11318368737988545,0,0
2021,Heartland,Wheat,0.75,certified,171666.0,1675594.0,0.10245083236153865,1,0
2021,Heartland,Wheat,0.8,conventional,736008.0,21412755.0,0.03437241027602474,0,0
2021,Heartland,Wheat,0.85,conventional,266348.0,7523592.0,0.03540170705694833,0,0
2021,Heartland,Corn,0.5,conventional,682131.0,81860028.0,0.008332894779855193,0,0
2021,Heartland,Corn,0.55,conventional,54848.0,20678401.0,0.0026524294600921996,0,0
2021,Heartland,Corn,0.6,conventional,1141037.0,111441915.0,0.01023884953879337,0,0
2021,Heartland,Corn,0.6,certified,13967.0,1571290.0,0.008888874746227621,1,0
2021,Heartland,Corn,0.65,conventional,2397742.0,280759525.0,0.008540198235482839,0,0
2021,Heartland,Corn,0.7,conventional,21153378.0,1082596632.0,0.019539482550320737,0,0
2021,Heartland,Corn,0.75,conventional,94025962.0,3957861360.0,0.023756759888123015,0,0
2021,Heartland,Corn,0.8,conventional,104847727.0,8374250462.0,0.012520252108026812,0,0
2021,Heartland,Corn,0.8,certified,5068087.0,61787181.0,0.08202489445181194,1,0
2021,Heartland,Corn,0.85,conventional,102064588.0,8040946219.0,0.0126931066593669,0,0
2021,Heartland,Corn,0.75,certified,2625692.0,25695232.0,0.10218596197146615,1,0
2021,Heartland,Corn,0.85,transitional,109016.0,4341257.0,0.025111620896896912,0,1
2021,Heartland,Corn,0.7,certified,728344.0,9999464.0,0.07283830413310154,1,0
2021,Heartland,Corn,0.7,transitional,0.0,643760.0,0.0,0,1
2021,Heartland,Corn,0.85,certified,5437921.0,53847823.0,0.10098683098107791,1,0
2021,Heartland,Wheat,0.5,conventional,10530.0,680936.0,0.01546400836495647,0,0
2021,Heartland,Wheat,0.8,transitional,0.0,267255.0,0.0,0,1
2021,Heartland,Wheat,0.75,transitional,14362.0,451990.0,0.03177503927078033,0,1
2021,Heartland,Corn,0.75,transitional,28388.0,936147.0,0.03032429735928225,0,1
2021,Heartland,Wheat,0.5,transitional,0.0,111975.0,0.0,0,1
2021,Heartland,Wheat,0.55,conventional,0.0,57310.0,0.0,0,0
2021,Heartland,Wheat,0.85,transitional,0.0,192707.0,0.0,0,1
2021,Heartland,Corn,0.5,certified,1836.0,1065136.0,0.0017237235432846134,1,0
2021,Heartland,Corn,0.8,transitional,10482.0,1981336.0,0.005290369730323378,0,1
2021,Heartland,Corn,0.55,certified,20599.0,236242.0,0.0871944870090839,1,0
2021,Heartland,Wheat,0.7,certified,34753.0,379668.0,0.09153523604833697,1,0
2021,Heartland,Wheat,0.65,certified,0.0,205301.0,0.0,1,0
2021,Heartland,Wheat,0.8,certified,25414.0,1631553.0,0.015576570298359906,1,0
2021,Heartland,Wheat,0.85,certified,36997.0,658068.0,0.05622063373389984,1,0
2021,Heartland,Wheat,0.6,certified,0.0,32408.0,0.0,1,0
2021,Heartland,Wheat,0.65,transitional,7365.0,9420.0,0.7818471337579618,0,1
2021,Heartland,Corn,0.65,certified,67157.0,2317523.0,0.028977921686214117,1,0
2021,Heartland,Corn,0.5,transitional,879.0,46768.0,0.018794902497434145,0,1
2021,Heartland,Soybeans,0.5,conventional,346394.0,26917748.0,0.01286860995949587,0,0
2021,Heartland,Soybeans,0.65,conventional,2229906.0,138413426.0,0.016110474716520634,0,0
2021,Heartland,Soybeans,0.7,conventional,12380647.0,519959476.0,0.023810792131808364,0,0
2021,Heartland,Soybeans,0.75,conventional,47021576.0,1877865004.0,0.02503991282644937,0,0
2021,Heartland,Soybeans,0.75,certified,2038461.0,11787863.0,0.17292879973240272,1,0
2021,Heartland,Soybeans,0.85,conventional,29421516.0,2531365044.0,0.011622786713333472,0,0
2021,Heartland,Soybeans,0.55,conventional,116096.0,6921469.0,0.01677331791849389,0,0
2021,Heartland,Soybeans,0.7,certified,319145.0,3798579.0,0.08401694423098743,1,0
2021,Heartland,Soybeans,0.8,conventional,54720084.0,3188288005.0,0.017162842225729228,0,0
2021,Heartland,Soybeans,0.8,certified,1323210.0,14363804.0,0.09212114005454265,1,0
2021,Heartland,Soybeans,0.85,certified,1152356.0,14978505.0,0.07693397972628109,1,0
2021,Heartland,Soybeans,0.6,conventional,890064.0,37414025.0,0.023789581580704027,0,0
2021,Heartland,Soybeans,0.75,transitional,40453.0,555485.0,0.07282464873038876,0,1
2021,Heartland,Soybeans,0.5,certified,7257.0,190149.0,0.038164807598251894,1,0
2021,Heartland,Soybeans,0.6,certified,16386.0,329525.0,0.04972612093164403,1,0
2021,Heartland,Soybeans,0.85,transitional,65914.0,1608910.0,0.04096810884387567,0,1
2021,Heartland,Soybeans,0.65,certified,64989.0,1481508.0,0.04386678978446286,1,0
2021,Heartland,Soybeans,0.7,transitional,15153.0,294171.0,0.051510855930734165,0,1
2021,Heartland,Soybeans,0.8,transitional,147210.0,924689.0,0.15919947138984025,0,1
2021,Heartland,Soybeans,0.55,transitional,0.0,14734.0,0.0,0,1
2021,Heartland,Soybeans,0.55,certified,12076.0,125378.0,0.09631673818373239,1,0
2021,Prairie Gateway,Soybeans,0.5,conventional,353.0,3288263.0,0.00010735151050873972,0,0
2021,Prairie Gateway,Soybeans,0.6,conventional,30849.0,7202922.0,0.0042828452119848025,0,0
2021,Prairie Gateway,Soybeans,0.65,conventional,153734.0,37609078.0,0.0040876832981654055,0,0
2021,Prairie Gateway,Soybeans,0.65,certified,346398.0,631693.0,0.5483644745153105,1,0
2021,Prairie Gateway,Soybeans,0.7,conventional,1728639.0,188577065.0,0.009166751004423577,0,0
2021,Prairie Gateway,Soybeans,0.75,conventional,3162820.0,388848091.0,0.008133819023943722,0,0
2021,Prairie Gateway,Soybeans,0.8,conventional,2655143.0,190281959.0,0.013953729580847967,0,0
2021,Prairie Gateway,Soybeans,0.8,certified,862885.0,1999263.0,0.4316015451693949,1,0
2021,Prairie Gateway,Soybeans,0.85,conventional,634712.0,31346882.0,0.020248010631488005,0,0
2021,Prairie Gateway,Soybeans,0.55,conventional,97.0,1153306.0,8.410603950729468e-05,0,0
2021,Prairie Gateway,Corn,0.5,certified,23476.0,265316.0,0.08848316724208113,1,0
2021,Prairie Gateway,Soybeans,0.7,certified,304659.0,1644136.0,0.18530036444673675,1,0
2021,Prairie Gateway,Wheat,0.7,transitional,10491.0,126469.0,0.08295313476029699,0,1
2021,Prairie Gateway,Wheat,0.85,certified,1006783.0,1105232.0,0.9109245841597058,1,0
2021,Prairie Gateway,Corn,0.7,transitional,0.0,86148.0,0.0,0,1
2021,Prairie Gateway,Wheat,0.8,certified,4333.0,563654.0,0.007687340105809593,1,0
2021,Prairie Gateway,Wheat,0.75,transitional,33086.0,341352.0,0.09692633996578312,0,1
2021,Prairie Gateway,Soybeans,0.75,certified,265837.0,2177756.0,0.1220692308963906,1,0
2021,Prairie Gateway,Corn,0.8,transitional,143745.0,355591.0,0.40424251457432836,0,1
2021,Eastern Uplands,Corn,0.5,conventional,755.0,533185.0,0.0014160188302371596,0,0
2021,Eastern Uplands,Corn,0.65,conventional,1246.0,885697.0,0.0014068016488708892,0,0
2021,Eastern Uplands,Corn,0.7,conventional,59724.0,11029066.0,0.005415145761209517,0,0
2021,Eastern Uplands,Corn,0.75,conventional,306743.0,36953577.0,0.008300766120692457,0,0
2021,Eastern Uplands,Corn,0.8,conventional,187194.0,25527078.0,0.007333154229402989,0,0
2021,Eastern Uplands,Corn,0.8,certified,69859.0,110092.0,0.6345511027140937,1,0
2021,Eastern Uplands,Corn,0.85,conventional,171031.0,2296974.0,0.07445926684411752,0,0
2021,Mississippi Portal,Corn,0.75,certified,622017.0,1313981.0,0.47338355729649056,1,0
2021,Mississippi Portal,Corn,0.8,certified,8690.0,24829.0,0.3499939586773531,1,0
2021,Mississippi Portal,Corn,0.6,certified,138376.0,219992.0,0.6290046910796756,1,0
2021,Northern Crescent,Wheat,0.5,transitional,0.0,3124.0,0.0,0,1
2021,Northern Crescent,Wheat,0.55,conventional,0.0,391397.0,0.0,0,0
2021,Northern Crescent,Wheat,0.55,certified,0.0,24997.0,0.0,1,0
2021,Northern Crescent,Wheat,0.65,conventional,45404.0,3455535.0,0.013139499382874143,0,0
2021,Northern Crescent,Wheat,0.7,conventional,561958.0,20179068.0,0.027848560696658538,0,0
2021,Northern Crescent,Wheat,0.75,conventional,1887799.0,44629001.0,0.04229982651863527,0,0
2021,Northern Crescent,Soybeans,0.5,certified,4170.0,169357.0,0.0246225429123095,1,0
2021,Northern Crescent,Soybeans,0.85,conventional,4683983.0,142526385.0,0.032863971116646226,0,0
2021,Southern Seaboard,Corn,0.85,certified,274246.0,828317.0,0.33108821864093096,1,0
2021,Southern Seaboard,Soybeans,0.85,conventional,478222.0,3322069.0,0.14395306057760993,0,0
2021,Southern Seaboard,Soybeans,0.85,certified,46624.0,264677.0,0.17615433150594875,1,0
2021,Southern Seaboard,Corn,0.6,certified,44161.0,75416.0,0.5855653972631802,1,0
2021,Southern Seaboard,Soybeans,0.75,certified,258732.0,4427976.0,0.058431211009273766,1,0
2021,Northern Crescent,Soybeans,0.5,conventional,98593.0,11515413.0,0.008561829263092865,0,0
2021,Northern Crescent,Soybeans,0.55,conventional,5562.0,2407149.0,0.0023106172488699286,0,0
2021,Northern Crescent,Soybeans,0.6,conventional,206127.0,8901709.0,0.023155890627294153,0,0
2021,Northern Crescent,Soybeans,0.6,certified,2478.0,62970.0,0.039352072415435924,1,0
2021,Northern Crescent,Soybeans,0.7,conventional,2716801.0,103756752.0,0.026184329671383698,0,0
2021,Northern Crescent,Soybeans,0.75,conventional,9949335.0,391932104.0,0.025385353479489395,0,0
2021,Southern Seaboard,Soybeans,0.7,certified,390015.0,3261341.0,0.11958731086384404,1,0
2021,Southern Seaboard,Soybeans,0.75,transitional,0.0,37131.0,0.0,0,1
2021,Southern Seaboard,Corn,0.75,transitional,0.0,14055.0,0.0,0,1
2021,Northern Crescent,Corn,0.75,conventional,50923776.0,1320431247.0,0.03856601857589939,0,0
2021,Northern Crescent,Corn,0.75,certified,2096459.0,29999843.0,0.06988233238420614,1,0
2021,Northern Crescent,Wheat,0.8,conventional,1058858.0,25122005.0,0.04214862627405735,0,0
2021,Northern Crescent,Wheat,0.85,conventional,321095.0,3907306.0,0.08217810429999596,0,0
2021,Northern Crescent,Corn,0.5,conventional,311844.0,100635745.0,0.003098739915921525,0,0
2021,Northern Crescent,Corn,0.5,certified,9950.0,1449085.0,0.006866401901889813,1,0
2021,Northern Crescent,Corn,0.65,conventional,2453995.0,66470028.0,0.03691882001313434,0,0
2021,Northern Crescent,Corn,0.7,conventional,19528054.0,421499427.0,0.046329965710724445,0,0
2021,Northern Crescent,Corn,0.8,conventional,31117790.0,1352379898.0,0.02300965139013032,0,0
2021,Northern Crescent,Wheat,0.6,conventional,54298.0,2677764.0,0.020277365742462743,0,0
2021,Northern Crescent,Wheat,0.65,certified,18509.0,173104.0,0.1069241611978926,1,0
2021,Northern Crescent,Corn,0.6,certified,27945.0,2427811.0,0.011510368805479504,1,0
2021,Northern Crescent,Corn,0.65,certified,51518.0,2022121.0,0.025477209326247044,1,0
2021,Northern Crescent,Corn,0.85,conventional,11552387.0,364375606.0,0.03170461142231349,0,0
2021,Northern Crescent,Wheat,0.75,certified,130688.0,2481945.0,0.05265547786111296,1,0
2021,Northern Crescent,Wheat,0.75,transitional,14607.0,141626.0,0.10313784192168104,0,1
2021,Northern Crescent,Corn,0.55,conventional,185818.0,9163860.0,0.020277263074730517,0,0
2021,Northern Crescent,Corn,0.6,conventional,961738.0,55687847.0,0.017270159501767055,0,0
2021,Northern Crescent,Corn,0.8,certified,1434943.0,18244424.0,0.07865104428618848,1,0
2021,Northern Crescent,Wheat,0.8,certified,71473.0,511473.0,0.13973953659332947,1,0
2021,Northern Crescent,Corn,0.75,transitional,0.0,258413.0,0.0,0,1
2021,Northern Crescent,Wheat,0.7,certified,67316.0,291777.0,0.23071043982219297,1,0
2021,Northern Crescent,Wheat,0.7,transitional,2312.0,14803.0,0.15618455718435453,0,1
2021,Northern Crescent,Corn,0.7,certified,477448.0,7647196.0,0.06243438771544498,1,0
2021,Northern Crescent,Wheat,0.5,conventional,5198.0,2951120.0,0.0017613651766109138,0,0
2021,Northern Crescent,Corn,0.7,transitional,11224.0,71346.0,0.15731785944551901,0,1
2021,Northern Crescent,Corn,0.85,certified,720677.0,4002210.0,0.18006976145679512,1,0
2021,Northern Crescent,Corn,0.8,transitional,47038.0,185990.0,0.252906070218829,0,1
2021,Northern Crescent,Wheat,0.65,transitional,0.0,22766.0,0.0,0,1
2021,Northern Crescent,Corn,0.65,transitional,0.0,27243.0,0.0,0,1
2021,Northern Crescent,Wheat,0.85,certified,55987.0,211133.0,0.2651740845817565,1,0
2021,Northern Crescent,Wheat,0.5,certified,0.0,74598.0,0.0,1,0
2021,Northern Crescent,Corn,0.55,transitional,0.0,20278.0,0.0,0,1
2021,Northern Crescent,Wheat,0.6,certified,0.0,319149.0,0.0,1,0
2021,Northern Crescent,Wheat,0.6,transitional,0.0,2967.0,0.0,0,1
2021,Northern Crescent,Corn,0.85,transitional,48516.0,160761.0,0.3017896131524437,0,1
2021,Northern Crescent,Soybeans,0.65,conventional,270089.0,16561158.0,0.016308581803277284,0,0
2021,Northern Crescent,Soybeans,0.8,certified,563182.0,4274881.0,0.13174214674045898,1,0
2021,Northern Crescent,Soybeans,0.8,conventional,8200825.0,428350214.0,0.019145140429415078,0,0
2021,Northern Great Plains,Soybeans,0.6,conventional,1405079.0,15649402.0,0.08978483650685183,0,0
2021,Northern Great Plains,Soybeans,0.7,conventional,47642160.0,398401151.0,0.11958338945662333,0,0
2021,Northern Great Plains,Soybeans,0.7,certified,752014.0,2826309.0,0.266076356123835,1,0
2021,Northern Great Plains,Soybeans,0.75,certified,1564179.0,4644998.0,0.3367448166823753,1,0
2021,Northern Great Plains,Soybeans,0.5,conventional,248055.0,4725784.0,0.052489703295791765,0,0
2021,Northern Great Plains,Soybeans,0.55,conventional,310997.0,3077310.0,0.10106131653944517,0,0
2021,Northern Great Plains,Soybeans,0.65,conventional,4572878.0,45464607.0,0.10058105198181962,0,0
2021,Northern Great Plains,Soybeans,0.75,conventional,154270797.0,1266095565.0,0.12184767190144924,0,0
2021,Northern Great Plains,Soybeans,0.8,conventional,48293943.0,317503852.0,0.15210506170488916,0,0
2021,Northern Great Plains,Soybeans,0.85,conventional,3755064.0,16856463.0,0.22276701820542066,0,0
2021,Northern Great Plains,Soybeans,0.8,certified,1274065.0,3135588.0,0.4063241089071651,1,0
2021,Northern Crescent,Soybeans,0.85,certified,203846.0,726564.0,0.28056165733507304,1,0
2021,Northern Crescent,Soybeans,0.75,certified,313565.0,4284846.0,0.07317999293323495,1,0
2021,Northern Crescent,Soybeans,0.7,certified,41504.0,1334569.0,0.031099178836013725,1,0
2021,Northern Crescent,Soybeans,0.65,certified,6366.0,227420.0,0.02799226101486237,1,0
2021,Northern Great Plains,Wheat,0.8,certified,590216.0,676588.0,0.8723418091955518,1,0
2021,Northern Great Plains,Wheat,0.55,transitional,0.0,109609.0,0.0,0,1
2021,Northern Great Plains,Wheat,0.8,transitional,0.0,87954.0,0.0,0,1
2021,Northern Great Plains,Corn,0.6,certified,5626.0,782634.0,0.007188545348144854,1,0
2021,Northern Great Plains,Corn,0.75,transitional,27697.0,106514.0,0.2600315451489945,0,1
2021,Northern Great Plains,Corn,0.85,certified,2108760.0,5178019.0,0.40725227157335653,1,0
2021,Northern Crescent,Soybeans,0.85,transitional,-3437.0,21317.0,-0.16123281887695268,0,1
2021,Northern Crescent,Soybeans,0.75,transitional,2784.0,57121.0,0.04873864253076802,0,1
2021,Northern Crescent,Corn,0.55,certified,36250.0,191661.0,0.18913602663035256,1,0
2021,Southern Seaboard,Corn,0.55,certified,0.0,59240.0,0.0,1,0
2021,Heartland,Soybeans,0.65,transitional,0.0,44189.0,0.0,0,1
2021,Eastern Uplands,Corn,0.6,conventional,0.0,558541.0,0.0,0,0
2021,Eastern Uplands,Corn,0.75,certified,272904.0,1165180.0,0.234216172608524,1,0
2021,Eastern Uplands,Corn,0.75,transitional,0.0,5763.0,0.0,0,1
2021,Eastern Uplands,Corn,0.55,conventional,0.0,20437.0,0.0,0,0
2021,Eastern Uplands,Wheat,0.5,conventional,0.0,35194.0,0.0,0,0
2021,Eastern Uplands,Wheat,0.6,conventional,0.0,28689.0,0.0,0,0
2021,Eastern Uplands,Wheat,0.7,conventional,8647.0,170734.0,0.0506460341818267,0,0
2021,Eastern Uplands,Wheat,0.7,certified,173869.0,491323.0,0.35387921998359534,1,0
2021,Eastern Uplands,Wheat,0.75,conventional,39289.0,266791.0,0.14726508765288185,0,0
2021,Eastern Uplands,Wheat,0.8,conventional,0.0,94386.0,0.0,0,0
2021,Eastern Uplands,Wheat,0.85,conventional,0.0,86125.0,0.0,0,0
2021,Northern Great Plains,Wheat,0.5,certified,12211.0,85110.0,0.14347315239102337,1,0
2021,Prairie Gateway,Corn,0.65,transitional,0.0,59020.0,0.0,0,1
2021,Prairie Gateway,Corn,0.85,certified,4395696.0,9441107.0,0.4655911642564797,1,0
2021,Prairie Gateway,Soybeans,0.8,transitional,31178.0,72449.0,0.4303441041284214,0,1
2021,Prairie Gateway,Soybeans,0.85,certified,1155310.0,3404726.0,0.3393253965223633,1,0
2021,Prairie Gateway,Soybeans,0.85,transitional,192850.0,539681.0,0.35734072535442235,0,1
2021,Northern Great Plains,Soybeans,0.65,certified,0.0,88599.0,0.0,1,0
2021,Prairie Gateway,Soybeans,0.75,transitional,0.0,74732.0,0.0,0,1
2021,Heartland,Corn,0.6,transitional,1821.0,257281.0,0.007077864280689208,0,1
2021,Heartland,Soybeans,0.6,transitional,0.0,10576.0,0.0,0,1
2021,Prairie Gateway,Soybeans,0.6,transitional,10197.0,13248.0,0.7697010869565217,0,1
2021,Prairie Gateway,Corn,0.6,certified,10248.0,3829315.0,0.0026761966565821823,1,0
2021,Heartland,Soybeans,0.5,transitional,0.0,19562.0,0.0,0,1
2021,Prairie Gateway,Wheat,0.5,certified,9794.0,107095.0,0.09145151501003781,1,0
2021,Northern Crescent,Soybeans,0.7,transitional,0.0,70427.0,0.0,0,1
2021,Southern Seaboard,Soybeans,0.6,certified,63443.0,573218.0,0.1106786597769086,1,0
2021,Southern Seaboard,Wheat,0.7,conventional,1709663.0,7653459.0,0.22338435470811302,0,0
2021,Southern Seaboard,Wheat,0.7,certified,299577.0,1163812.0,0.2574101315332717,1,0
2021,Southern Seaboard,Wheat,0.75,conventional,2246144.0,8489435.0,0.2645810940304037,0,0
2021,Southern Seaboard,Wheat,0.6,conventional,43792.0,599599.0,0.0730354787116056,0,0
2021,Southern Seaboard,Wheat,0.65,conventional,411455.0,1984978.0,0.20728441322775365,0,0
2021,Southern Seaboard,Wheat,0.8,conventional,142122.0,640402.0,0.2219262275882961,0,0
2021,Southern Seaboard,Wheat,0.6,certified,12162.0,111168.0,0.10940198618307427,1,0
2021,Southern Seaboard,Wheat,0.75,certified,72900.0,948327.0,0.07687221812729153,1,0
2021,Southern Seaboard,Wheat,0.8,certified,55917.0,235600.0,0.23733870967741935,1,0
2021,Southern Seaboard,Soybeans,0.5,certified,1090.0,106163.0,0.010267230579392068,1,0
2021,Southern Seaboard,Wheat,0.5,conventional,11381.0,290101.0,0.039231164318633854,0,0
2021,Southern Seaboard,Wheat,0.5,certified,5852.0,33727.0,0.17351083701485456,1,0
2021,Southern Seaboard,Wheat,0.85,conventional,4301.0,12289.0,0.3499877939620799,0,0
2021,Southern Seaboard,Wheat,0.55,conventional,0.0,14291.0,0.0,0,0
2021,Southern Seaboard,Wheat,0.65,certified,41647.0,236823.0,0.17585707469291412,1,0
2021,Southern Seaboard,Wheat,0.65,transitional,0.0,3358.0,0.0,0,1
2021,Southern Seaboard,Soybeans,0.7,transitional,0.0,945.0,0.0,0,1
2021,Northern Great Plains,Soybeans,0.6,certified,22416.0,185471.0,0.1208598648845372,1,0
2021,Northern Great Plains,Wheat,0.85,certified,437491.0,400772.0,1.0916206721028414,1,0
2021,Northern Great Plains,Wheat,0.5,transitional,-990.0,32523.0,-0.030439996310303478,0,1
2021,Northern Great Plains,Wheat,0.75,transitional,13557.0,10605.0,1.2783592644978783,0,1
2021,Northern Great Plains,Soybeans,0.85,certified,108693.0,347282.0,0.31298195702627835,1,0
2021,Northern Great Plains,Soybeans,0.8,transitional,1201.0,28967.0,0.041460972831152694,0,1
2021,Northern Great Plains,Soybeans,0.5,certified,4742.0,4869.0,0.9739166153214213,1,0
2021,Northern Great Plains,Soybeans,0.5,transitional,7719.0,15272.0,0.5054347826086957,0,1
2021,Northern Great Plains,Wheat,0.55,certified,0.0,108145.0,0.0,1,0
2021,Eastern Uplands,Corn,0.7,certified,12707.0,73061.0,0.17392316009909528,1,0
2021,Eastern Uplands,Corn,0.6,certified,15360.0,17970.0,0.8547579298831386,1,0
2021,Eastern Uplands,Corn,0.8,transitional,18733.0,16374.0,1.1440698668620986,0,1
2021,Basin and Range,Corn,0.5,conventional,0.0,4931104.0,0.0,0,0
2021,Basin and Range,Corn,0.5,certified,0.0,4416310.0,0.0,1,0
2021,Fruitful Rim,Wheat,0.85,certified,919456.0,1171213.0,0.7850459310134024,1,0
2021,Fruitful Rim,Wheat,0.85,transitional,0.0,49987.0,0.0,0,1
2021,Northern Crescent,Wheat,0.8,transitional,0.0,88743.0,0.0,0,1
2021,Eastern Uplands,Soybeans,0.6,conventional,0.0,27306.0,0.0,0,0
2021,Eastern Uplands,Soybeans,0.7,conventional,51082.0,477043.0,0.10708049379196424,0,0
2021,Eastern Uplands,Soybeans,0.75,conventional,9411.0,1477173.0,0.0063709531652690644,0,0
2021,Eastern Uplands,Soybeans,0.8,conventional,85591.0,2790039.0,0.030677348954620348,0,0
2021,Eastern Uplands,Soybeans,0.8,certified,17033.0,32137.0,0.5300121355446993,1,0
2021,Eastern Uplands,Soybeans,0.85,conventional,0.0,28864.0,0.0,0,0
2021,Eastern Uplands,Soybeans,0.5,conventional,0.0,28577.0,0.0,0,0
2021,Eastern Uplands,Soybeans,0.65,conventional,0.0,94866.0,0.0,0,0
2021,Eastern Uplands,Soybeans,0.7,certified,23427.0,28865.0,0.8116057509094059,1,0
2021,Eastern Uplands,Soybeans,0.75,certified,8275.0,24275.0,0.3408856848609681,1,0
2021,Northern Crescent,Soybeans,0.8,transitional,0.0,12403.0,0.0,0,1
2021,Heartland,Wheat,0.5,certified,0.0,9402.0,0.0,1,0
2021,Mississippi Portal,Wheat,0.65,conventional,0.0,54394.0,0.0,0,0
2021,Mississippi Portal,Wheat,0.7,conventional,0.0,732253.0,0.0,0,0
2021,Mississippi Portal,Wheat,0.75,certified,0.0,36402.0,0.0,1,0
2021,Mississippi Portal,Wheat,0.8,conventional,0.0,5382355.0,0.0,0,0
2021,Mississippi Portal,Wheat,0.6,conventional,0.0,77324.0,0.0,0,0
2021,Mississippi Portal,Wheat,0.8,certified,71839.0,134118.0,0.5356402570870428,1,0
2021,Mississippi Portal,Wheat,0.85,conventional,0.0,2108817.0,0.0,0,0
2021,Mississippi Portal,Wheat,0.75,transitional,0.0,4662.0,0.0,0,1
2021,Mississippi Portal,Corn,0.7,certified,51702.0,54774.0,0.9439149961660642,1,0
2021,Prairie Gateway,Wheat,0.55,certified,147.0,13232.0,0.011109431680773881,1,0
2021,Prairie Gateway,Soybeans,0.6,certified,0.0,237785.0,0.0,1,0
2021,Fruitful Rim,Corn,0.55,conventional,5626.0,188688.0,0.02981641651827355,0,0
2021,Fruitful Rim,Wheat,0.75,transitional,49854.0,42075.0,1.1848841354723707,0,1
2021,Basin and Range,Wheat,0.55,conventional,39540.0,50427.0,0.7841037539413409,0,0
2021,Southern Seaboard,Wheat,0.7,transitional,0.0,445.0,0.0,0,1
2021,Southern Seaboard,Corn,0.5,certified,0.0,8026.0,0.0,1,0
2021,Southern Seaboard,Wheat,0.75,transitional,0.0,91411.0,0.0,0,1
2021,Northern Crescent,Corn,0.5,transitional,0.0,28681.0,0.0,0,1
2021,Northern Crescent,Soybeans,0.5,transitional,0.0,14176.0,0.0,0,1
2022,Fruitful Rim,Wheat,0.5,conventional,104694.0,18341504.0,0.005708037901362942,0,0
2022,Fruitful Rim,Wheat,0.5,certified,80737.0,1907378.0,0.04232878852539979,1,0
2022,Fruitful Rim,Wheat,0.7,conventional,645222.0,14366410.0,0.04491184645294127,0,0
2022,Fruitful Rim,Wheat,0.8,certified,127210.0,719866.0,0.17671344389094637,1,0
2022,Fruitful Rim,Wheat,0.6,certified,0.0,80015.0,0.0,1,0
2022,Fruitful Rim,Wheat,0.65,certified,1432684.0,2325936.0,0.6159601983889497,1,0
2022,Fruitful Rim,Wheat,0.75,conventional,2083529.0,43173242.0,0.04825972995032432,0,0
2022,Fruitful Rim,Wheat,0.75,certified,566066.0,3298476.0,0.1716144061681819,1,0
2022,Fruitful Rim,Wheat,0.8,conventional,3769377.0,99878804.0,0.03773950877505502,0,0
2022,Mississippi Portal,Corn,0.5,conventional,268475.0,12701967.0,0.0211364901199948,0,0
2022,Mississippi Portal,Corn,0.5,certified,0.0,440538.0,0.0,1,0
2022,Mississippi Portal,Corn,0.55,conventional,0.0,3932.0,0.0,0,0
2022,Mississippi Portal,Corn,0.6,conventional,178525.0,2137428.0,0.08352328125204685,0,0
2022,Mississippi Portal,Corn,0.65,conventional,82103.0,1473970.0,0.0557019478008372,0,0
2022,Mississippi Portal,Corn,0.7,conventional,591622.0,6665263.0,0.08876198883674957,0,0
2022,Mississippi Portal,Corn,0.75,conventional,2515289.0,12588583.0,0.19980715859759593,0,0
2022,Mississippi Portal,Corn,0.8,conventional,5511249.0,26163077.0,0.21064987883497036,0,0
2022,Fruitful Rim,Wheat,0.6,conventional,210319.0,1946854.0,0.10803018613619716,0,0
2022,Fruitful Rim,Wheat,0.65,conventional,85629.0,1514759.0,0.05652978460600003,0,0
2022,Fruitful Rim,Wheat,0.7,certified,0.0,121923.0,0.0,1,0
2022,Fruitful Rim,Wheat,0.85,conventional,17457400.0,178955943.0,0.09755138447679271,0,0
2022,Fruitful Rim,Corn,0.5,conventional,18550.0,23776096.0,0.0007801953693322907,0,0
2022,Fruitful Rim,Corn,0.55,conventional,25035.0,772617.0,0.032402859372755194,0,0
2022,Fruitful Rim,Corn,0.75,conventional,1217408.0,10664314.0,0.11415717879274748,0,0
2022,Fruitful Rim,Corn,0.8,conventional,1068508.0,12352512.0,0.08650127196800132,0,0
2022,Fruitful Rim,Corn,0.85,conventional,7581836.0,17452299.0,0.43443193358078497,0,0
2022,Fruitful Rim,Corn,0.85,certified,2493209.0,2809591.0,0.8873921506724645,1,0
2022,Fruitful Rim,Corn,0.5,certified,137622.0,1182298.0,0.1164021253524915,1,0
2022,Fruitful Rim,Corn,0.6,conventional,6745.0,2437766.0,0.0027668775427994318,0,0
2022,Fruitful Rim,Corn,0.65,conventional,1073527.0,7484485.0,0.14343364974343592,0,0
2022,Basin and Range,Wheat,0.75,conventional,1716305.0,9323177.0,0.18409014437889573,0,0
2022,Basin and Range,Wheat,0.75,certified,2475998.0,5792643.0,0.42743839038587395,1,0
2022,Basin and Range,Wheat,0.8,conventional,2884142.0,27069024.0,0.10654769082180429,0,0
2022,Basin and Range,Wheat,0.8,certified,8177201.0,12393729.0,0.659785364033698,1,0
2022,Basin and Range,Wheat,0.8,transitional,24056.0,62516.0,0.38479749184208845,0,1
2022,Fruitful Rim,Corn,0.7,conventional,1380758.0,12785816.0,0.10799138670539292,0,0
2022,Basin and Range,Wheat,0.5,conventional,104133.0,1370617.0,0.07597527245029063,0,0
2022,Basin and Range,Wheat,0.75,transitional,53574.0,55140.0,0.9715995647442872,0,1
2022,Basin and Range,Wheat,0.85,certified,336291.0,868273.0,0.3873102123410494,1,0
2022,Fruitful Rim,Corn,0.8,certified,519732.0,2809068.0,0.18501937297352716,1,0
2022,Fruitful Rim,Wheat,0.55,conventional,1664.0,832350.0,0.0019991590076290024,0,0
2022,Fruitful Rim,Wheat,0.55,certified,0.0,15435.0,0.0,1,0
2022,Prairie Gateway,Wheat,0.55,conventional,440357.0,1038196.0,0.4241559397262174,0,0
2022,Prairie Gateway,Wheat,0.6,conventional,14862682.0,27181035.0,0.5468033869939095,0,0
2022,Prairie Gateway,Wheat,0.65,conventional,19932790.0,41769628.0,0.4772077453024001,0,0
2022,Prairie Gateway,Wheat,0.7,conventional,102855232.0,225662138.0,0.4557930404789482,0,0
2022,Prairie Gateway,Wheat,0.7,certified,1662210.0,4742754.0,0.35047358560026515,1,0
2022,Prairie Gateway,Wheat,0.75,conventional,81918227.0,211432788.0,0.387443346771741,0,0
2022,Prairie Gateway,Wheat,0.8,conventional,8827511.0,39382637.0,0.22414728094515357,0,0
2022,Prairie Gateway,Corn,0.6,conventional,8723632.0,83802474.0,0.10409754728720777,0,0
2022,Prairie Gateway,Corn,0.65,conventional,29722001.0,233084554.0,0.12751596143946972,0,0
2022,Prairie Gateway,Corn,0.7,conventional,227417989.0,1088022956.0,0.2090194767912599,0,0
2022,Prairie Gateway,Corn,0.7,certified,2953265.0,11515756.0,0.2564542874996657,1,0
2022,Prairie Gateway,Corn,0.75,conventional,392733418.0,1720411823.0,0.22827872533168472,0,0
2022,Prairie Gateway,Corn,0.75,certified,9905430.0,38828470.0,0.2551073992871725,1,0
2022,Prairie Gateway,Corn,0.75,transitional,50388.0,144552.0,0.34858044164037855,0,1
2022,Prairie Gateway,Corn,0.8,conventional,140591208.0,686116629.0,0.2049086147422321,0,0
2022,Basin and Range,Wheat,0.7,conventional,680308.0,3489788.0,0.1949425008052065,0,0
2022,Basin and Range,Wheat,0.7,certified,469035.0,1442048.0,0.32525616345641756,1,0
2022,Prairie Gateway,Wheat,0.5,conventional,1385626.0,4338843.0,0.31935380007988307,0,0
2022,Prairie Gateway,Wheat,0.75,certified,2985173.0,9189967.0,0.324829566852634,1,0
2022,Prairie Gateway,Corn,0.8,certified,6170046.0,14016222.0,0.44020749671345105,1,0
2022,Basin and Range,Wheat,0.5,certified,70897.0,414882.0,0.17088473349048644,1,0
2022,Basin and Range,Wheat,0.6,certified,89105.0,989801.0,0.09002314606673463,1,0
2022,Basin and Range,Wheat,0.65,conventional,70394.0,573608.0,0.12272144042621441,0,0
2022,Basin and Range,Wheat,0.65,certified,139279.0,512493.0,0.2717676143869282,1,0
2022,Basin and Range,Wheat,0.6,conventional,186253.0,826325.0,0.22539920733367622,0,0
2022,Prairie Gateway,Corn,0.5,conventional,2315947.0,34192135.0,0.06773332522230624,0,0
2022,Prairie Gateway,Corn,0.55,conventional,261983.0,1071704.0,0.24445462553093017,0,0
2022,Prairie Gateway,Corn,0.85,certified,8898684.0,12076722.0,0.7368459752571931,1,0
2022,Prairie Gateway,Soybeans,0.65,conventional,5254800.0,57293623.0,0.09171701360201989,0,0
2022,Prairie Gateway,Soybeans,0.7,conventional,29429055.0,283602800.0,0.10376856293379332,0,0
2022,Prairie Gateway,Soybeans,0.7,certified,2226058.0,4483105.0,0.4965438016731707,1,0
2022,Prairie Gateway,Soybeans,0.75,conventional,70213534.0,552864283.0,0.12699958409141796,0,0
2022,Northern Great Plains,Wheat,0.6,certified,159147.0,1082402.0,0.14703132477582267,1,0
2022,Northern Great Plains,Wheat,0.65,conventional,7686885.0,53639436.0,0.14330659628859632,0,0
2022,Northern Great Plains,Wheat,0.7,conventional,53680801.0,377469069.0,0.14221244973054997,0,0
2022,Northern Great Plains,Wheat,0.75,conventional,79379934.0,732370604.0,0.10838765724136028,0,0
2022,Northern Great Plains,Wheat,0.75,certified,1616883.0,5332321.0,0.3032231180380926,1,0
2022,Northern Great Plains,Corn,0.5,conventional,751545.0,16697911.0,0.045008324694029093,0,0
2022,Northern Great Plains,Corn,0.6,conventional,2920487.0,31126872.0,0.09382526454955063,0,0
2022,Northern Great Plains,Corn,0.65,conventional,10397748.0,95189990.0,0.10923152739064265,0,0
2022,Northern Great Plains,Corn,0.7,conventional,81837003.0,667472689.0,0.12260726820539619,0,0
2022,Northern Great Plains,Corn,0.7,certified,2140898.0,8657309.0,0.24729370292778044,1,0
2022,Northern Great Plains,Corn,0.75,conventional,399587605.0,2262037866.0,0.17664938814954392,0,0
2022,Northern Great Plains,Corn,0.75,certified,4287313.0,15405541.0,0.278296815412065,1,0
2022,Northern Great Plains,Corn,0.85,conventional,9371575.0,27260513.0,0.34377838010605305,0,0
2022,Basin and Range,Corn,0.5,conventional,15935.0,6673785.0,0.0023877005327561495,0,0
2022,Basin and Range,Corn,0.5,certified,0.0,4535059.0,0.0,1,0
2022,Basin and Range,Corn,0.6,conventional,0.0,41970.0,0.0,0,0
2022,Basin and Range,Corn,0.7,conventional,143908.0,2528399.0,0.05691664962689828,0,0
2022,Basin and Range,Corn,0.75,conventional,72689.0,484005.0,0.15018233282714022,0,0
2022,Prairie Gateway,Wheat,0.85,conventional,1376047.0,2776368.0,0.49562846135670774,0,0
2022,Prairie Gateway,Corn,0.85,conventional,26319339.0,141780284.0,0.18563468951719692,0,0
2022,Northern Great Plains,Corn,0.8,conventional,96793498.0,511215453.0,0.18933992983189418,0,0
2022,Prairie Gateway,Corn,0.65,certified,435779.0,3225397.0,0.13510863933959139,1,0
2022,Northern Great Plains,Wheat,0.5,conventional,393467.0,5641765.0,0.0697418272473242,0,0
2022,Northern Great Plains,Wheat,0.6,conventional,1848661.0,22522611.0,0.08208022595604035,0,0
2022,Northern Great Plains,Wheat,0.7,certified,705981.0,3797645.0,0.1858996825664326,1,0
2022,Northern Great Plains,Wheat,0.8,conventional,12308505.0,75564921.0,0.16288649332406502,0,0
2022,Northern Great Plains,Wheat,0.55,conventional,212957.0,2529915.0,0.08417555530521777,0,0
2022,Northern Great Plains,Wheat,0.85,conventional,929649.0,4195451.0,0.22158499765579434,0,0
2022,Northern Great Plains,Corn,0.8,certified,2180881.0,6646389.0,0.32813020724486636,1,0
2022,Northern Great Plains,Corn,0.5,certified,0.0,218730.0,0.0,1,0
2022,Northern Great Plains,Corn,0.55,conventional,279948.0,7270933.0,0.03850234901078032,0,0
2022,Northern Great Plains,Corn,0.55,certified,3750.0,35066.0,0.10694119660069583,1,0
2022,Northern Great Plains,Corn,0.65,certified,88225.0,1214937.0,0.07261693404678597,1,0
2022,Prairie Gateway,Wheat,0.7,transitional,3836.0,108198.0,0.03545352039778924,0,1
2022,Southern Seaboard,Soybeans,0.5,conventional,86523.0,9342270.0,0.009261453586762104,0,0
2022,Southern Seaboard,Soybeans,0.6,conventional,791299.0,15574059.0,0.05080878401706325,0,0
2022,Southern Seaboard,Soybeans,0.65,conventional,1325113.0,21050395.0,0.0629495551033603,0,0
2022,Southern Seaboard,Soybeans,0.65,certified,90442.0,534527.0,0.16920005911768723,1,0
2022,Southern Seaboard,Soybeans,0.7,conventional,6317714.0,87557950.0,0.07215465871459988,0,0
2022,Southern Seaboard,Soybeans,0.75,conventional,12103344.0,155182939.0,0.07799403773374855,0,0
2022,Southern Seaboard,Soybeans,0.8,conventional,2603620.0,47285745.0,0.05506141438609035,0,0
2022,Southern Seaboard,Corn,0.5,conventional,27898.0,12510668.0,0.0022299368826668568,0,0
2022,Southern Seaboard,Corn,0.55,conventional,25663.0,1077080.0,0.02382645671630705,0,0
2022,Southern Seaboard,Corn,0.6,conventional,298493.0,13296272.0,0.022449375283538124,0,0
2022,Southern Seaboard,Corn,0.65,conventional,489723.0,10257706.0,0.04774196101935462,0,0
2022,Southern Seaboard,Corn,0.7,conventional,3956305.0,49414293.0,0.08006398067862673,0,0
2022,Southern Seaboard,Corn,0.75,conventional,6726021.0,78320434.0,0.08587823964305408,0,0
2022,Southern Seaboard,Corn,0.75,certified,543300.0,2750499.0,0.19752779404755283,1,0
2022,Southern Seaboard,Corn,0.8,conventional,1445294.0,53002525.0,0.027268399005519077,0,0
2022,Southern Seaboard,Corn,0.85,conventional,259845.0,4149817.0,0.06261601415194935,0,0
2022,Fruitful Rim,Corn,0.7,certified,61335.0,1110091.0,0.055252227069672664,1,0
2022,Southern Seaboard,Wheat,0.7,conventional,306069.0,8581450.0,0.03566635009235036,0,0
2022,Southern Seaboard,Wheat,0.75,certified,140456.0,1285921.0,0.10922599444289346,1,0
2022,Southern Seaboard,Soybeans,0.75,certified,1360924.0,10643416.0,0.12786533947371784,1,0
2022,Southern Seaboard,Wheat,0.6,certified,39120.0,268019.0,0.14595980135736644,1,0
2022,Southern Seaboard,Wheat,0.65,conventional,42279.0,1939616.0,0.021797613548248725,0,0
2022,Southern Seaboard,Wheat,0.7,certified,77352.0,1665455.0,0.046444965489911165,1,0
2022,Southern Seaboard,Corn,0.7,certified,343939.0,1622833.0,0.2119373958996397,1,0
2022,Southern Seaboard,Corn,0.8,certified,135671.0,1468470.0,0.0923893576307313,1,0
2022,Southern Seaboard,Soybeans,0.55,conventional,6920.0,864352.0,0.008005997556551035,0,0
2022,Southern Seaboard,Soybeans,0.8,certified,668209.0,3340793.0,0.20001508623850683,1,0
2022,Southern Seaboard,Corn,0.65,certified,0.0,149085.0,0.0,1,0
2022,Fruitful Rim,Soybeans,0.5,conventional,0.0,98417.0,0.0,0,0
2022,Fruitful Rim,Soybeans,0.65,conventional,46520.0,153137.0,0.303780275178435,0,0
2022,Fruitful Rim,Soybeans,0.7,conventional,0.0,112442.0,0.0,0,0
2022,Fruitful Rim,Soybeans,0.7,certified,0.0,67247.0,0.0,1,0
2022,Fruitful Rim,Soybeans,0.75,conventional,0.0,13245.0,0.0,0,0
2022,Fruitful Rim,Soybeans,0.5,certified,0.0,22964.0,0.0,1,0
2022,Fruitful Rim,Soybeans,0.5,transitional,0.0,6402.0,0.0,0,1
2022,Fruitful Rim,Soybeans,0.6,conventional,0.0,53573.0,0.0,0,0
2022,Southern Seaboard,Corn,0.85,certified,179223.0,229116.0,0.7822369454774001,1,0
2022,Fruitful Rim,Corn,0.75,certified,0.0,1386873.0,0.0,1,0
2022,Basin and Range,Wheat,0.85,conventional,571840.0,43281469.0,0.013212120873254095,0,0
2022,Fruitful Rim,Wheat,0.85,certified,377878.0,3050227.0,0.12388520592073966,1,0
2022,Heartland,Corn,0.55,conventional,37522.0,30529236.0,0.0012290513919182256,0,0
2022,Heartland,Corn,0.6,conventional,2604130.0,152212900.0,0.017108471095419638,0,0
2022,Heartland,Corn,0.6,certified,56132.0,638299.0,0.08793997797270559,1,0
2022,Heartland,Corn,0.65,conventional,9427744.0,330494990.0,0.028526132877233632,0,0
2022,Heartland,Corn,0.7,conventional,74559835.0,1426786951.0,0.052257160711865806,0,0
2022,Heartland,Corn,0.75,conventional,346710567.0,5365044568.0,0.06462398636312688,0,0
2022,Heartland,Corn,0.8,conventional,318042617.0,11648818695.0,0.027302563918907317,0,0
2022,Heartland,Corn,0.5,conventional,811480.0,118686082.0,0.006837195956978342,0,0
2022,Heartland,Corn,0.8,certified,8105824.0,70563055.0,0.11487348443176107,1,0
2022,Heartland,Corn,0.85,conventional,139676302.0,9823769767.0,0.014218197831671558,0,0
2022,Heartland,Corn,0.75,certified,3870473.0,32543886.0,0.11893087998157319,1,0
2022,Heartland,Wheat,0.5,conventional,2240.0,730764.0,0.003065285098882813,0,0
2022,Heartland,Wheat,0.7,conventional,2598405.0,21441407.0,0.12118631020809409,0,0
2022,Heartland,Wheat,0.75,conventional,7959493.0,76079166.0,0.10462119156248374,0,0
2022,Heartland,Wheat,0.8,conventional,2185201.0,42085976.0,0.05192230780153465,0,0
2022,Heartland,Wheat,0.8,certified,157107.0,3044541.0,0.051602852449679604,1,0
2022,Heartland,Wheat,0.85,conventional,621918.0,10853420.0,0.057301569459211936,0,0
2022,Heartland,Corn,0.85,certified,6205113.0,69841256.0,0.08884595374401628,1,0
2022,Heartland,Corn,0.7,certified,1104387.0,22444568.0,0.04920509051455123,1,0
2022,Heartland,Corn,0.7,transitional,36421.0,634274.0,0.05742155598369159,0,1
2022,Heartland,Corn,0.85,transitional,69796.0,2033948.0,0.03431552822392706,0,1
2022,Heartland,Corn,0.8,transitional,18845.0,3064936.0,0.006148578632637027,0,1
2022,Heartland,Wheat,0.75,certified,157865.0,1639958.0,0.09626161157785748,1,0
2022,Heartland,Wheat,0.75,transitional,-10610.0,454904.0,-0.023323602342472258,0,1
2022,Heartland,Wheat,0.5,certified,0.0,143357.0,0.0,1,0
2022,Heartland,Wheat,0.55,conventional,11806.0,177660.0,0.06645277496341326,0,0
2022,Heartland,Wheat,0.65,conventional,178883.0,3961647.0,0.04515369491527135,0,0
2022,Heartland,Wheat,0.5,transitional,0.0,47982.0,0.0,0,1
2022,Heartland,Wheat,0.85,transitional,10343.0,174251.0,0.059356904694951536,0,1
2022,Heartland,Wheat,0.8,transitional,5327.0,148092.0,0.0359708829646436,0,1
2022,Heartland,Corn,0.5,certified,12563.0,1654275.0,0.007594263347992323,1,0
2022,Heartland,Corn,0.55,certified,17144.0,966846.0,0.01773188284380346,1,0
2022,Heartland,Wheat,0.6,conventional,55957.0,1401568.0,0.039924570195666566,0,0
2022,Heartland,Wheat,0.7,certified,52212.0,883964.0,0.05906575380897865,1,0
2022,Heartland,Corn,0.5,transitional,0.0,282414.0,0.0,0,1
2022,Heartland,Corn,0.75,transitional,42603.0,753212.0,0.056561764815218026,0,1
2022,Heartland,Wheat,0.65,certified,6887.0,219648.0,0.03135471299533799,1,0
2022,Heartland,Wheat,0.65,transitional,0.0,41990.0,0.0,0,1
2022,Heartland,Wheat,0.7,transitional,-511.0,56439.0,-0.009054022927408352,0,1
2022,Heartland,Wheat,0.85,certified,106243.0,1178097.0,0.09018187806267226,1,0
2022,Heartland,Corn,0.65,certified,269808.0,2971518.0,0.09079803655909202,1,0
2022,Heartland,Wheat,0.6,certified,22346.0,56364.0,0.3964587325243063,1,0
2022,Heartland,Soybeans,0.5,conventional,174624.0,33698855.0,0.005181897129739274,0,0
2022,Heartland,Soybeans,0.65,conventional,3236734.0,166560495.0,0.019432783265923893,0,0
2022,Heartland,Soybeans,0.7,conventional,24848808.0,665750130.0,0.03732452594489167,0,0
2022,Heartland,Soybeans,0.75,conventional,125066046.0,2445802210.0,0.051134979553395694,0,0
2022,Heartland,Soybeans,0.8,certified,3187981.0,23287461.0,0.1368968905626938,1,0
2022,Heartland,Soybeans,0.85,conventional,84695219.0,2979499051.0,0.028425992943872228,0,0
2022,Heartland,Soybeans,0.55,conventional,36233.0,10019129.0,0.0036163822224466818,0,0
2022,Heartland,Soybeans,0.7,certified,731177.0,9970392.0,0.07333482976396515,1,0
2022,Heartland,Soybeans,0.75,certified,2302824.0,20206153.0,0.11396647347963762,1,0
2022,Heartland,Soybeans,0.8,conventional,176423426.0,4218155400.0,0.04182478104054677,0,0
2022,Heartland,Soybeans,0.85,certified,2994879.0,25710160.0,0.1164862062313109,1,0
2022,Heartland,Soybeans,0.6,conventional,693974.0,56497944.0,0.012283172640760166,0,0
2022,Heartland,Soybeans,0.85,transitional,188221.0,1955867.0,0.09623404863418628,0,1
2022,Heartland,Soybeans,0.5,certified,9961.0,125307.0,0.07949276576727557,1,0
2022,Heartland,Soybeans,0.6,certified,20882.0,429193.0,0.04865410200073161,1,0
2022,Heartland,Soybeans,0.65,certified,137222.0,1514619.0,0.09059836170020315,1,0
2022,Heartland,Soybeans,0.8,transitional,0.0,360075.0,0.0,0,1
2022,Heartland,Soybeans,0.7,transitional,9240.0,135310.0,0.06828763579927574,0,1
2022,Heartland,Soybeans,0.55,transitional,0.0,15148.0,0.0,0,1
2022,Heartland,Soybeans,0.55,certified,62592.0,213633.0,0.29298844279675895,1,0
2022,Heartland,Soybeans,0.75,transitional,70832.0,205511.0,0.3446628161023011,0,1
2022,Prairie Gateway,Soybeans,0.5,conventional,268877.0,5409203.0,0.04970732287177982,0,0
2022,Prairie Gateway,Soybeans,0.6,conventional,924310.0,14509168.0,0.06370523795713165,0,0
2022,Prairie Gateway,Soybeans,0.65,certified,175846.0,390859.0,0.44989625414791523,1,0
2022,Prairie Gateway,Soybeans,0.8,conventional,42737975.0,278495952.0,0.15345995046994435,0,0
2022,Prairie Gateway,Soybeans,0.8,certified,3589196.0,4947347.0,0.7254789284034453,1,0
2022,Prairie Gateway,Soybeans,0.85,conventional,7524891.0,48837828.0,0.15407914946586077,0,0
2022,Prairie Gateway,Wheat,0.8,certified,30330.0,107341.0,0.28255745707604735,1,0
2022,Prairie Gateway,Soybeans,0.55,conventional,79218.0,1781044.0,0.04447840704665353,0,0
2022,Prairie Gateway,Corn,0.5,certified,69763.0,435503.0,0.160189482047196,1,0
2022,Prairie Gateway,Wheat,0.65,certified,326233.0,392714.0,0.8307139546845796,1,0
2022,Prairie Gateway,Wheat,0.85,certified,0.0,55862.0,0.0,1,0
2022,Prairie Gateway,Corn,0.7,transitional,26126.0,57035.0,0.45806960638204614,0,1
2022,Prairie Gateway,Soybeans,0.75,certified,3850195.0,6386991.0,0.6028182911170534,1,0
2022,Prairie Gateway,Wheat,0.75,transitional,2169.0,57225.0,0.03790301441677588,0,1
2022,Prairie Gateway,Wheat,0.6,certified,143361.0,333608.0,0.4297289033836119,1,0
2022,Eastern Uplands,Corn,0.65,conventional,10406.0,1486254.0,0.00700149503382329,0,0
2022,Eastern Uplands,Corn,0.65,certified,0.0,38884.0,0.0,1,0
2022,Eastern Uplands,Corn,0.7,conventional,1704722.0,6019112.0,0.28321818899532025,0,0
2022,Eastern Uplands,Corn,0.75,conventional,4405073.0,20964217.0,0.21012342125632452,0,0
2022,Eastern Uplands,Corn,0.8,conventional,1239138.0,16979469.0,0.07297860728153513,0,0
2022,Eastern Uplands,Corn,0.5,conventional,-12546.0,155101.0,-0.0808892270198129,0,0
2022,Eastern Uplands,Corn,0.8,certified,3572.0,42741.0,0.08357314990290353,1,0
2022,Eastern Uplands,Corn,0.85,conventional,113081.0,1276042.0,0.08861855644249954,0,0
2022,Mississippi Portal,Corn,0.8,certified,653286.0,915826.0,0.7133298246610164,1,0
2022,Mississippi Portal,Corn,0.85,conventional,254061.0,722300.0,0.35173888965803685,0,0
2022,Mississippi Portal,Corn,0.6,certified,0.0,254846.0,0.0,1,0
2022,Mississippi Portal,Corn,0.75,certified,271127.0,771982.0,0.3512089660121609,1,0
2022,Northern Crescent,Soybeans,0.5,certified,20387.0,186551.0,0.10928378834742242,1,0
2022,Northern Crescent,Soybeans,0.7,conventional,3945985.0,136138760.0,0.028985022340441473,0,0
2022,Northern Crescent,Soybeans,0.85,conventional,4226094.0,194307513.0,0.021749514132271355,0,0
2022,Southern Seaboard,Wheat,0.5,conventional,5000.0,368649.0,0.013563036926724337,0,0
2022,Southern Seaboard,Wheat,0.6,conventional,26487.0,1609952.0,0.01645204329073165,0,0
2022,Southern Seaboard,Wheat,0.75,conventional,439726.0,10765379.0,0.0408463092660277,0,0
2022,Southern Seaboard,Wheat,0.8,conventional,41386.0,1338924.0,0.030909894811057236,0,0
2022,Southern Seaboard,Wheat,0.85,conventional,0.0,23719.0,0.0,0,0
2022,Southern Seaboard,Wheat,0.85,certified,18927.0,67624.0,0.2798858393469774,1,0
2022,Southern Seaboard,Soybeans,0.85,conventional,561158.0,2677546.0,0.20957921918054817,0,0
2022,Southern Seaboard,Soybeans,0.85,certified,316416.0,764836.0,0.4137043758400494,1,0
2022,Southern Seaboard,Corn,0.6,certified,62317.0,118570.0,0.5255713924264148,1,0
2022,Southern Seaboard,Soybeans,0.5,certified,1649.0,149981.0,0.010994725998626493,1,0
2022,Northern Crescent,Corn,0.7,conventional,11093627.0,511972483.0,0.02166840478416884,0,0
2022,Northern Crescent,Corn,0.7,certified,1989738.0,13350864.0,0.14903439957144346,1,0
2022,Northern Crescent,Corn,0.75,conventional,35252038.0,1739353160.0,0.020267326274326026,0,0
2022,Northern Crescent,Corn,0.8,conventional,33157987.0,1669838561.0,0.019857001613463158,0,0
2022,Southern Seaboard,Soybeans,0.7,certified,296815.0,3480366.0,0.085282697279539,1,0
2022,Southern Seaboard,Corn,0.75,transitional,0.0,13787.0,0.0,0,1
2022,Southern Seaboard,Soybeans,0.75,transitional,9827.0,28905.0,0.33997578273655077,0,1
2022,Northern Crescent,Wheat,0.55,conventional,0.0,249696.0,0.0,0,0
2022,Northern Crescent,Wheat,0.55,certified,0.0,33395.0,0.0,1,0
2022,Northern Crescent,Wheat,0.65,conventional,237310.0,3913113.0,0.0606448114327391,0,0
2022,Northern Crescent,Wheat,0.7,conventional,954739.0,18077203.0,0.0528145310975376,0,0
2022,Northern Crescent,Wheat,0.75,conventional,3167798.0,50416931.0,0.06283202759803051,0,0
2022,Northern Crescent,Wheat,0.8,conventional,1921505.0,20060584.0,0.09578509778179937,0,0
2022,Northern Crescent,Corn,0.5,conventional,293790.0,123911113.0,0.0023709737802129175,0,0
2022,Northern Crescent,Corn,0.5,certified,55420.0,2583491.0,0.021451593986586366,1,0
2022,Northern Crescent,Corn,0.6,conventional,960252.0,81348265.0,0.011804209960716433,0,0
2022,Northern Crescent,Corn,0.65,conventional,1117559.0,90864838.0,0.012299135998019389,0,0
2022,Northern Crescent,Wheat,0.6,conventional,131806.0,5257489.0,0.02507014280010857,0,0
2022,Northern Crescent,Wheat,0.65,certified,43370.0,186953.0,0.23198343968804994,1,0
2022,Northern Crescent,Wheat,0.8,certified,58912.0,708773.0,0.08311829034119528,1,0
2022,Northern Crescent,Corn,0.65,certified,119751.0,2009909.0,0.05958030935728931,1,0
2022,Northern Crescent,Corn,0.75,certified,3538393.0,35598684.0,0.09939673612653771,1,0
2022,Northern Crescent,Corn,0.8,certified,2132925.0,24045261.0,0.08870458923278063,1,0
2022,Northern Crescent,Corn,0.85,conventional,9257820.0,458017053.0,0.02021282818917225,0,0
2022,Northern Crescent,Wheat,0.75,certified,92957.0,1195134.0,0.07777956279379551,1,0
2022,Northern Crescent,Corn,0.75,transitional,35584.0,637184.0,0.05584572117316191,0,1
2022,Northern Crescent,Corn,0.85,certified,679412.0,2670640.0,0.25440044333942424,1,0
2022,Northern Crescent,Corn,0.55,conventional,18489.0,10938904.0,0.0016902058926561564,0,0
2022,Northern Crescent,Corn,0.85,transitional,56268.0,168403.0,0.33412706424469873,0,1
2022,Northern Crescent,Wheat,0.5,conventional,60581.0,2919315.0,0.020751785949786165,0,0
2022,Northern Crescent,Wheat,0.7,certified,4379.0,355492.0,0.012318139367411924,1,0
2022,Northern Crescent,Wheat,0.85,conventional,483440.0,3028842.0,0.15961215540460677,0,0
2022,Northern Crescent,Corn,0.6,certified,449875.0,3550777.0,0.12669762139385268,1,0
2022,Northern Crescent,Wheat,0.6,certified,4545.0,1529208.0,0.002972126747963652,1,0
2022,Northern Crescent,Wheat,0.8,transitional,17603.0,74322.0,0.23684777051209602,0,1
2022,Northern Crescent,Wheat,0.85,certified,203485.0,392395.0,0.51857184724576,1,0
2022,Northern Crescent,Corn,0.8,transitional,6669.0,267045.0,0.02497331910352188,0,1
2022,Northern Crescent,Corn,0.7,transitional,25816.0,213715.0,0.12079638771260791,0,1
2022,Northern Crescent,Corn,0.65,transitional,0.0,24202.0,0.0,0,1
2022,Northern Crescent,Wheat,0.7,transitional,2037.0,5821.0,0.34993987287407663,0,1
2022,Northern Crescent,Corn,0.55,certified,34288.0,167399.0,0.20482798583026182,1,0
2022,Northern Crescent,Soybeans,0.65,conventional,552737.0,21114865.0,0.026177624152463205,0,0
2022,Northern Crescent,Soybeans,0.75,conventional,13200990.0,510270248.0,0.025870585345199277,0,0
2022,Northern Crescent,Soybeans,0.8,certified,892832.0,6162794.0,0.14487454878420405,1,0
2022,Northern Crescent,Soybeans,0.6,conventional,437105.0,10566169.0,0.041368352143525244,0,0
2022,Northern Crescent,Soybeans,0.8,conventional,12199297.0,500411172.0,0.024378546448599273,0,0
2022,Northern Great Plains,Soybeans,0.6,conventional,575097.0,14914749.0,0.0385589459132031,0,0
2022,Northern Great Plains,Soybeans,0.7,conventional,22214121.0,393072435.0,0.05651406464052866,0,0
2022,Northern Great Plains,Soybeans,0.75,conventional,110031121.0,1385769055.0,0.07940076349879237,0,0
2022,Northern Great Plains,Soybeans,0.75,certified,1660308.0,7003092.0,0.2370821345771268,1,0
2022,Northern Great Plains,Soybeans,0.5,conventional,93303.0,6083265.0,0.015337651738005824,0,0
2022,Northern Great Plains,Soybeans,0.55,conventional,250266.0,2538148.0,0.09860181518177821,0,0
2022,Northern Great Plains,Soybeans,0.65,conventional,3038702.0,47145639.0,0.06445351180837744,0,0
2022,Northern Great Plains,Soybeans,0.8,conventional,35851967.0,365410299.0,0.09811427619340307,0,0
2022,Northern Great Plains,Soybeans,0.85,conventional,2944587.0,18335612.0,0.1605938760047933,0,0
2022,Northern Great Plains,Soybeans,0.8,certified,2134944.0,6233562.0,0.34249182088828184,1,0
2022,Northern Crescent,Soybeans,0.5,conventional,58840.0,14950022.0,0.003935780161393743,0,0
2022,Northern Crescent,Soybeans,0.8,transitional,0.0,125351.0,0.0,0,1
2022,Northern Crescent,Soybeans,0.85,certified,342114.0,2730047.0,0.1253143260903567,1,0
2022,Northern Crescent,Soybeans,0.85,transitional,-1663.0,53591.0,-0.031031329887481106,0,1
2022,Northern Crescent,Soybeans,0.65,certified,28989.0,383895.0,0.07551283554096823,1,0
2022,Northern Crescent,Soybeans,0.75,certified,1092230.0,6738403.0,0.1620903350541664,1,0
2022,Northern Crescent,Soybeans,0.7,certified,245173.0,2926897.0,0.0837655031933136,1,0
2022,Northern Crescent,Soybeans,0.55,conventional,38208.0,3032561.0,0.012599251919417284,0,0
2022,Northern Great Plains,Wheat,0.8,certified,639540.0,1104112.0,0.5792347153187358,1,0
2022,Northern Great Plains,Soybeans,0.7,certified,508957.0,3531381.0,0.14412406930886246,1,0
2022,Heartland,Soybeans,0.65,transitional,0.0,7264.0,0.0,0,1
2022,Northern Great Plains,Wheat,0.65,certified,299841.0,1752281.0,0.17111467852473433,1,0
2022,Northern Great Plains,Wheat,0.7,transitional,0.0,144049.0,0.0,0,1
2022,Northern Great Plains,Wheat,0.75,transitional,0.0,98577.0,0.0,0,1
2022,Northern Great Plains,Wheat,0.8,transitional,0.0,95890.0,0.0,0,1
2022,Northern Great Plains,Corn,0.6,certified,0.0,1126727.0,0.0,1,0
2022,Northern Crescent,Wheat,0.85,transitional,0.0,62991.0,0.0,0,1
2022,Northern Crescent,Soybeans,0.6,certified,4281.0,93943.0,0.04557018617672418,1,0
2022,Northern Crescent,Soybeans,0.75,transitional,19455.0,109209.0,0.17814465840727411,0,1
2022,Southern Seaboard,Corn,0.55,certified,0.0,68475.0,0.0,1,0
2022,Heartland,Corn,0.65,transitional,0.0,17313.0,0.0,0,1
2022,Heartland,Soybeans,0.6,transitional,7154.0,50782.0,0.14087668859044544,0,1
2022,Eastern Uplands,Wheat,0.5,conventional,1469.0,58687.0,0.025031097176546765,0,0
2022,Eastern Uplands,Wheat,0.6,conventional,0.0,340839.0,0.0,0,0
2022,Eastern Uplands,Wheat,0.65,conventional,52236.0,212271.0,0.24608165976511157,0,0
2022,Eastern Uplands,Wheat,0.7,conventional,249141.0,2412909.0,0.10325337590435445,0,0
2022,Eastern Uplands,Wheat,0.7,certified,119665.0,685777.0,0.17449549926579633,1,0
2022,Eastern Uplands,Wheat,0.75,conventional,430596.0,4774170.0,0.09019285027554527,0,0
2022,Eastern Uplands,Wheat,0.8,conventional,181666.0,2263317.0,0.08026538041290725,0,0
2022,Eastern Uplands,Wheat,0.85,conventional,0.0,87531.0,0.0,0,0
2022,Eastern Uplands,Corn,0.6,conventional,4099.0,161101.0,0.025443665774886562,0,0
2022,Eastern Uplands,Corn,0.75,certified,1053701.0,1064985.0,0.9894045456039287,1,0
2022,Prairie Gateway,Wheat,0.85,transitional,4967.0,67959.0,0.07308818552362453,0,1
2022,Prairie Gateway,Soybeans,0.85,certified,5119610.0,8504511.0,0.6019875804734687,1,0
2022,Northern Great Plains,Soybeans,0.8,transitional,225896.0,358729.0,0.6297121225214577,0,1
2022,Heartland,Corn,0.6,transitional,0.0,18691.0,0.0,0,1
2022,Prairie Gateway,Corn,0.8,transitional,20009.0,20407.0,0.9804968883226344,0,1
2022,Prairie Gateway,Soybeans,0.7,transitional,4898.0,5938.0,0.8248568541596497,0,1
2022,Prairie Gateway,Soybeans,0.8,transitional,42498.0,52623.0,0.8075936377629553,0,1
2022,Northern Great Plains,Corn,0.7,transitional,213.0,17841.0,0.011938792668572389,0,1
2022,Northern Great Plains,Soybeans,0.75,transitional,31401.0,229198.0,0.13700381329680014,0,1
2022,Northern Great Plains,Soybeans,0.6,certified,19234.0,174507.0,0.11021907430647482,1,0
2022,Northern Great Plains,Soybeans,0.6,transitional,3095.0,47552.0,0.06508664199192463,0,1
2022,Northern Great Plains,Soybeans,0.65,certified,124483.0,458400.0,0.2715597731239093,1,0
2022,Prairie Gateway,Soybeans,0.65,transitional,9472.0,9472.0,1.0,0,1
2022,Prairie Gateway,Corn,0.6,certified,268161.0,7904837.0,0.03392365965294414,1,0
2022,Heartland,Soybeans,0.5,transitional,0.0,8791.0,0.0,0,1
2022,Prairie Gateway,Corn,0.85,transitional,24535.0,46794.0,0.5243193571825447,0,1
2022,Prairie Gateway,Soybeans,0.85,transitional,3941.0,6668.0,0.5910317936412718,0,1
2022,Prairie Gateway,Wheat,0.6,transitional,0.0,15864.0,0.0,0,1
2022,Prairie Gateway,Wheat,0.65,transitional,0.0,14117.0,0.0,0,1
2022,Prairie Gateway,Soybeans,0.6,certified,40541.0,88861.0,0.4562293919717311,1,0
2022,Northern Crescent,Soybeans,0.55,certified,3726.0,3726.0,1.0,1,0
2022,Prairie Gateway,Wheat,0.5,certified,3260.0,225442.0,0.01446048207521225,1,0
2022,Prairie Gateway,Corn,0.6,transitional,0.0,22497.0,0.0,0,1
2022,Northern Crescent,Wheat,0.5,certified,22037.0,26813.0,0.8218774475068064,1,0
2022,Northern Crescent,Soybeans,0.7,transitional,0.0,24565.0,0.0,0,1
2022,Southern Seaboard,Soybeans,0.6,certified,161361.0,906561.0,0.17799243514777274,1,0
2022,Southern Seaboard,Wheat,0.8,certified,0.0,185617.0,0.0,1,0
2022,Southern Seaboard,Wheat,0.55,conventional,2667.0,30802.0,0.08658528666969677,0,0
2022,Southern Seaboard,Corn,0.5,certified,0.0,20962.0,0.0,1,0
2022,Southern Seaboard,Wheat,0.5,certified,0.0,3843.0,0.0,1,0
2022,Southern Seaboard,Wheat,0.7,transitional,0.0,1433.0,0.0,0,1
2022,Southern Seaboard,Soybeans,0.6,transitional,605.0,605.0,1.0,0,1
2022,Southern Seaboard,Wheat,0.65,certified,0.0,121288.0,0.0,1,0
2022,Northern Great Plains,Corn,0.85,certified,2499425.0,3011146.0,0.8300577255304127,1,0
2022,Northern Great Plains,Soybeans,0.85,certified,371175.0,827627.0,0.44848101862312373,1,0
2022,Northern Great Plains,Soybeans,0.85,transitional,13325.0,33424.0,0.3986656294877932,0,1
2022,Northern Great Plains,Soybeans,0.7,transitional,12743.0,12743.0,1.0,0,1
2022,Northern Great Plains,Corn,0.75,transitional,19992.0,38363.0,0.5211271277011704,0,1
2022,Northern Great Plains,Wheat,0.5,certified,26097.0,150658.0,0.17322014098156088,1,0
2022,Northern Great Plains,Wheat,0.5,transitional,-215.0,21532.0,-0.009985138398662457,0,1
2022,Eastern Uplands,Corn,0.55,conventional,0.0,14237.0,0.0,0,0
2022,Eastern Uplands,Corn,0.7,certified,22508.0,71149.0,0.3163501946619067,1,0
2022,Eastern Uplands,Corn,0.6,certified,16939.0,23536.0,0.719705982324949,1,0
2022,Northern Crescent,Wheat,0.65,transitional,0.0,5571.0,0.0,0,1
2022,Eastern Uplands,Wheat,0.6,certified,0.0,59823.0,0.0,1,0
2022,Eastern Uplands,Wheat,0.85,certified,0.0,4867.0,0.0,1,0
2022,Eastern Uplands,Soybeans,0.6,conventional,0.0,37820.0,0.0,0,0
2022,Eastern Uplands,Soybeans,0.65,conventional,0.0,99817.0,0.0,0,0
2022,Eastern Uplands,Soybeans,0.7,conventional,61169.0,796490.0,0.07679820211176537,0,0
2022,Eastern Uplands,Soybeans,0.75,conventional,138822.0,2840600.0,0.04887066112793072,0,0
2022,Eastern Uplands,Soybeans,0.8,conventional,75697.0,2350371.0,0.03220640486119,0,0
2022,Eastern Uplands,Soybeans,0.8,certified,14022.0,18302.0,0.7661457764178778,1,0
2022,Eastern Uplands,Soybeans,0.85,conventional,0.0,196499.0,0.0,0,0
2022,Eastern Uplands,Soybeans,0.5,conventional,0.0,22652.0,0.0,0,0
2022,Eastern Uplands,Soybeans,0.7,certified,26200.0,73342.0,0.3572305091216493,1,0
2022,Mississippi Portal,Wheat,0.5,conventional,0.0,54520.0,0.0,0,0
2022,Mississippi Portal,Wheat,0.65,conventional,0.0,1021829.0,0.0,0,0
2022,Mississippi Portal,Wheat,0.7,conventional,0.0,580262.0,0.0,0,0
2022,Mississippi Portal,Wheat,0.75,conventional,10691.0,5872960.0,0.0018203767776385333,0,0
2022,Mississippi Portal,Wheat,0.75,certified,0.0,48546.0,0.0,1,0
2022,Mississippi Portal,Wheat,0.8,conventional,657463.0,6870433.0,0.09569455083835328,0,0
2022,Mississippi Portal,Wheat,0.85,conventional,0.0,2869490.0,0.0,0,0
2022,Mississippi Portal,Wheat,0.6,conventional,0.0,160929.0,0.0,0,0
2022,Mississippi Portal,Wheat,0.8,certified,32024.0,103015.0,0.3108673494151337,1,0
2022,Mississippi Portal,Corn,0.85,certified,211019.0,236600.0,0.8918808114961961,1,0
2022,Mississippi Portal,Corn,0.85,transitional,82352.0,77785.0,1.0587131194960469,0,1
2022,Mississippi Portal,Corn,0.7,certified,19221.0,16539.0,1.162162162162162,1,0
2022,Prairie Gateway,Wheat,0.5,transitional,1289.0,5574.0,0.23125224255471832,0,1
2022,Prairie Gateway,Wheat,0.55,certified,0.0,9412.0,0.0,1,0
2022,Basin and Range,Wheat,0.65,transitional,0.0,7104.0,0.0,0,1
2022,Basin and Range,Wheat,0.55,conventional,33590.0,46876.0,0.7165713798105641,0,0
2022,Southern Seaboard,Soybeans,0.65,transitional,0.0,107575.0,0.0,0,1
2022,Fruitful Rim,Corn,0.55,certified,0.0,52107.0,0.0,1,0
2022,Northern Crescent,Corn,0.5,transitional,0.0,426.0,0.0,0,1
2022,Northern Crescent,Corn,0.6,transitional,0.0,33310.0,0.0,0,1
2022,Northern Crescent,Soybeans,0.6,transitional,0.0,31943.0,0.0,0,1
2023,Fruitful Rim,Wheat,0.5,conventional,319334.0,13812067.0,0.023119928393049355,0,0
2023,Fruitful Rim,Wheat,0.7,conventional,2245893.0,12231559.0,0.1836146152751256,0,0
2023,Fruitful Rim,Wheat,0.75,conventional,13079041.0,55076501.0,0.23747044134121736,0,0
2023,Fruitful Rim,Wheat,0.8,certified,1888530.0,2769935.0,0.681795782211496,1,0
2023,Fruitful Rim,Wheat,0.85,conventional,67873441.0,230603260.0,0.29432992838002375,0,0
2023,Fruitful Rim,Wheat,0.6,certified,3403.0,154916.0,0.021966743267319063,1,0
2023,Fruitful Rim,Wheat,0.6,conventional,312255.0,3809282.0,0.08197214068162977,0,0
2023,Fruitful Rim,Wheat,0.75,certified,1476190.0,4050851.0,0.3644147859301663,1,0
2023,Fruitful Rim,Wheat,0.85,certified,656704.0,2319832.0,0.28308256804803106,1,0
2023,Fruitful Rim,Corn,0.5,conventional,116072.0,36259550.0,0.0032011428713263125,0,0
2023,Fruitful Rim,Corn,0.5,certified,18466.0,4285253.0,0.004309197146586211,1,0
2023,Fruitful Rim,Corn,0.65,conventional,80326.0,15825100.0,0.005075860500091627,0,0
2023,Fruitful Rim,Corn,0.7,conventional,998204.0,42827610.0,0.023307487856548615,0,0
2023,Fruitful Rim,Corn,0.75,conventional,2223260.0,51665222.0,0.043032041941095306,0,0
2023,Fruitful Rim,Corn,0.8,conventional,6668201.0,28001572.0,0.23813666604146366,0,0
2023,Fruitful Rim,Corn,0.85,conventional,3181276.0,15335290.0,0.20744804956410998,0,0
2023,Eastern Uplands,Corn,0.6,conventional,24839.0,4066161.0,0.006108710402760737,0,0
2023,Eastern Uplands,Corn,0.7,conventional,1292630.0,16560408.0,0.07805544404461533,0,0
2023,Eastern Uplands,Corn,0.75,conventional,5909218.0,53085700.0,0.11131468549910804,0,0
2023,Eastern Uplands,Corn,0.8,conventional,2210894.0,27548309.0,0.08025516194115581,0,0
2023,Eastern Uplands,Corn,0.8,transitional,0.0,1519.0,0.0,0,1
2023,Mississippi Portal,Corn,0.5,conventional,65691.0,8620308.0,0.007620493374482675,0,0
2023,Mississippi Portal,Corn,0.5,certified,0.0,57236.0,0.0,1,0
2023,Mississippi Portal,Corn,0.55,conventional,0.0,6973.0,0.0,0,0
2023,Mississippi Portal,Corn,0.6,conventional,496211.0,4840846.0,0.10250501668510008,0,0
2023,Mississippi Portal,Corn,0.65,conventional,76124.0,2766889.0,0.027512487851879854,0,0
2023,Mississippi Portal,Corn,0.7,conventional,580005.0,9530587.0,0.06085721687446954,0,0
2023,Mississippi Portal,Corn,0.75,conventional,471229.0,16476312.0,0.028600393097678655,0,0
2023,Mississippi Portal,Corn,0.7,certified,0.0,127726.0,0.0,1,0
2023,Mississippi Portal,Corn,0.7,transitional,0.0,46482.0,0.0,0,1
2023,Mississippi Portal,Corn,0.75,certified,406001.0,978696.0,0.41483872417992923,1,0
2023,Mississippi Portal,Corn,0.8,conventional,585051.0,28595723.0,0.0204593882798487,0,0
2023,Mississippi Portal,Corn,0.85,conventional,798713.0,2886807.0,0.2766769652422209,0,0
2023,Fruitful Rim,Wheat,0.65,conventional,705556.0,2330548.0,0.30274253094122067,0,0
2023,Fruitful Rim,Wheat,0.7,certified,257918.0,519870.0,0.49612018389212686,1,0
2023,Fruitful Rim,Wheat,0.65,certified,10833.0,243533.0,0.04448267791223366,1,0
2023,Fruitful Rim,Wheat,0.5,certified,51845.0,1252367.0,0.04139760948667603,1,0
2023,Fruitful Rim,Corn,0.6,conventional,66466.0,6655469.0,0.009986674117180922,0,0
2023,Fruitful Rim,Corn,0.75,certified,382754.0,2252313.0,0.16993819242707386,1,0
2023,Basin and Range,Wheat,0.5,conventional,35847.0,2232869.0,0.01605423336523549,0,0
2023,Basin and Range,Wheat,0.75,conventional,1709408.0,5631802.0,0.30352771635082343,0,0
2023,Basin and Range,Wheat,0.75,certified,4076639.0,8870469.0,0.45957423446268736,1,0
2023,Basin and Range,Wheat,0.8,conventional,9186415.0,22334509.0,0.4113103628111995,0,0
2023,Basin and Range,Wheat,0.8,certified,8073279.0,13298338.0,0.6070893219889584,1,0
2023,Basin and Range,Wheat,0.8,transitional,0.0,120983.0,0.0,0,1
2023,Basin and Range,Wheat,0.5,certified,24173.0,377573.0,0.06402205666189055,1,0
2023,Basin and Range,Wheat,0.85,conventional,5357858.0,11998839.0,0.44653136857657644,0,0
2023,Basin and Range,Wheat,0.85,certified,2727022.0,3271694.0,0.8335198829719406,1,0
2023,Fruitful Rim,Corn,0.8,certified,29738.0,732815.0,0.040580501217906295,1,0
2023,Fruitful Rim,Wheat,0.55,conventional,0.0,69269.0,0.0,0,0
2023,Fruitful Rim,Wheat,0.8,conventional,55596060.0,202496999.0,0.2745525132449,0,0
2023,Fruitful Rim,Corn,0.6,certified,0.0,148546.0,0.0,1,0
2023,Prairie Gateway,Corn,0.6,conventional,14646512.0,113967895.0,0.12851436801565916,0,0
2023,Prairie Gateway,Corn,0.65,conventional,24197973.0,242998371.0,0.09958080336266946,0,0
2023,Prairie Gateway,Corn,0.7,conventional,132117854.0,1109550622.0,0.11907329992916718,0,0
2023,Prairie Gateway,Corn,0.7,certified,1969122.0,10898541.0,0.1806775787694885,1,0
2023,Prairie Gateway,Corn,0.75,conventional,249386858.0,1986391486.0,0.1255476877330917,0,0
2023,Prairie Gateway,Corn,0.5,conventional,1236969.0,30858453.0,0.04008525638015619,0,0
2023,Prairie Gateway,Corn,0.75,certified,8291310.0,28286591.0,0.2931180360333983,1,0
2023,Prairie Gateway,Corn,0.8,conventional,157546376.0,919934945.0,0.17125817086989775,0,0
2023,Prairie Gateway,Wheat,0.5,conventional,676149.0,3992399.0,0.16935907458147345,0,0
2023,Prairie Gateway,Wheat,0.6,conventional,14387246.0,32759953.0,0.4391717533904887,0,0
2023,Prairie Gateway,Wheat,0.65,conventional,23445971.0,61133845.0,0.38351867120414235,0,0
2023,Prairie Gateway,Wheat,0.7,conventional,148036705.0,373127145.0,0.3967460073160852,0,0
2023,Prairie Gateway,Wheat,0.7,certified,2221260.0,6652930.0,0.3338769534626097,1,0
2023,Prairie Gateway,Wheat,0.75,conventional,150095619.0,401460423.0,0.37387401198448894,0,0
2023,Prairie Gateway,Wheat,0.75,certified,3375163.0,12982142.0,0.25998506255747317,1,0
2023,Basin and Range,Wheat,0.6,certified,69868.0,1756693.0,0.03977245881892852,1,0
2023,Prairie Gateway,Corn,0.8,certified,8139810.0,19601949.0,0.41525513610916953,1,0
2023,Basin and Range,Wheat,0.6,conventional,69024.0,1387970.0,0.04973018148807251,0,0
2023,Basin and Range,Wheat,0.65,conventional,65581.0,914931.0,0.07167862931740207,0,0
2023,Basin and Range,Wheat,0.65,certified,5284.0,452295.0,0.01168264075437491,1,0
2023,Basin and Range,Wheat,0.7,conventional,1107190.0,3004493.0,0.3685114260542461,0,0
2023,Basin and Range,Wheat,0.7,certified,162359.0,614781.0,0.26409241664918076,1,0
2023,Prairie Gateway,Wheat,0.55,conventional,278168.0,1281312.0,0.21709622636797282,0,0
2023,Prairie Gateway,Wheat,0.6,certified,149712.0,707382.0,0.2116423657938709,1,0
2023,Prairie Gateway,Wheat,0.8,conventional,24729573.0,83473791.0,0.2962555396579508,0,0
2023,Prairie Gateway,Wheat,0.85,conventional,3280404.0,6129800.0,0.5351567750986982,0,0
2023,Prairie Gateway,Corn,0.55,conventional,1213016.0,4774045.0,0.2540855815142086,0,0
2023,Prairie Gateway,Corn,0.65,certified,360923.0,3060549.0,0.11792753522325569,1,0
2023,Prairie Gateway,Corn,0.75,transitional,32915.0,162167.0,0.20296977806828764,0,1
2023,Prairie Gateway,Soybeans,0.65,conventional,2668741.0,41041795.0,0.06502495809454728,0,0
2023,Prairie Gateway,Soybeans,0.7,conventional,19477955.0,203669789.0,0.09563497411979938,0,0
2023,Prairie Gateway,Soybeans,0.7,certified,555808.0,1396151.0,0.39810020549353187,1,0
2023,Northern Great Plains,Wheat,0.6,conventional,2265010.0,22383992.0,0.10118883173296345,0,0
2023,Northern Great Plains,Wheat,0.6,certified,181493.0,1265235.0,0.1434460791868704,1,0
2023,Northern Great Plains,Wheat,0.65,conventional,3920840.0,35594867.0,0.11015183734216509,0,0
2023,Northern Great Plains,Wheat,0.7,conventional,23920205.0,303566064.0,0.07879736188166277,0,0
2023,Northern Great Plains,Wheat,0.7,certified,1101336.0,5262869.0,0.20926532657377564,1,0
2023,Northern Great Plains,Wheat,0.75,certified,2392475.0,5729623.0,0.41756237714069494,1,0
2023,Northern Great Plains,Corn,0.5,conventional,78487.0,20147188.0,0.003895680131639214,0,0
2023,Northern Great Plains,Corn,0.6,conventional,2173330.0,36633011.0,0.05932709162236214,0,0
2023,Northern Great Plains,Corn,0.65,conventional,2722458.0,102457463.0,0.026571592935109082,0,0
2023,Northern Great Plains,Corn,0.7,conventional,25150965.0,662154085.0,0.03798355332958491,0,0
2023,Northern Great Plains,Corn,0.7,certified,654697.0,9035466.0,0.07245857601589116,1,0
2023,Northern Great Plains,Corn,0.7,transitional,0.0,10020.0,0.0,0,1
2023,Northern Great Plains,Corn,0.75,conventional,164062848.0,2410696828.0,0.06805619275490249,0,0
2023,Northern Great Plains,Corn,0.75,certified,1849004.0,19048158.0,0.09706996340538544,1,0
2023,Northern Great Plains,Corn,0.85,conventional,6855174.0,38877295.0,0.17632847141242722,0,0
2023,Prairie Gateway,Wheat,0.75,transitional,73571.0,152541.0,0.48230311850584434,0,1
2023,Prairie Gateway,Corn,0.85,conventional,30600086.0,160739330.0,0.19037086940700823,0,0
2023,Northern Great Plains,Corn,0.8,conventional,70894930.0,661812036.0,0.10712245493220374,0,0
2023,Northern Great Plains,Wheat,0.5,conventional,99198.0,4130572.0,0.024015560072551696,0,0
2023,Northern Great Plains,Wheat,0.75,conventional,53282033.0,690834316.0,0.07712707919390617,0,0
2023,Northern Great Plains,Wheat,0.8,conventional,8227508.0,76661967.0,0.10732190057163547,0,0
2023,Northern Great Plains,Wheat,0.8,certified,207324.0,423497.0,0.4895524643622033,1,0
2023,Northern Great Plains,Wheat,0.85,conventional,1291603.0,4439970.0,0.2909035421410505,0,0
2023,Northern Great Plains,Corn,0.8,certified,2747862.0,10001902.0,0.2747339456035462,1,0
2023,Northern Great Plains,Corn,0.5,certified,0.0,326979.0,0.0,1,0
2023,Northern Great Plains,Corn,0.55,certified,12441.0,129886.0,0.09578399519578708,1,0
2023,Northern Great Plains,Corn,0.55,conventional,-4821.0,7376342.0,-0.000653575986579798,0,0
2023,Northern Great Plains,Corn,0.75,transitional,54826.0,116815.0,0.4693404100500792,0,1
2023,Southern Seaboard,Corn,0.65,conventional,227105.0,12923013.0,0.0175736881174692,0,0
2023,Southern Seaboard,Corn,0.7,certified,607894.0,2943609.0,0.20651316122487734,1,0
2023,Southern Seaboard,Corn,0.75,conventional,3595226.0,111245535.0,0.0323179352771327,0,0
2023,Southern Seaboard,Corn,0.5,conventional,46131.0,16407419.0,0.002811593950273349,0,0
2023,Southern Seaboard,Corn,0.55,conventional,1466.0,1548880.0,0.0009464903672330975,0,0
2023,Southern Seaboard,Corn,0.6,conventional,355514.0,19244778.0,0.01847327103487502,0,0
2023,Southern Seaboard,Corn,0.7,conventional,1747493.0,65620509.0,0.02663028718658674,0,0
2023,Southern Seaboard,Corn,0.75,certified,1223526.0,4868872.0,0.25129557729182445,1,0
2023,Southern Seaboard,Corn,0.8,conventional,2205957.0,75146074.0,0.029355585496056654,0,0
2023,Southern Seaboard,Corn,0.85,conventional,147954.0,6078734.0,0.02433960755644185,0,0
2023,Southern Seaboard,Soybeans,0.5,conventional,152550.0,9516568.0,0.01602993852405615,0,0
2023,Southern Seaboard,Soybeans,0.55,conventional,6540.0,1213292.0,0.005390293515493385,0,0
2023,Southern Seaboard,Soybeans,0.6,conventional,1054423.0,15505272.0,0.06800416013340495,0,0
2023,Southern Seaboard,Soybeans,0.65,conventional,1552219.0,20170394.0,0.07695531381290817,0,0
2023,Southern Seaboard,Soybeans,0.7,conventional,8033078.0,87389813.0,0.09192236170593476,0,0
2023,Southern Seaboard,Soybeans,0.75,conventional,11617945.0,155819704.0,0.07456017885902286,0,0
2023,Southern Seaboard,Soybeans,0.75,certified,2446187.0,10617052.0,0.23040171603190793,1,0
2023,Southern Seaboard,Soybeans,0.8,conventional,2592802.0,42504286.0,0.06100095411554496,0,0
2023,Southern Seaboard,Soybeans,0.85,conventional,130922.0,1502851.0,0.08711575532105312,0,0
2023,Fruitful Rim,Corn,0.7,certified,294150.0,1646862.0,0.1786124156122371,1,0
2023,Southern Seaboard,Soybeans,0.65,certified,47428.0,357371.0,0.13271362253792277,1,0
2023,Southern Seaboard,Corn,0.8,certified,14825.0,1079396.0,0.013734533016612994,1,0
2023,Southern Seaboard,Corn,0.85,certified,309992.0,969539.0,0.3197313362329932,1,0
2023,Southern Seaboard,Wheat,0.65,conventional,57476.0,2557512.0,0.022473403839356376,0,0
2023,Southern Seaboard,Wheat,0.7,conventional,1295472.0,9291449.0,0.1394262617165525,0,0
2023,Southern Seaboard,Wheat,0.75,conventional,308005.0,9762752.0,0.03154899356247091,0,0
2023,Southern Seaboard,Wheat,0.85,conventional,0.0,151066.0,0.0,0,0
2023,Southern Seaboard,Wheat,0.85,certified,0.0,249745.0,0.0,1,0
2023,Southern Seaboard,Soybeans,0.85,certified,90610.0,924012.0,0.09806149703683502,1,0
2023,Southern Seaboard,Corn,0.5,certified,30782.0,244740.0,0.12577429108441612,1,0
2023,Fruitful Rim,Soybeans,0.5,conventional,0.0,172694.0,0.0,0,0
2023,Fruitful Rim,Soybeans,0.6,conventional,0.0,95562.0,0.0,0,0
2023,Fruitful Rim,Soybeans,0.65,conventional,7164.0,349622.0,0.020490701386068382,0,0
2023,Fruitful Rim,Soybeans,0.65,certified,0.0,41149.0,0.0,1,0
2023,Fruitful Rim,Soybeans,0.7,conventional,78256.0,665858.0,0.11752655971693664,0,0
2023,Fruitful Rim,Soybeans,0.7,certified,0.0,91521.0,0.0,1,0
2023,Fruitful Rim,Soybeans,0.75,conventional,2784.0,675786.0,0.0041196473439816745,0,0
2023,Fruitful Rim,Soybeans,0.5,certified,0.0,341662.0,0.0,1,0
2023,Fruitful Rim,Soybeans,0.5,transitional,0.0,6243.0,0.0,0,1
2023,Fruitful Rim,Corn,0.85,certified,1684613.0,7271385.0,0.23167704639487524,1,0
2023,Heartland,Wheat,0.6,conventional,10893.0,2017919.0,0.005398135405831453,0,0
2023,Heartland,Wheat,0.65,conventional,210815.0,6020157.0,0.03501818972495235,0,0
2023,Heartland,Wheat,0.7,conventional,1510896.0,30917154.0,0.04886918116719281,0,0
2023,Heartland,Wheat,0.75,conventional,4021071.0,114773878.0,0.035034722796418886,0,0
2023,Heartland,Wheat,0.75,certified,247950.0,5115715.0,0.04846829817532838,1,0
2023,Heartland,Wheat,0.8,conventional,1671182.0,64486789.0,0.025915106425906862,0,0
2023,Heartland,Wheat,0.85,conventional,619935.0,18150360.0,0.034155520882230436,0,0
2023,Heartland,Corn,0.5,conventional,552141.0,121787597.0,0.004533639004306818,0,0
2023,Heartland,Corn,0.55,conventional,142347.0,24727384.0,0.005756654242114734,0,0
2023,Heartland,Corn,0.6,conventional,1062634.0,173321032.0,0.0061310158827117996,0,0
2023,Heartland,Corn,0.65,conventional,6083580.0,362539331.0,0.016780468985860185,0,0
2023,Heartland,Corn,0.7,conventional,53435138.0,1444589548.0,0.03698984121405259,0,0
2023,Heartland,Corn,0.75,conventional,288081830.0,5786654533.0,0.04978383077080783,0,0
2023,Heartland,Corn,0.75,certified,3390778.0,38875936.0,0.08722048518651744,1,0
2023,Heartland,Corn,0.8,conventional,648693261.0,12387550803.0,0.052366546972537974,0,0
2023,Heartland,Corn,0.85,conventional,680366520.0,10394199565.0,0.06545636494136334,0,0
2023,Heartland,Corn,0.8,certified,5461238.0,77413262.0,0.07054654278746192,1,0
2023,Heartland,Corn,0.85,certified,11614650.0,87317854.0,0.13301575185299447,1,0
2023,Heartland,Wheat,0.8,certified,122522.0,4401508.0,0.027836368808144846,1,0
2023,Heartland,Wheat,0.55,conventional,0.0,331218.0,0.0,0,0
2023,Heartland,Wheat,0.6,certified,0.0,401984.0,0.0,1,0
2023,Heartland,Wheat,0.75,transitional,0.0,343065.0,0.0,0,1
2023,Heartland,Corn,0.6,certified,14353.0,1996450.0,0.007189260938165244,1,0
2023,Heartland,Corn,0.7,certified,1172409.0,21442715.0,0.05467633179846862,1,0
2023,Heartland,Corn,0.8,transitional,54767.0,2711159.0,0.02020058580112786,0,1
2023,Heartland,Corn,0.85,transitional,274528.0,3187291.0,0.08613207893474427,0,1
2023,Heartland,Wheat,0.5,conventional,9455.0,1736572.0,0.005444634601962948,0,0
2023,Heartland,Wheat,0.8,transitional,1272.0,330726.0,0.0038460840695923515,0,1
2023,Heartland,Wheat,0.7,certified,154200.0,1013589.0,0.15213266915880105,1,0
2023,Heartland,Wheat,0.85,certified,103741.0,1869964.0,0.055477538605021276,1,0
2023,Heartland,Wheat,0.5,certified,0.0,727556.0,0.0,1,0
2023,Heartland,Wheat,0.5,transitional,0.0,49658.0,0.0,0,1
2023,Heartland,Wheat,0.85,transitional,25041.0,129979.0,0.19265419798582847,0,1
2023,Heartland,Wheat,0.65,certified,0.0,236106.0,0.0,1,0
2023,Heartland,Corn,0.65,certified,360403.0,2485486.0,0.14500302958857947,1,0
2023,Heartland,Wheat,0.7,transitional,0.0,62811.0,0.0,0,1
2023,Heartland,Corn,0.75,transitional,21939.0,915275.0,0.023969845128513287,0,1
2023,Heartland,Corn,0.7,transitional,49260.0,1276647.0,0.038585450794150614,0,1
2023,Heartland,Corn,0.5,transitional,0.0,174782.0,0.0,0,1
2023,Heartland,Corn,0.5,certified,0.0,1726968.0,0.0,1,0
2023,Heartland,Soybeans,0.5,conventional,118548.0,31299748.0,0.003787506532001472,0,0
2023,Heartland,Soybeans,0.65,conventional,1899215.0,134179604.0,0.014154274892628242,0,0
2023,Heartland,Soybeans,0.7,conventional,17696102.0,563915658.0,0.031380760134878186,0,0
2023,Heartland,Soybeans,0.75,conventional,90758635.0,2125345239.0,0.042703008120555046,0,0
2023,Heartland,Soybeans,0.8,certified,3837072.0,24014599.0,0.1597808066668113,1,0
2023,Heartland,Soybeans,0.85,conventional,157272543.0,2933692418.0,0.05360907709173484,0,0
2023,Heartland,Soybeans,0.55,conventional,28238.0,8344703.0,0.003383943083414712,0,0
2023,Heartland,Soybeans,0.7,certified,570462.0,10196148.0,0.05594877594950564,1,0
2023,Heartland,Soybeans,0.75,certified,1718796.0,12110322.0,0.1419281832473158,1,0
2023,Heartland,Soybeans,0.8,conventional,181377137.0,3846237608.0,0.047157028630457926,0,0
2023,Heartland,Soybeans,0.6,conventional,552481.0,51863006.0,0.010652699151298711,0,0
2023,Heartland,Soybeans,0.85,certified,2979539.0,26974340.0,0.11045827256570503,1,0
2023,Heartland,Soybeans,0.85,transitional,52048.0,699676.0,0.07438871706332645,0,1
2023,Heartland,Soybeans,0.75,transitional,2458.0,551233.0,0.004459094430123015,0,1
2023,Heartland,Soybeans,0.5,certified,0.0,219619.0,0.0,1,0
2023,Heartland,Soybeans,0.6,certified,48515.0,312737.0,0.15513034914320978,1,0
2023,Heartland,Soybeans,0.8,transitional,43757.0,595544.0,0.07347400024179573,0,1
2023,Heartland,Corn,0.55,certified,0.0,223610.0,0.0,1,0
2023,Heartland,Soybeans,0.65,certified,13617.0,410285.0,0.03318912463287715,1,0
2023,Heartland,Soybeans,0.7,transitional,0.0,103391.0,0.0,0,1
2023,Prairie Gateway,Corn,0.8,transitional,3022.0,8275.0,0.3651963746223565,0,1
2023,Prairie Gateway,Soybeans,0.5,conventional,110859.0,4068130.0,0.027250604085906793,0,0
2023,Prairie Gateway,Soybeans,0.6,conventional,630370.0,9276629.0,0.06795248575748798,0,0
2023,Prairie Gateway,Soybeans,0.65,certified,105621.0,491843.0,0.21474535573343526,1,0
2023,Prairie Gateway,Soybeans,0.75,conventional,49507371.0,472194920.0,0.10484520036767866,0,0
2023,Prairie Gateway,Soybeans,0.8,conventional,34960987.0,287064505.0,0.12178791313819867,0,0
2023,Prairie Gateway,Soybeans,0.8,certified,384849.0,2102485.0,0.18304482552788723,1,0
2023,Prairie Gateway,Soybeans,0.85,conventional,5021961.0,35430695.0,0.1417404033423561,0,0
2023,Prairie Gateway,Wheat,0.65,certified,387744.0,686155.0,0.565096807572633,1,0
2023,Prairie Gateway,Wheat,0.85,certified,20025.0,75544.0,0.2650773059409086,1,0
2023,Prairie Gateway,Wheat,0.8,certified,194716.0,982012.0,0.19828270937626016,1,0
2023,Prairie Gateway,Soybeans,0.55,conventional,56700.0,745942.0,0.07601127165382832,0,0
2023,Prairie Gateway,Wheat,0.8,transitional,5935.0,39009.0,0.15214437693865518,0,1
2023,Prairie Gateway,Soybeans,0.75,certified,1597982.0,3172867.0,0.5036397680709591,1,0
2023,Prairie Gateway,Wheat,0.7,transitional,1810.0,44496.0,0.040677813736066167,0,1
2023,Prairie Gateway,Corn,0.7,transitional,8892.0,77851.0,0.11421818602201642,0,1
2023,Mississippi Portal,Corn,0.8,certified,138655.0,1073835.0,0.12912132683326583,1,0
2023,Mississippi Portal,Corn,0.6,certified,173656.0,233397.0,0.7440369841943127,1,0
2023,Northern Crescent,Wheat,0.55,certified,7068.0,69271.0,0.1020340402188506,1,0
2023,Northern Crescent,Wheat,0.6,certified,54001.0,1963292.0,0.02750533287967353,1,0
2023,Northern Crescent,Wheat,0.65,conventional,43649.0,7457298.0,0.005853192402932,0,0
2023,Northern Crescent,Wheat,0.75,conventional,3202745.0,77438557.0,0.04135853151292579,0,0
2023,Northern Crescent,Soybeans,0.5,certified,5166.0,159517.0,0.03238526301271965,1,0
2023,Northern Crescent,Soybeans,0.7,conventional,3057520.0,130541933.0,0.023421746022406455,0,0
2023,Northern Crescent,Soybeans,0.75,conventional,17102367.0,483274296.0,0.0353885301609337,0,0
2023,Southern Seaboard,Soybeans,0.8,certified,698837.0,1975998.0,0.35366280735101957,1,0
2023,Southern Seaboard,Wheat,0.5,conventional,0.0,730404.0,0.0,0,0
2023,Southern Seaboard,Wheat,0.5,certified,0.0,35944.0,0.0,1,0
2023,Southern Seaboard,Wheat,0.55,conventional,19942.0,188545.0,0.10576785382799862,0,0
2023,Southern Seaboard,Wheat,0.6,conventional,18132.0,1703070.0,0.010646655745213056,0,0
2023,Southern Seaboard,Wheat,0.75,certified,14847.0,1452838.0,0.010219308690989635,1,0
2023,Southern Seaboard,Wheat,0.8,conventional,183382.0,1228397.0,0.14928561369003668,0,0
2023,Southern Seaboard,Corn,0.6,certified,0.0,464839.0,0.0,1,0
2023,Southern Seaboard,Soybeans,0.6,certified,147818.0,642614.0,0.2300261120983981,1,0
2023,Northern Crescent,Soybeans,0.5,conventional,62941.0,13531927.0,0.00465129615316429,0,0
2023,Northern Crescent,Soybeans,0.6,conventional,133583.0,11448376.0,0.011668292515899199,0,0
2023,Northern Crescent,Soybeans,0.6,certified,16638.0,173131.0,0.09610064055541757,1,0
2023,Northern Crescent,Soybeans,0.85,conventional,10858236.0,200188254.0,0.05424012539716741,0,0
2023,Southern Seaboard,Soybeans,0.5,certified,22603.0,64840.0,0.34859654534238127,1,0
2023,Southern Seaboard,Soybeans,0.7,certified,1115749.0,4620514.0,0.24147724690369946,1,0
2023,Northern Crescent,Wheat,0.55,conventional,0.0,200398.0,0.0,0,0
2023,Northern Crescent,Wheat,0.7,conventional,1073797.0,37939719.0,0.02830271357571204,0,0
2023,Northern Crescent,Wheat,0.7,certified,66910.0,778880.0,0.0859054026294166,1,0
2023,Northern Crescent,Wheat,0.8,conventional,1527668.0,29584248.0,0.0516378851340078,0,0
2023,Northern Crescent,Wheat,0.85,conventional,595073.0,5803682.0,0.10253370188097832,0,0
2023,Northern Crescent,Corn,0.5,conventional,204902.0,147796884.0,0.001386375642398523,0,0
2023,Northern Crescent,Corn,0.5,certified,30421.0,1853804.0,0.01641004119097812,1,0
2023,Northern Crescent,Corn,0.6,conventional,1243313.0,99709789.0,0.01246931733051807,0,0
2023,Northern Crescent,Corn,0.65,conventional,3512605.0,93038278.0,0.037754406847469814,0,0
2023,Northern Crescent,Corn,0.7,conventional,26782496.0,574678738.0,0.04660429250124789,0,0
2023,Northern Crescent,Corn,0.75,conventional,100096582.0,1935246619.0,0.05172290757015915,0,0
2023,Northern Crescent,Corn,0.75,certified,5145985.0,40864618.0,0.1259276423433103,1,0
2023,Northern Crescent,Corn,0.8,conventional,87697497.0,1784609179.0,0.04914100971347744,0,0
2023,Northern Crescent,Corn,0.65,certified,68987.0,1842609.0,0.03743984752055374,1,0
2023,Northern Crescent,Corn,0.7,certified,1424842.0,13489917.0,0.10562274030299816,1,0
2023,Northern Crescent,Corn,0.85,conventional,41911424.0,541061975.0,0.07746141095943769,0,0
2023,Northern Crescent,Wheat,0.5,conventional,10442.0,6021849.0,0.0017340189034962517,0,0
2023,Northern Crescent,Wheat,0.75,certified,157308.0,2330767.0,0.06749194578437055,1,0
2023,Northern Crescent,Corn,0.8,certified,3579489.0,26735631.0,0.13388459019351368,1,0
2023,Northern Crescent,Wheat,0.6,conventional,84142.0,8635020.0,0.009744273898612857,0,0
2023,Northern Crescent,Corn,0.85,certified,1177308.0,5528734.0,0.21294350569226156,1,0
2023,Northern Crescent,Corn,0.55,conventional,53066.0,11303812.0,0.004694522520367466,0,0
2023,Northern Crescent,Corn,0.6,certified,77703.0,3468098.0,0.02240507621180255,1,0
2023,Northern Crescent,Corn,0.85,transitional,61011.0,111654.0,0.5464291471868451,0,1
2023,Northern Crescent,Wheat,0.85,certified,269950.0,524707.0,0.5144776036912029,1,0
2023,Northern Crescent,Corn,0.75,transitional,43816.0,517708.0,0.08463458165606867,0,1
2023,Northern Crescent,Corn,0.8,transitional,14630.0,239083.0,0.06119213829506907,0,1
2023,Northern Crescent,Corn,0.7,transitional,15398.0,106486.0,0.14460116822868735,0,1
2023,Northern Crescent,Wheat,0.7,transitional,2622.0,26779.0,0.09791254341088167,0,1
2023,Northern Crescent,Wheat,0.65,certified,0.0,227664.0,0.0,1,0
2023,Northern Crescent,Wheat,0.8,certified,89373.0,1221869.0,0.07314450239755653,1,0
2023,Northern Crescent,Wheat,0.75,transitional,0.0,54030.0,0.0,0,1
2023,Northern Crescent,Wheat,0.5,certified,0.0,266002.0,0.0,1,0
2023,Northern Crescent,Wheat,0.5,transitional,0.0,8750.0,0.0,0,1
2023,Northern Crescent,Wheat,0.6,transitional,0.0,26435.0,0.0,0,1
2023,Northern Great Plains,Soybeans,0.5,conventional,1309.0,5241461.0,0.00024973952873063443,0,0
2023,Northern Great Plains,Soybeans,0.55,conventional,347.0,1444850.0,0.00024016333875488804,0,0
2023,Northern Great Plains,Soybeans,0.65,conventional,747942.0,39319514.0,0.01902215780184872,0,0
2023,Northern Great Plains,Soybeans,0.7,conventional,11407530.0,362087345.0,0.031504912164218274,0,0
2023,Northern Great Plains,Soybeans,0.75,conventional,52049332.0,1397531126.0,0.03724377298770804,0,0
2023,Northern Great Plains,Soybeans,0.75,certified,828666.0,6189800.0,0.13387605415360754,1,0
2023,Northern Great Plains,Soybeans,0.8,conventional,22375557.0,413516505.0,0.05411043266580133,0,0
2023,Northern Crescent,Soybeans,0.65,conventional,351305.0,19795511.0,0.017746700249364616,0,0
2023,Northern Crescent,Soybeans,0.75,certified,988779.0,6796030.0,0.14549361906877986,1,0
2023,Heartland,Soybeans,0.65,transitional,0.0,44753.0,0.0,0,1
2023,Northern Great Plains,Wheat,0.55,conventional,255847.0,2438663.0,0.10491281493178845,0,0
2023,Northern Great Plains,Soybeans,0.6,conventional,185193.0,15809398.0,0.011714108279138775,0,0
2023,Northern Great Plains,Soybeans,0.85,conventional,2647132.0,18026052.0,0.14685034748596087,0,0
2023,Northern Crescent,Soybeans,0.55,conventional,0.0,2082921.0,0.0,0,0
2023,Northern Crescent,Soybeans,0.8,certified,543921.0,3431246.0,0.15851996621635406,1,0
2023,Northern Crescent,Soybeans,0.8,conventional,19416246.0,440944997.0,0.044033260683531465,0,0
2023,Northern Crescent,Soybeans,0.85,certified,537342.0,1527103.0,0.35187017509624435,1,0
2023,Northern Crescent,Soybeans,0.7,certified,294868.0,2390971.0,0.12332562795617345,1,0
2023,Northern Great Plains,Corn,0.65,certified,47352.0,2046434.0,0.023138786787162448,1,0
2023,Northern Great Plains,Soybeans,0.6,transitional,0.0,5082.0,0.0,0,1
2023,Northern Great Plains,Soybeans,0.8,certified,341996.0,5149274.0,0.06641635306258707,1,0
2023,Northern Great Plains,Soybeans,0.7,certified,495182.0,3295429.0,0.15026328893749494,1,0
2023,Heartland,Corn,0.65,transitional,0.0,56327.0,0.0,0,1
2023,Heartland,Corn,0.6,transitional,0.0,29887.0,0.0,0,1
2023,Northern Great Plains,Wheat,0.7,transitional,0.0,72849.0,0.0,0,1
2023,Northern Great Plains,Wheat,0.65,certified,227150.0,1260340.0,0.18022914451655903,1,0
2023,Northern Great Plains,Soybeans,0.65,certified,298750.0,496238.0,0.6020296712464583,1,0
2023,Northern Crescent,Soybeans,0.55,certified,0.0,165084.0,0.0,1,0
2023,Northern Crescent,Soybeans,0.75,transitional,14383.0,52406.0,0.2744533068732588,0,1
2023,Northern Crescent,Soybeans,0.65,certified,16642.0,314515.0,0.052913215585902104,1,0
2023,Eastern Uplands,Corn,0.5,conventional,37045.0,1314781.0,0.028175795056362998,0,0
2023,Eastern Uplands,Corn,0.65,conventional,41217.0,1528613.0,0.026963659212632628,0,0
2023,Eastern Uplands,Corn,0.75,certified,398649.0,1707332.0,0.23349237289525412,1,0
2023,Eastern Uplands,Corn,0.85,conventional,65874.0,1001188.0,0.06579583454855631,0,0
2023,Heartland,Soybeans,0.6,transitional,0.0,26645.0,0.0,0,1
2023,Eastern Uplands,Wheat,0.5,conventional,0.0,74904.0,0.0,0,0
2023,Eastern Uplands,Wheat,0.6,conventional,4962.0,567570.0,0.008742533960568741,0,0
2023,Eastern Uplands,Wheat,0.65,conventional,0.0,266227.0,0.0,0,0
2023,Eastern Uplands,Wheat,0.7,conventional,101357.0,2730290.0,0.03712316274095426,0,0
2023,Eastern Uplands,Wheat,0.7,certified,26893.0,920270.0,0.02922294543992524,1,0
2023,Eastern Uplands,Wheat,0.75,conventional,159727.0,7440936.0,0.021465982236643345,0,0
2023,Eastern Uplands,Wheat,0.8,conventional,32545.0,3030860.0,0.010737876378321664,0,0
2023,Eastern Uplands,Wheat,0.85,conventional,5090.0,248796.0,0.020458528272158716,0,0
2023,Eastern Uplands,Corn,0.55,conventional,0.0,37275.0,0.0,0,0
2023,Basin and Range,Wheat,0.55,conventional,0.0,160014.0,0.0,0,0
2023,Prairie Gateway,Corn,0.85,certified,18073356.0,28495750.0,0.6342474228613039,1,0
2023,Prairie Gateway,Soybeans,0.85,certified,378216.0,1201818.0,0.31470322461470873,1,0
2023,Northern Great Plains,Soybeans,0.85,transitional,0.0,137038.0,0.0,0,1
2023,Prairie Gateway,Wheat,0.5,certified,10973.0,652201.0,0.016824567886280457,1,0
2023,Prairie Gateway,Corn,0.5,certified,0.0,26827.0,0.0,1,0
2023,Prairie Gateway,Soybeans,0.7,transitional,0.0,9698.0,0.0,0,1
2023,Prairie Gateway,Soybeans,0.8,transitional,148594.0,433868.0,0.34248665492730507,0,1
2023,Northern Great Plains,Corn,0.6,certified,0.0,539011.0,0.0,1,0
2023,Northern Great Plains,Soybeans,0.5,certified,0.0,77351.0,0.0,1,0
2023,Northern Great Plains,Soybeans,0.6,certified,0.0,83278.0,0.0,1,0
2023,Prairie Gateway,Corn,0.65,transitional,4736.0,5265.0,0.8995251661918329,0,1
2023,Prairie Gateway,Corn,0.6,certified,658097.0,7111238.0,0.09254323930657363,1,0
2023,Prairie Gateway,Corn,0.85,transitional,325518.0,605689.0,0.5374342277967736,0,1
2023,Prairie Gateway,Wheat,0.85,transitional,0.0,3466.0,0.0,0,1
2023,Prairie Gateway,Soybeans,0.6,certified,105639.0,170625.0,0.6191296703296704,1,0
2023,Northern Great Plains,Corn,0.85,certified,1253474.0,3359102.0,0.3731574688711447,1,0
2023,Basin and Range,Corn,0.7,conventional,85321.0,145782.0,0.5852642987474448,0,0
2023,Basin and Range,Corn,0.75,conventional,86223.0,99997.0,0.8622558676760302,0,0
2023,Basin and Range,Corn,0.75,certified,65199.0,86813.0,0.7510280718325596,1,0
2023,Northern Crescent,Corn,0.55,certified,0.0,296860.0,0.0,1,0
2023,Southern Seaboard,Wheat,0.7,certified,76815.0,1810227.0,0.04243390469814007,1,0
2023,Southern Seaboard,Wheat,0.6,certified,4723.0,423199.0,0.011160234310572567,1,0
2023,Southern Seaboard,Wheat,0.8,certified,0.0,320513.0,0.0,1,0
2023,Southern Seaboard,Corn,0.65,certified,0.0,12578.0,0.0,1,0
2023,Southern Seaboard,Soybeans,0.75,transitional,3257.0,55683.0,0.05849181976545804,0,1
2023,Southern Seaboard,Wheat,0.7,transitional,2548.0,12089.0,0.21077012159814706,0,1
2023,Southern Seaboard,Corn,0.75,transitional,0.0,32309.0,0.0,0,1
2023,Northern Great Plains,Soybeans,0.75,transitional,0.0,279278.0,0.0,0,1
2023,Northern Great Plains,Wheat,0.85,certified,198987.0,430862.0,0.4618346477526447,1,0
2023,Northern Great Plains,Wheat,0.85,transitional,23373.0,33768.0,0.6921641791044776,0,1
2023,Northern Great Plains,Soybeans,0.85,certified,214604.0,682152.0,0.31459850590484234,1,0
2023,Northern Great Plains,Wheat,0.5,certified,0.0,60098.0,0.0,1,0
2023,Northern Great Plains,Wheat,0.65,transitional,0.0,15302.0,0.0,0,1
2023,Northern Great Plains,Wheat,0.75,transitional,43396.0,82156.0,0.5282146160962072,0,1
2023,Northern Great Plains,Soybeans,0.8,transitional,16110.0,78098.0,0.20627929012266638,0,1
2023,Eastern Uplands,Corn,0.7,certified,143605.0,309938.0,0.4633346024043518,1,0
2023,Basin and Range,Corn,0.5,conventional,0.0,7095816.0,0.0,0,0
2023,Basin and Range,Corn,0.5,certified,0.0,4558541.0,0.0,1,0
2023,Northern Crescent,Wheat,0.8,transitional,0.0,6486.0,0.0,0,1
2023,Northern Crescent,Wheat,0.85,transitional,0.0,2865.0,0.0,0,1
2023,Eastern Uplands,Soybeans,0.5,conventional,0.0,39849.0,0.0,0,0
2023,Eastern Uplands,Soybeans,0.6,conventional,0.0,14789.0,0.0,0,0
2023,Eastern Uplands,Soybeans,0.65,conventional,0.0,17538.0,0.0,0,0
2023,Eastern Uplands,Soybeans,0.7,conventional,53592.0,441830.0,0.12129552090170427,0,0
2023,Eastern Uplands,Soybeans,0.7,certified,26719.0,52881.0,0.5052665418581344,1,0
2023,Eastern Uplands,Soybeans,0.75,conventional,77767.0,1733748.0,0.04485484626370153,0,0
2023,Eastern Uplands,Soybeans,0.8,conventional,8993.0,234922.0,0.03828079107107891,0,0
2023,Mississippi Portal,Wheat,0.5,conventional,0.0,259852.0,0.0,0,0
2023,Mississippi Portal,Wheat,0.6,conventional,20293.0,134591.0,0.1507753118707789,0,0
2023,Mississippi Portal,Wheat,0.65,conventional,0.0,139821.0,0.0,0,0
2023,Mississippi Portal,Wheat,0.7,conventional,0.0,956553.0,0.0,0,0
2023,Mississippi Portal,Wheat,0.75,conventional,55845.0,12415429.0,0.004498032246811608,0,0
2023,Mississippi Portal,Wheat,0.75,certified,140635.0,194510.0,0.7230219525988381,1,0
2023,Mississippi Portal,Wheat,0.8,conventional,0.0,6955066.0,0.0,0,0
2023,Mississippi Portal,Wheat,0.85,conventional,0.0,488795.0,0.0,0,0
2023,Mississippi Portal,Corn,0.55,certified,0.0,9624.0,0.0,1,0
2023,Mississippi Portal,Wheat,0.75,transitional,49505.0,59246.0,0.8355838368835027,0,1
2023,Mississippi Portal,Corn,0.8,transitional,0.0,61461.0,0.0,0,1
2023,Mississippi Portal,Corn,0.85,certified,378734.0,430396.0,0.879966356564652,1,0
2023,Mississippi Portal,Wheat,0.6,certified,24588.0,42682.0,0.5760742233259922,1,0
2023,Southern Seaboard,Wheat,0.75,transitional,0.0,204190.0,0.0,0,1
2023,Southern Seaboard,Corn,0.8,transitional,0.0,103218.0,0.0,0,1
2023,Prairie Gateway,Wheat,0.6,transitional,54804.0,54804.0,1.0,0,1
2023,Fruitful Rim,Corn,0.55,conventional,6289.0,634409.0,0.009913163274795913,0,0
2023,Southern Seaboard,Wheat,0.65,certified,4635.0,279854.0,0.01656220743673487,1,0
2023,Southern Seaboard,Soybeans,0.65,transitional,14622.0,70440.0,0.2075809199318569,0,1
2023,Fruitful Rim,Corn,0.5,transitional,0.0,94563.0,0.0,0,1
2023,Fruitful Rim,Corn,0.55,certified,0.0,147658.0,0.0,1,0
2023,Northern Crescent,Soybeans,0.7,transitional,2692.0,5084.0,0.5295043273013376,0,1
2023,Northern Crescent,Soybeans,0.85,transitional,15124.0,27504.0,0.5498836532867947,0,1
2023,Northern Crescent,Corn,0.5,transitional,451.0,3781.0,0.11928061359428722,0,1
2023,Northern Crescent,Soybeans,0.5,transitional,0.0,5484.0,0.0,0,1
2024,Fruitful Rim,Wheat,0.6,certified,0.0,161903.0,0.0,1,0
2024,Fruitful Rim,Wheat,0.6,conventional,0.0,679604.0,0.0,0,0
2024,Fruitful Rim,Wheat,0.75,conventional,0.0,19566805.0,0.0,0,0
2024,Fruitful Rim,Wheat,0.8,certified,0.0,1650906.0,0.0,1,0
2024,Fruitful Rim,Wheat,0.85,certified,0.0,295242.0,0.0,1,0
2024,Eastern Uplands,Wheat,0.7,conventional,0.0,5860312.0,0.0,0,0
2024,Eastern Uplands,Wheat,0.8,transitional,0.0,13716.0,0.0,0,1
2024,Fruitful Rim,Wheat,0.5,conventional,0.0,1014196.0,0.0,0,0
2024,Fruitful Rim,Wheat,0.65,conventional,0.0,578728.0,0.0,0,0
2024,Fruitful Rim,Wheat,0.65,certified,0.0,1736879.0,0.0,1,0
2024,Basin and Range,Wheat,0.7,conventional,0.0,323800.0,0.0,0,0
2024,Basin and Range,Wheat,0.7,certified,0.0,214734.0,0.0,1,0
2024,Basin and Range,Wheat,0.75,conventional,0.0,1578287.0,0.0,0,0
2024,Basin and Range,Wheat,0.75,certified,0.0,2340991.0,0.0,1,0
2024,Basin and Range,Wheat,0.8,conventional,0.0,4153307.0,0.0,0,0
2024,Basin and Range,Wheat,0.8,certified,0.0,3493841.0,0.0,1,0
2024,Basin and Range,Wheat,0.8,transitional,0.0,100644.0,0.0,0,1
2024,Basin and Range,Wheat,0.6,conventional,0.0,448158.0,0.0,0,0
2024,Prairie Gateway,Wheat,0.5,conventional,0.0,1808083.0,0.0,0,0
2024,Prairie Gateway,Wheat,0.6,conventional,0.0,26408848.0,0.0,0,0
2024,Prairie Gateway,Wheat,0.65,conventional,0.0,40584972.0,0.0,0,0
2024,Prairie Gateway,Wheat,0.7,conventional,38173.0,280568616.0,0.00013605584453537026,0,0
2024,Prairie Gateway,Wheat,0.7,certified,0.0,3871174.0,0.0,1,0
2024,Prairie Gateway,Wheat,0.75,conventional,11414.0,301590581.0,3.784600952109973e-05,0,0
2024,Prairie Gateway,Wheat,0.75,certified,0.0,7078984.0,0.0,1,0
2024,Prairie Gateway,Wheat,0.8,conventional,0.0,76942924.0,0.0,0,0
2024,Basin and Range,Wheat,0.6,certified,0.0,1028365.0,0.0,1,0
2024,Basin and Range,Wheat,0.65,conventional,0.0,109086.0,0.0,0,0
2024,Basin and Range,Wheat,0.65,certified,0.0,113683.0,0.0,1,0
2024,Basin and Range,Wheat,0.5,conventional,0.0,31492.0,0.0,0,0
2024,Basin and Range,Wheat,0.5,certified,0.0,49543.0,0.0,1,0
2024,Prairie Gateway,Wheat,0.55,conventional,0.0,542311.0,0.0,0,0
2024,Prairie Gateway,Wheat,0.6,certified,0.0,752959.0,0.0,1,0
2024,Prairie Gateway,Wheat,0.65,certified,0.0,764615.0,0.0,1,0
2024,Northern Great Plains,Wheat,0.6,certified,0.0,804533.0,0.0,1,0
2024,Northern Great Plains,Wheat,0.6,conventional,0.0,2074412.0,0.0,0,0
2024,Northern Great Plains,Wheat,0.65,conventional,0.0,8392059.0,0.0,0,0
2024,Northern Great Plains,Wheat,0.7,conventional,0.0,31253680.0,0.0,0,0
2024,Prairie Gateway,Wheat,0.85,conventional,0.0,3817833.0,0.0,0,0
2024,Northern Great Plains,Wheat,0.5,conventional,0.0,244818.0,0.0,0,0
2024,Northern Great Plains,Wheat,0.7,certified,0.0,474410.0,0.0,1,0
2024,Northern Great Plains,Wheat,0.75,conventional,0.0,32079300.0,0.0,0,0
2024,Northern Great Plains,Wheat,0.8,conventional,0.0,2058055.0,0.0,0,0
2024,Northern Great Plains,Wheat,0.65,certified,0.0,397420.0,0.0,1,0
2024,Northern Great Plains,Wheat,0.75,certified,0.0,970505.0,0.0,1,0
2024,Southern Seaboard,Wheat,0.7,conventional,6332.0,5292078.0,0.001196505418098524,0,0
2024,Southern Seaboard,Wheat,0.75,conventional,0.0,6200708.0,0.0,0,0
2024,Southern Seaboard,Wheat,0.75,certified,0.0,692089.0,0.0,1,0
2024,Fruitful Rim,Wheat,0.75,certified,0.0,1816502.0,0.0,1,0
2024,Fruitful Rim,Wheat,0.7,conventional,0.0,2398542.0,0.0,0,0
2024,Fruitful Rim,Wheat,0.8,conventional,3229.0,61004026.0,5.293093278794419e-05,0,0
2024,Fruitful Rim,Wheat,0.85,conventional,0.0,15787302.0,0.0,0,0
2024,Fruitful Rim,Wheat,0.75,transitional,0.0,40770.0,0.0,0,1
2024,Fruitful Rim,Wheat,0.55,conventional,0.0,11119.0,0.0,0,0
2024,Fruitful Rim,Wheat,0.7,certified,0.0,32393.0,0.0,1,0
2024,Heartland,Wheat,0.5,transitional,0.0,64218.0,0.0,0,1
2024,Heartland,Wheat,0.65,conventional,0.0,2125781.0,0.0,0,0
2024,Heartland,Wheat,0.7,conventional,14644.0,13252824.0,0.0011049720421851222,0,0
2024,Heartland,Wheat,0.75,conventional,33485.0,60918698.0,0.0005496670332645651,0,0
2024,Heartland,Wheat,0.75,certified,0.0,2961407.0,0.0,1,0
2024,Heartland,Wheat,0.8,conventional,4951.0,41941646.0,0.00011804496180240519,0,0
2024,Heartland,Wheat,0.85,conventional,11076.0,10472089.0,0.001057668627529808,0,0
2024,Heartland,Wheat,0.8,certified,0.0,3278765.0,0.0,1,0
2024,Heartland,Wheat,0.5,conventional,0.0,827628.0,0.0,0,0
2024,Heartland,Wheat,0.55,conventional,0.0,269181.0,0.0,0,0
2024,Heartland,Wheat,0.6,certified,0.0,324384.0,0.0,1,0
2024,Heartland,Wheat,0.6,transitional,0.0,51777.0,0.0,0,1
2024,Heartland,Wheat,0.5,certified,0.0,200671.0,0.0,1,0
2024,Heartland,Wheat,0.85,certified,0.0,1269986.0,0.0,1,0
2024,Heartland,Wheat,0.75,transitional,0.0,533386.0,0.0,0,1
2024,Heartland,Wheat,0.7,certified,0.0,610834.0,0.0,1,0
2024,Heartland,Wheat,0.7,transitional,0.0,93204.0,0.0,0,1
2024,Heartland,Wheat,0.8,transitional,0.0,129264.0,0.0,0,1
2024,Heartland,Wheat,0.85,transitional,0.0,114273.0,0.0,0,1
2024,Heartland,Wheat,0.6,conventional,0.0,1758985.0,0.0,0,0
2024,Heartland,Wheat,0.65,certified,0.0,173014.0,0.0,1,0
2024,Prairie Gateway,Wheat,0.8,certified,0.0,1452127.0,0.0,1,0
2024,Prairie Gateway,Wheat,0.7,transitional,0.0,77818.0,0.0,0,1
2024,Prairie Gateway,Wheat,0.75,transitional,0.0,204277.0,0.0,0,1
2024,Prairie Gateway,Wheat,0.85,certified,0.0,256434.0,0.0,1,0
2024,Prairie Gateway,Wheat,0.8,transitional,0.0,59891.0,0.0,0,1
2024,Southern Seaboard,Wheat,0.5,conventional,0.0,376666.0,0.0,0,0
2024,Southern Seaboard,Wheat,0.6,conventional,0.0,1321245.0,0.0,0,0
2024,Southern Seaboard,Wheat,0.65,conventional,0.0,910685.0,0.0,0,0
2024,Southern Seaboard,Wheat,0.8,conventional,0.0,1392257.0,0.0,0,0
2024,Southern Seaboard,Wheat,0.85,conventional,0.0,16641.0,0.0,0,0
2024,Southern Seaboard,Wheat,0.85,certified,0.0,55968.0,0.0,1,0
2024,Southern Seaboard,Wheat,0.55,conventional,0.0,136517.0,0.0,0,0
2024,Southern Seaboard,Wheat,0.5,certified,0.0,33344.0,0.0,1,0
2024,Northern Crescent,Wheat,0.5,conventional,29723.0,3886661.0,0.007647438250982012,0,0
2024,Northern Crescent,Wheat,0.55,conventional,0.0,120107.0,0.0,0,0
2024,Northern Crescent,Wheat,0.55,certified,0.0,37507.0,0.0,1,0
2024,Northern Crescent,Wheat,0.7,conventional,237467.0,20639272.0,0.011505589925846221,0,0
2024,Northern Crescent,Wheat,0.7,certified,0.0,366591.0,0.0,1,0
2024,Northern Crescent,Wheat,0.75,conventional,435906.0,36921552.0,0.011806275099161595,0,0
2024,Northern Crescent,Wheat,0.8,conventional,384455.0,17903199.0,0.02147409521616779,0,0
2024,Northern Crescent,Wheat,0.75,certified,14602.0,1727361.0,0.008453357462626515,1,0
2024,Northern Crescent,Wheat,0.5,transitional,0.0,4931.0,0.0,0,1
2024,Northern Crescent,Wheat,0.6,conventional,49210.0,4784521.0,0.010285251125452265,0,0
2024,Northern Crescent,Wheat,0.65,conventional,24323.0,3635508.0,0.006690399250943747,0,0
2024,Northern Crescent,Wheat,0.85,conventional,100166.0,2666825.0,0.03756001987381999,0,0
2024,Northern Crescent,Wheat,0.6,certified,0.0,1398455.0,0.0,1,0
2024,Northern Crescent,Wheat,0.65,certified,0.0,105382.0,0.0,1,0
2024,Northern Crescent,Wheat,0.75,transitional,0.0,61164.0,0.0,0,1
2024,Northern Crescent,Wheat,0.85,certified,0.0,309833.0,0.0,1,0
2024,Northern Crescent,Wheat,0.8,certified,18080.0,646442.0,0.02796847977080697,1,0
2024,Northern Crescent,Wheat,0.5,certified,0.0,156688.0,0.0,1,0
2024,Northern Crescent,Wheat,0.6,transitional,0.0,9094.0,0.0,0,1
2024,Eastern Uplands,Wheat,0.5,conventional,0.0,277860.0,0.0,0,0
2024,Eastern Uplands,Wheat,0.6,conventional,0.0,533992.0,0.0,0,0
2024,Eastern Uplands,Wheat,0.65,conventional,0.0,650261.0,0.0,0,0
2024,Eastern Uplands,Wheat,0.75,conventional,0.0,14058616.0,0.0,0,0
2024,Eastern Uplands,Wheat,0.75,certified,0.0,105693.0,0.0,1,0
2024,Eastern Uplands,Wheat,0.8,conventional,0.0,3967565.0,0.0,0,0
2024,Eastern Uplands,Wheat,0.85,conventional,15148.0,358344.0,0.04227223003594312,0,0
2024,Eastern Uplands,Wheat,0.7,certified,0.0,711010.0,0.0,1,0
2024,Northern Great Plains,Wheat,0.55,conventional,0.0,85444.0,0.0,0,0
2024,Northern Great Plains,Wheat,0.7,transitional,0.0,9090.0,0.0,0,1
2024,Northern Great Plains,Wheat,0.85,conventional,0.0,49888.0,0.0,0,0
2024,Prairie Gateway,Wheat,0.5,certified,0.0,95164.0,0.0,1,0
2024,Southern Seaboard,Wheat,0.7,certified,0.0,801714.0,0.0,1,0
2024,Southern Seaboard,Wheat,0.6,certified,0.0,262444.0,0.0,1,0
2024,Southern Seaboard,Wheat,0.8,certified,0.0,72767.0,0.0,1,0
2024,Southern Seaboard,Wheat,0.65,certified,0.0,206406.0,0.0,1,0
2024,Eastern Uplands,Wheat,0.6,transitional,0.0,632.0,0.0,0,1
2024,Northern Crescent,Wheat,0.8,transitional,0.0,9273.0,0.0,0,1
2024,Eastern Uplands,Wheat,0.8,certified,0.0,69332.0,0.0,1,0
2024,Basin and Range,Wheat,0.85,conventional,0.0,14049.0,0.0,0,0
2024,Basin and Range,Wheat,0.85,certified,0.0,528944.0,0.0,1,0
2024,Northern Great Plains,Wheat,0.8,certified,0.0,16841.0,0.0,1,0
2024,Mississippi Portal,Wheat,0.5,conventional,0.0,23330.0,0.0,0,0
2024,Mississippi Portal,Wheat,0.6,conventional,0.0,88015.0,0.0,0,0
2024,Mississippi Portal,Wheat,0.65,conventional,0.0,205171.0,0.0,0,0
2024,Mississippi Portal,Wheat,0.7,conventional,0.0,166325.0,0.0,0,0
2024,Mississippi Portal,Wheat,0.75,conventional,0.0,6537801.0,0.0,0,0
2024,Mississippi Portal,Wheat,0.8,conventional,0.0,5126846.0,0.0,0,0
2024,Mississippi Portal,Wheat,0.8,certified,0.0,234176.0,0.0,1,0
2024,Mississippi Portal,Wheat,0.85,conventional,0.0,222034.0,0.0,0,0
2024,Prairie Gateway,Wheat,0.6,transitional,0.0,37239.0,0.0,0,1
2024,Southern Seaboard,Wheat,0.8,transitional,0.0,77476.0,0.0,0,1
2024,Prairie Gateway,Wheat,0.55,certified,0.0,199280.0,0.0,1,0
2024,Basin and Range,Wheat,0.55,conventional,0.0,37205.0,0.0,0,0
2025,Fruitful Rim,Wheat,0.5,conventional,0.0,2193702.0,0.0,0,0
2025,Fruitful Rim,Wheat,0.7,conventional,223814.0,3820489.0,0.05858255317578456,0,0
2025,Fruitful Rim,Wheat,0.75,conventional,636571.0,16702819.0,0.03811159062431318,0,0
2025,Fruitful Rim,Wheat,0.8,certified,0.0,1699385.0,0.0,1,0
2025,Fruitful Rim,Wheat,0.85,conventional,550956.0,13623194.0,0.040442498286378366,0,0
2025,Fruitful Rim,Wheat,0.6,conventional,0.0,1144143.0,0.0,0,0
2025,Fruitful Rim,Wheat,0.6,certified,0.0,32860.0,0.0,1,0
2025,Fruitful Rim,Wheat,0.75,certified,103878.0,1888377.0,0.05500914277180881,1,0
2025,Fruitful Rim,Wheat,0.85,certified,0.0,626331.0,0.0,1,0
2025,Fruitful Rim,Wheat,0.5,certified,4516.0,372635.0,0.012119097776644706,1,0
2025,Fruitful Rim,Wheat,0.7,certified,0.0,317152.0,0.0,1,0
2025,Fruitful Rim,Wheat,0.65,certified,5629.0,1330594.0,0.004230441441942471,1,0
2025,Basin and Range,Wheat,0.7,conventional,0.0,539126.0,0.0,0,0
2025,Basin and Range,Wheat,0.75,conventional,49072.0,2142710.0,0.022901839259629162,0,0
2025,Basin and Range,Wheat,0.75,certified,23229.0,2268850.0,0.010238226414262733,1,0
2025,Basin and Range,Wheat,0.8,conventional,21837.0,2444282.0,0.008933911880871356,0,0
2025,Basin and Range,Wheat,0.8,certified,132993.0,2482848.0,0.05356469667091985,1,0
2025,Fruitful Rim,Wheat,0.55,conventional,0.0,32173.0,0.0,0,0
2025,Fruitful Rim,Wheat,0.65,conventional,5286.0,632051.0,0.008363249168184213,0,0
2025,Fruitful Rim,Wheat,0.8,conventional,2206710.0,57022516.0,0.03869892377249717,0,0
2025,Prairie Gateway,Wheat,0.6,conventional,293408.0,21383462.0,0.013721258045119167,0,0
2025,Prairie Gateway,Wheat,0.65,conventional,406530.0,34008054.0,0.011953933030099282,0,0
2025,Prairie Gateway,Wheat,0.7,conventional,1671293.0,218488046.0,0.00764935670668225,0,0
2025,Prairie Gateway,Wheat,0.7,certified,0.0,3482213.0,0.0,1,0
2025,Prairie Gateway,Wheat,0.75,conventional,1005774.0,225324144.0,0.004463676116306471,0,0
2025,Prairie Gateway,Wheat,0.8,conventional,414674.0,49871513.0,0.008314846994916717,0,0
2025,Prairie Gateway,Wheat,0.5,conventional,0.0,962584.0,0.0,0,0
2025,Basin and Range,Wheat,0.5,conventional,0.0,100464.0,0.0,0,0
2025,Basin and Range,Wheat,0.6,conventional,0.0,509304.0,0.0,0,0
2025,Basin and Range,Wheat,0.6,certified,0.0,950331.0,0.0,1,0
2025,Basin and Range,Wheat,0.65,conventional,0.0,220900.0,0.0,0,0
2025,Basin and Range,Wheat,0.65,certified,0.0,84018.0,0.0,1,0
2025,Basin and Range,Wheat,0.5,certified,0.0,481274.0,0.0,1,0
2025,Basin and Range,Wheat,0.8,transitional,0.0,42257.0,0.0,0,1
2025,Prairie Gateway,Wheat,0.6,certified,0.0,429320.0,0.0,1,0
2025,Northern Great Plains,Wheat,0.6,conventional,34457.0,2413091.0,0.014279196267359996,0,0
2025,Northern Great Plains,Wheat,0.6,certified,89435.0,147255.0,0.6073477980374181,1,0
2025,Northern Great Plains,Wheat,0.65,conventional,39091.0,3998552.0,0.009776289016624019,0,0
2025,Northern Great Plains,Wheat,0.7,conventional,352960.0,25219631.0,0.01399544664233985,0,0
2025,Northern Great Plains,Wheat,0.75,conventional,248746.0,20136268.0,0.01235313316251055,0,0
2025,Prairie Gateway,Wheat,0.75,certified,0.0,9286060.0,0.0,1,0
2025,Prairie Gateway,Wheat,0.85,conventional,0.0,3943399.0,0.0,0,0
2025,Prairie Gateway,Wheat,0.8,certified,0.0,740302.0,0.0,1,0
2025,Northern Great Plains,Wheat,0.5,conventional,30883.0,280282.0,0.11018545607638022,0,0
2025,Northern Great Plains,Wheat,0.7,certified,322854.0,765572.0,0.42171605022127245,1,0
2025,Northern Great Plains,Wheat,0.8,conventional,0.0,866291.0,0.0,0,0
2025,Northern Great Plains,Wheat,0.65,certified,113604.0,458702.0,0.247664060762761,1,0
2025,Northern Great Plains,Wheat,0.75,certified,0.0,291452.0,0.0,1,0
2025,Northern Great Plains,Wheat,0.85,conventional,0.0,72664.0,0.0,0,0
2025,Prairie Gateway,Wheat,0.7,transitional,0.0,127173.0,0.0,0,1
2025,Southern Seaboard,Wheat,0.65,conventional,0.0,659345.0,0.0,0,0
2025,Southern Seaboard,Wheat,0.7,conventional,13557.0,4285861.0,0.003163191713403678,0,0
2025,Southern Seaboard,Wheat,0.75,conventional,0.0,3927085.0,0.0,0,0
2025,Southern Seaboard,Wheat,0.75,certified,13178.0,1177343.0,0.011192999830975341,1,0
2025,Southern Seaboard,Wheat,0.8,conventional,0.0,836329.0,0.0,0,0
2025,Southern Seaboard,Wheat,0.85,conventional,0.0,141067.0,0.0,0,0
2025,Fruitful Rim,Wheat,0.75,transitional,0.0,7009.0,0.0,0,1
2025,Heartland,Wheat,0.5,conventional,47857.0,1368190.0,0.03497832903324831,0,0
2025,Heartland,Wheat,0.6,conventional,4298.0,1875858.0,0.00229121820521596,0,0
2025,Heartland,Wheat,0.7,conventional,2983.0,11085145.0,0.0002690988706056619,0,0
2025,Heartland,Wheat,0.75,conventional,425230.0,55244482.0,0.007697239336953146,0,0
2025,Heartland,Wheat,0.8,conventional,177371.0,38784918.0,0.004573195178600094,0,0
2025,Heartland,Wheat,0.8,transitional,0.0,849499.0,0.0,0,1
2025,Heartland,Wheat,0.8,certified,0.0,2555588.0,0.0,1,0
2025,Heartland,Wheat,0.85,conventional,21181.0,8704067.0,0.0024334601284663826,0,0
2025,Heartland,Wheat,0.55,conventional,0.0,115608.0,0.0,0,0
2025,Heartland,Wheat,0.6,certified,0.0,156775.0,0.0,1,0
2025,Heartland,Wheat,0.6,transitional,0.0,175917.0,0.0,0,1
2025,Heartland,Wheat,0.7,certified,0.0,517968.0,0.0,1,0
2025,Heartland,Wheat,0.5,certified,0.0,698933.0,0.0,1,0
2025,Heartland,Wheat,0.75,certified,0.0,2624945.0,0.0,1,0
2025,Heartland,Wheat,0.5,transitional,0.0,395136.0,0.0,0,1
2025,Heartland,Wheat,0.65,conventional,4175.0,2004474.0,0.0020828406853867897,0,0
2025,Heartland,Wheat,0.7,transitional,0.0,134152.0,0.0,0,1
2025,Heartland,Wheat,0.75,transitional,0.0,370902.0,0.0,0,1
2025,Heartland,Wheat,0.85,certified,41825.0,893144.0,0.046828954793403973,1,0
2025,Heartland,Wheat,0.85,transitional,0.0,108699.0,0.0,0,1
2025,Heartland,Wheat,0.65,certified,0.0,320107.0,0.0,1,0
2025,Heartland,Corn,0.7,conventional,0.0,278426.0,0.0,0,0
2025,Heartland,Corn,0.75,conventional,0.0,2373471.0,0.0,0,0
2025,Heartland,Corn,0.8,conventional,0.0,10978471.0,0.0,0,0
2025,Heartland,Corn,0.8,certified,0.0,14308.0,0.0,1,0
2025,Heartland,Corn,0.85,conventional,0.0,7739459.0,0.0,0,0
2025,Heartland,Corn,0.65,conventional,0.0,19033.0,0.0,0,0
2025,Heartland,Corn,0.75,certified,0.0,17038.0,0.0,1,0
2025,Prairie Gateway,Wheat,0.85,certified,0.0,128075.0,0.0,1,0
2025,Prairie Gateway,Wheat,0.8,transitional,0.0,55911.0,0.0,0,1
2025,Prairie Gateway,Wheat,0.55,conventional,0.0,472202.0,0.0,0,0
2025,Prairie Gateway,Wheat,0.65,certified,29634.0,417033.0,0.07105912481746049,1,0
2025,Mississippi Portal,Wheat,0.5,conventional,0.0,213770.0,0.0,0,0
2025,Mississippi Portal,Wheat,0.65,conventional,0.0,131251.0,0.0,0,0
2025,Mississippi Portal,Wheat,0.75,conventional,95390.0,1621871.0,0.05881478859909327,0,0
2025,Mississippi Portal,Wheat,0.75,certified,24920.0,244610.0,0.10187645639998365,1,0
2025,Mississippi Portal,Wheat,0.6,conventional,0.0,77831.0,0.0,0,0
2025,Mississippi Portal,Wheat,0.8,certified,33522.0,37857.0,0.8854901339250337,1,0
2025,Southern Seaboard,Wheat,0.5,conventional,0.0,208832.0,0.0,0,0
2025,Southern Seaboard,Wheat,0.6,conventional,3064.0,832816.0,0.003679083975331886,0,0
2025,Southern Seaboard,Wheat,0.85,certified,0.0,28086.0,0.0,1,0
2025,Northern Crescent,Wheat,0.5,conventional,0.0,3545463.0,0.0,0,0
2025,Northern Crescent,Wheat,0.55,conventional,0.0,198025.0,0.0,0,0
2025,Northern Crescent,Wheat,0.55,certified,0.0,43687.0,0.0,1,0
2025,Northern Crescent,Wheat,0.65,conventional,1562.0,3766241.0,0.000414737134453159,0,0
2025,Northern Crescent,Wheat,0.7,conventional,40660.0,25261325.0,0.0016095751113609441,0,0
2025,Northern Crescent,Wheat,0.75,conventional,104587.0,50176863.0,0.0020843670518023417,0,0
2025,Northern Crescent,Wheat,0.8,conventional,50169.0,20839441.0,0.002407406225531673,0,0
2025,Northern Crescent,Wheat,0.85,conventional,6452.0,3190337.0,0.002022356885808615,0,0
2025,Northern Crescent,Wheat,0.6,conventional,0.0,5485459.0,0.0,0,0
2025,Northern Crescent,Wheat,0.65,certified,0.0,265217.0,0.0,1,0
2025,Northern Crescent,Wheat,0.75,certified,0.0,1583607.0,0.0,1,0
2025,Northern Crescent,Wheat,0.7,certified,0.0,293291.0,0.0,1,0
2025,Northern Crescent,Wheat,0.85,certified,0.0,497775.0,0.0,1,0
2025,Northern Crescent,Wheat,0.6,certified,0.0,1468944.0,0.0,1,0
2025,Northern Crescent,Wheat,0.8,certified,0.0,776538.0,0.0,1,0
2025,Northern Crescent,Wheat,0.5,certified,0.0,87112.0,0.0,1,0
2025,Northern Crescent,Wheat,0.7,transitional,0.0,37338.0,0.0,0,1
2025,Eastern Uplands,Wheat,0.5,conventional,0.0,354013.0,0.0,0,0
2025,Eastern Uplands,Wheat,0.6,conventional,0.0,467506.0,0.0,0,0
2025,Eastern Uplands,Wheat,0.65,conventional,0.0,455714.0,0.0,0,0
2025,Eastern Uplands,Wheat,0.7,conventional,21310.0,4636170.0,0.004596466479874552,0,0
2025,Eastern Uplands,Wheat,0.75,conventional,321129.0,13450311.0,0.023875210023024746,0,0
2025,Eastern Uplands,Wheat,0.75,certified,19863.0,56750.0,0.35000881057268723,1,0
2025,Eastern Uplands,Wheat,0.8,conventional,39935.0,3524226.0,0.011331566136791454,0,0
2025,Eastern Uplands,Wheat,0.85,conventional,0.0,331651.0,0.0,0,0
2025,Eastern Uplands,Wheat,0.7,certified,48034.0,899431.0,0.05340487485977246,1,0
2025,Eastern Uplands,Wheat,0.7,transitional,0.0,71278.0,0.0,0,1
2025,Southern Seaboard,Wheat,0.5,certified,0.0,856.0,0.0,1,0
2025,Southern Seaboard,Wheat,0.7,certified,0.0,459311.0,0.0,1,0
2025,Southern Seaboard,Wheat,0.6,certified,0.0,70466.0,0.0,1,0
2025,Southern Seaboard,Wheat,0.55,conventional,0.0,43458.0,0.0,0,0
2025,Southern Seaboard,Wheat,0.8,certified,0.0,49751.0,0.0,1,0
2025,Southern Seaboard,Wheat,0.65,certified,0.0,90233.0,0.0,1,0
2025,Heartland,Wheat,0.65,transitional,0.0,25452.0,0.0,0,1
2025,Basin and Range,Wheat,0.85,conventional,17803.0,32361.0,0.5501375112017552,0,0
2025,Basin and Range,Wheat,0.85,certified,0.0,14640.0,0.0,1,0
2025,Northern Great Plains,Wheat,0.8,certified,0.0,22266.0,0.0,1,0
2025,Northern Great Plains,Wheat,0.85,certified,0.0,8680.0,0.0,1,0
2025,Northern Great Plains,Wheat,0.55,conventional,0.0,45154.0,0.0,0,0
2025,Mississippi Portal,Wheat,0.7,conventional,0.0,369419.0,0.0,0,0
2025,Mississippi Portal,Wheat,0.8,conventional,0.0,1159296.0,0.0,0,0
2025,Mississippi Portal,Wheat,0.85,conventional,0.0,152792.0,0.0,0,0
2025,Prairie Gateway,Wheat,0.6,transitional,0.0,35007.0,0.0,0,1
2025,Prairie Gateway,Wheat,0.75,transitional,0.0,36108.0,0.0,0,1
2025,Prairie Gateway,Wheat,0.55,certified,0.0,168784.0,0.0,1,0
2025,Basin and Range,Wheat,0.55,conventional,0.0,50680.0,0.0,0,0
2025,Basin and Range,Wheat,0.7,certified,0.0,25006.0,0.0,1,0
2025,Northern Crescent,Corn,0.75,conventional,0.0,420416.0,0.0,0,0
2025,Northern Crescent,Corn,0.75,certified,0.0,22936.0,0.0,1,0
2025,Northern Crescent,Corn,0.8,conventional,0.0,17482.0,0.0,0,0
2011,Mississippi Portal,Corn,0.5,conventional,21611.0,1821298.0,0.01186571335388278,0,0
2011,Mississippi Portal,Corn,0.55,conventional,27102.0,216509.0,0.12517724436397562,0,0
2011,Mississippi Portal,Corn,0.6,conventional,134535.0,313468.0,0.4291825640894764,0,0
2011,Mississippi Portal,Corn,0.65,conventional,198665.0,2285639.0,0.08691880038798779,0,0
2011,Mississippi Portal,Corn,0.7,conventional,327345.0,6328515.0,0.051725404775053864,0,0
2011,Mississippi Portal,Corn,0.75,conventional,6051684.0,18238385.0,0.3318103000896187,0,0
2011,Mississippi Portal,Corn,0.75,certified,175263.0,251779.0,0.6960985626283368,1,0
2011,Mississippi Portal,Corn,0.85,conventional,91791.0,262260.0,0.35,0,0
2011,Fruitful Rim,Wheat,0.5,conventional,67326.0,31005191.0,0.002171442840007017,0,0
2011,Fruitful Rim,Wheat,0.5,certified,10922.0,632231.0,0.01727533132668281,1,0
2011,Fruitful Rim,Wheat,0.6,conventional,110342.0,2505730.0,0.04403586978644946,0,0
2011,Fruitful Rim,Wheat,0.75,conventional,5398379.0,55682956.0,0.09694849892667336,0,0
2011,Fruitful Rim,Wheat,0.55,conventional,12716.0,1299054.0,0.009788661595283953,0,0
2011,Fruitful Rim,Wheat,0.65,conventional,536117.0,5545330.0,0.09667900738098544,0,0
2011,Fruitful Rim,Wheat,0.7,conventional,830076.0,9678496.0,0.08576497836027416,0,0
2011,Fruitful Rim,Wheat,0.7,certified,2162.0,762941.0,0.002833770894472836,1,0
2011,Fruitful Rim,Wheat,0.6,certified,0.0,337692.0,0.0,1,0
2011,Fruitful Rim,Wheat,0.6,transitional,0.0,25576.0,0.0,0,1
2011,Basin and Range,Wheat,0.5,conventional,9479.0,1376240.0,0.0068876068127652155,0,0
2011,Basin and Range,Wheat,0.6,conventional,65339.0,427338.0,0.1528977062652982,0,0
2011,Basin and Range,Wheat,0.7,conventional,708789.0,7869595.0,0.09006676963681104,0,0
2011,Basin and Range,Wheat,0.75,conventional,2212959.0,25867426.0,0.08555002728141563,0,0
2011,Basin and Range,Wheat,0.75,certified,302333.0,1621408.0,0.18646324675837297,1,0
2011,Basin and Range,Wheat,0.85,conventional,772035.0,54111491.0,0.014267487103617233,0,0
2011,Basin and Range,Wheat,0.7,certified,244928.0,842144.0,0.29083862142341455,1,0
2011,Fruitful Rim,Wheat,0.75,certified,129247.0,251805.0,0.5132821032147892,1,0
2011,Basin and Range,Wheat,0.5,certified,46171.0,404452.0,0.11415693333201468,1,0
2011,Basin and Range,Wheat,0.65,conventional,211814.0,1939531.0,0.10920887575398383,0,0
2011,Basin and Range,Wheat,0.7,transitional,4115.0,146287.0,0.02812963557937479,0,1
2011,Basin and Range,Wheat,0.75,transitional,30452.0,161279.0,0.1888156548589711,0,1
2011,Basin and Range,Wheat,0.8,conventional,845247.0,24893627.0,0.03395435305590463,0,0
2011,Fruitful Rim,Wheat,0.65,certified,34113.0,181938.0,0.18749793885829238,1,0
2011,Basin and Range,Wheat,0.65,certified,166637.0,866412.0,0.1923299769624613,1,0
2011,Northern Great Plains,Wheat,0.6,conventional,1093818.0,11468364.0,0.09537698663907075,0,0
2011,Northern Great Plains,Wheat,0.6,certified,23865.0,53680.0,0.4445789865871833,1,0
2011,Northern Great Plains,Wheat,0.65,conventional,11562005.0,82425219.0,0.14027266339444,0,0
2011,Northern Great Plains,Wheat,0.7,conventional,46776979.0,299764129.0,0.1560459523827816,0,0
2011,Northern Great Plains,Wheat,0.75,conventional,42812196.0,205654629.0,0.2081752120444612,0,0
2011,Northern Great Plains,Wheat,0.85,conventional,1113229.0,3469611.0,0.3208512424015257,0,0
2011,Northern Great Plains,Corn,0.5,conventional,640852.0,9954030.0,0.0643811601934091,0,0
2011,Northern Great Plains,Corn,0.65,conventional,7046424.0,96424498.0,0.07307711366047247,0,0
2011,Northern Great Plains,Corn,0.65,certified,228759.0,958244.0,0.23872729701412165,1,0
2011,Northern Great Plains,Corn,0.7,conventional,40528583.0,327885410.0,0.12360593598842962,0,0
2011,Northern Great Plains,Corn,0.75,conventional,85292830.0,486804218.0,0.17520971849919345,0,0
2011,Northern Great Plains,Corn,0.5,certified,1485.0,49207.0,0.03017863312130388,1,0
2011,Northern Great Plains,Corn,0.6,conventional,1479560.0,18495874.0,0.07999405705294056,0,0
2011,Northern Great Plains,Corn,0.8,conventional,77576752.0,317469369.0,0.24435980152781292,0,0
2011,Northern Great Plains,Corn,0.85,conventional,3571578.0,12641162.0,0.282535577030023,0,0
2011,Northern Great Plains,Wheat,0.5,conventional,419692.0,4522641.0,0.09279799126218508,0,0
2011,Northern Great Plains,Wheat,0.7,certified,408851.0,703724.0,0.5809820327287403,1,0
2011,Northern Great Plains,Wheat,0.8,conventional,8786618.0,31812090.0,0.2762037326060627,0,0
2011,Northern Great Plains,Wheat,0.55,conventional,86079.0,1521796.0,0.056564086119295885,0,0
2011,Northern Great Plains,Corn,0.7,certified,440856.0,2776667.0,0.15877164960724494,1,0
2011,Prairie Gateway,Wheat,0.5,conventional,2420092.0,7607072.0,0.3181371229298211,0,0
2011,Prairie Gateway,Wheat,0.55,conventional,412381.0,773553.0,0.5330998651676098,0,0
2011,Prairie Gateway,Wheat,0.6,conventional,2493700.0,8641478.0,0.288573320443563,0,0
2011,Prairie Gateway,Wheat,0.65,conventional,9204940.0,46234561.0,0.19909218993125077,0,0
2011,Prairie Gateway,Wheat,0.7,conventional,20315768.0,132910801.0,0.15285264889796277,0,0
2011,Prairie Gateway,Wheat,0.7,certified,87181.0,487742.0,0.1787440901132156,1,0
2011,Prairie Gateway,Wheat,0.75,conventional,9077872.0,69014412.0,0.13153588847500433,0,0
2011,Prairie Gateway,Wheat,0.8,conventional,1630166.0,16364525.0,0.0996158458617039,0,0
2011,Southern Seaboard,Wheat,0.5,conventional,0.0,893405.0,0.0,0,0
2011,Southern Seaboard,Wheat,0.6,conventional,20287.0,55866.0,0.36313679160849177,0,0
2011,Southern Seaboard,Wheat,0.65,conventional,10046.0,1224396.0,0.008204861825749185,0,0
2011,Southern Seaboard,Wheat,0.7,conventional,123274.0,5187560.0,0.02376338779696042,0,0
2011,Southern Seaboard,Wheat,0.75,conventional,119538.0,5959125.0,0.020059656409288276,0,0
2011,Southern Seaboard,Wheat,0.8,conventional,8630.0,1494091.0,0.005776087266438256,0,0
2011,Southern Seaboard,Wheat,0.85,conventional,17382.0,1608515.0,0.01080624053863346,0,0
2011,Southern Seaboard,Wheat,0.85,certified,0.0,43638.0,0.0,1,0
2011,Fruitful Rim,Soybeans,0.5,conventional,6187.0,141245.0,0.043803320471521114,0,0
2011,Fruitful Rim,Soybeans,0.5,certified,0.0,9480.0,0.0,1,0
2011,Fruitful Rim,Wheat,0.8,conventional,6238272.0,81224716.0,0.07680263234161384,0,0
2011,Fruitful Rim,Wheat,0.85,conventional,1890513.0,19554807.0,0.09667766089432639,0,0
2011,Fruitful Rim,Wheat,0.8,certified,41838.0,202785.0,0.20631703528367482,1,0
2011,Fruitful Rim,Wheat,0.8,transitional,351949.0,1010963.0,0.3481324242331322,0,1
2011,Fruitful Rim,Corn,0.5,conventional,13998.0,9901769.0,0.001413686786674179,0,0
2011,Fruitful Rim,Corn,0.5,certified,0.0,315370.0,0.0,1,0
2011,Fruitful Rim,Corn,0.55,conventional,12431.0,108824.0,0.11423031684187311,0,0
2011,Fruitful Rim,Corn,0.6,conventional,515706.0,2344119.0,0.2199999232120895,0,0
2011,Fruitful Rim,Corn,0.65,conventional,922967.0,3258965.0,0.28320862605152247,0,0
2011,Fruitful Rim,Corn,0.7,conventional,2493508.0,5729969.0,0.4351695445472742,0,0
2011,Fruitful Rim,Corn,0.75,conventional,2796719.0,11346837.0,0.24647564779506395,0,0
2011,Fruitful Rim,Corn,0.75,certified,372062.0,753679.0,0.4936610944447172,1,0
2011,Heartland,Corn,0.5,conventional,949890.0,53348271.0,0.01780545052715954,0,0
2011,Heartland,Corn,0.6,conventional,837401.0,42389662.0,0.019754840224958624,0,0
2011,Heartland,Corn,0.65,conventional,7728296.0,450286536.0,0.017163062588218272,0,0
2011,Heartland,Corn,0.7,conventional,32687865.0,1543467258.0,0.02117820435164683,0,0
2011,Heartland,Corn,0.75,conventional,80278264.0,3812559204.0,0.021056266855023504,0,0
2011,Heartland,Corn,0.75,certified,2536204.0,14420064.0,0.1758802180073542,1,0
2011,Heartland,Corn,0.8,conventional,97347085.0,4901547410.0,0.019860480141719164,0,0
2011,Heartland,Corn,0.85,conventional,82344063.0,2987315987.0,0.02756456409644622,0,0
2011,Heartland,Corn,0.55,conventional,90239.0,11054156.0,0.008163355031356533,0,0
2011,Heartland,Corn,0.65,transitional,17521.0,240210.0,0.0729403438657841,0,1
2011,Heartland,Wheat,0.5,conventional,30208.0,1290881.0,0.023401072600805185,0,0
2011,Heartland,Wheat,0.6,conventional,156430.0,676899.0,0.23109799246268645,0,0
2011,Heartland,Wheat,0.65,conventional,309640.0,3061980.0,0.1011241092365071,0,0
2011,Heartland,Wheat,0.7,conventional,1306433.0,13517827.0,0.09664519304766957,0,0
2011,Heartland,Wheat,0.75,conventional,3204757.0,24993290.0,0.12822469550827442,0,0
2011,Heartland,Wheat,0.75,certified,71868.0,520449.0,0.13808845823510085,1,0
2011,Heartland,Wheat,0.55,conventional,0.0,120805.0,0.0,0,0
2011,Heartland,Corn,0.85,certified,1043091.0,5548310.0,0.1880015716497456,1,0
2011,Heartland,Corn,0.8,certified,2817254.0,12548381.0,0.2245113532972899,1,0
2011,Heartland,Corn,0.75,transitional,84033.0,526775.0,0.15952351573252338,0,1
2011,Heartland,Corn,0.85,transitional,37497.0,160095.0,0.2342171835472688,0,1
2011,Heartland,Corn,0.65,certified,513740.0,3431147.0,0.1497283561444613,1,0
2011,Heartland,Corn,0.7,certified,1739088.0,9361100.0,0.1857781670957473,1,0
2011,Heartland,Wheat,0.65,certified,18251.0,135571.0,0.13462318637466714,1,0
2011,Heartland,Wheat,0.5,certified,1343.0,89755.0,0.014962954710044008,1,0
2011,Heartland,Wheat,0.5,transitional,0.0,17145.0,0.0,0,1
2011,Heartland,Corn,0.5,certified,28512.0,515016.0,0.0553613868307004,1,0
2011,Heartland,Corn,0.8,transitional,78877.0,510565.0,0.15448963403288513,0,1
2011,Heartland,Wheat,0.6,certified,11112.0,14298.0,0.7771716323961393,1,0
2011,Heartland,Wheat,0.75,transitional,6030.0,56824.0,0.10611713360551879,0,1
2011,Heartland,Corn,0.7,transitional,41982.0,289230.0,0.14515091795456903,0,1
2011,Heartland,Wheat,0.8,conventional,1428813.0,8136921.0,0.17559627284079568,0,0
2011,Heartland,Wheat,0.8,certified,18816.0,37928.0,0.49609786964775365,1,0
2011,Heartland,Wheat,0.85,conventional,434867.0,1449562.0,0.29999889621830594,0,0
2011,Heartland,Soybeans,0.55,conventional,83347.0,3731217.0,0.02233775199887865,0,0
2011,Heartland,Soybeans,0.6,conventional,458860.0,15332281.0,0.029927706125396476,0,0
2011,Heartland,Soybeans,0.65,conventional,3325896.0,179317922.0,0.018547482387176,0,0
2011,Heartland,Soybeans,0.7,conventional,16926907.0,635859518.0,0.026620513683967534,0,0
2011,Heartland,Soybeans,0.7,transitional,16670.0,203670.0,0.08184808759267442,0,1
2011,Heartland,Soybeans,0.75,conventional,44329563.0,1484915945.0,0.02985324734997037,0,0
2011,Heartland,Soybeans,0.8,conventional,42595871.0,1521085978.0,0.028003591917931676,0,0
2011,Heartland,Soybeans,0.85,conventional,22640871.0,653151930.0,0.0346640191356397,0,0
2011,Heartland,Soybeans,0.7,certified,483474.0,2113379.0,0.22876824270516552,1,0
2011,Heartland,Soybeans,0.75,certified,1043743.0,5812314.0,0.17957443455394873,1,0
2011,Heartland,Soybeans,0.5,conventional,1369344.0,21609919.0,0.06336645685714971,0,0
2011,Heartland,Soybeans,0.8,certified,779490.0,3700930.0,0.21062003334297055,1,0
2011,Heartland,Soybeans,0.85,certified,365247.0,1279490.0,0.2854629578972872,1,0
2011,Heartland,Soybeans,0.5,certified,17155.0,232666.0,0.07373230295788813,1,0
2011,Heartland,Corn,0.6,certified,40507.0,327876.0,0.12354365674828288,1,0
2011,Heartland,Corn,0.55,certified,85084.0,294293.0,0.2891132306918615,1,0
2011,Heartland,Soybeans,0.6,certified,23593.0,343734.0,0.06863737657607336,1,0
2011,Heartland,Soybeans,0.65,certified,182393.0,2029413.0,0.08987475688782914,1,0
2011,Heartland,Soybeans,0.8,transitional,23547.0,144193.0,0.1633019633408002,0,1
2011,Heartland,Soybeans,0.75,transitional,57456.0,263122.0,0.21836258465654715,0,1
2011,Heartland,Wheat,0.7,certified,38014.0,243014.0,0.1564272017250035,1,0
2011,Heartland,Soybeans,0.65,transitional,7108.0,28715.0,0.24753613094201637,0,1
2011,Prairie Gateway,Wheat,0.75,certified,17911.0,135214.0,0.132464093954768,1,0
2011,Prairie Gateway,Wheat,0.75,transitional,4599.0,10015.0,0.45921118322516224,0,1
2011,Prairie Gateway,Corn,0.5,conventional,14818778.0,104125220.0,0.14231689498471167,0,0
2011,Prairie Gateway,Corn,0.6,conventional,2578377.0,21541849.0,0.11969153622792547,0,0
2011,Prairie Gateway,Corn,0.65,conventional,8466423.0,152546166.0,0.05550072625227435,0,0
2011,Prairie Gateway,Corn,0.65,transitional,0.0,3151.0,0.0,0,1
2011,Prairie Gateway,Corn,0.7,conventional,34794312.0,558496530.0,0.062299960932613134,0,0
2011,Prairie Gateway,Corn,0.75,conventional,24899836.0,421343809.0,0.059096242707579454,0,0
2011,Prairie Gateway,Corn,0.75,certified,510906.0,4560222.0,0.11203533512184276,1,0
2011,Prairie Gateway,Corn,0.8,conventional,8345138.0,149737808.0,0.05573166931894716,0,0
2011,Prairie Gateway,Corn,0.8,certified,35285.0,1148704.0,0.030717225673454605,1,0
2011,Prairie Gateway,Corn,0.85,conventional,595059.0,22733085.0,0.026175901774880092,0,0
2011,Prairie Gateway,Soybeans,0.55,conventional,2899.0,283312.0,0.010232535155588186,0,0
2011,Prairie Gateway,Soybeans,0.6,conventional,240136.0,2417314.0,0.09934001126870567,0,0
2011,Prairie Gateway,Soybeans,0.65,conventional,1511230.0,29624436.0,0.051012954305695475,0,0
2011,Prairie Gateway,Soybeans,0.65,transitional,0.0,1775.0,0.0,0,1
2011,Prairie Gateway,Soybeans,0.7,conventional,4523436.0,111265991.0,0.04065425526116062,0,0
2011,Prairie Gateway,Soybeans,0.75,conventional,6026760.0,115957810.0,0.05197373079053494,0,0
2011,Prairie Gateway,Soybeans,0.8,conventional,1620056.0,55477311.0,0.02920213634723572,0,0
2011,Prairie Gateway,Soybeans,0.8,certified,429.0,195166.0,0.002198128772429624,1,0
2011,Prairie Gateway,Soybeans,0.85,conventional,112383.0,9459401.0,0.01188056199330169,0,0
2011,Prairie Gateway,Wheat,0.6,certified,0.0,56884.0,0.0,1,0
2011,Prairie Gateway,Wheat,0.85,conventional,90310.0,886636.0,0.10185690632909108,0,0
2011,Prairie Gateway,Soybeans,0.6,certified,9245.0,37216.0,0.248414660361135,1,0
2011,Prairie Gateway,Corn,0.7,certified,1714793.0,5103556.0,0.33599964416967304,1,0
2011,Prairie Gateway,Corn,0.5,certified,375230.0,4266095.0,0.08795631602202951,1,0
2011,Prairie Gateway,Soybeans,0.5,conventional,16610.0,679361.0,0.024449445876345566,0,0
2011,Prairie Gateway,Soybeans,0.5,certified,4171.0,97419.0,0.04281505661113335,1,0
2011,Prairie Gateway,Wheat,0.65,certified,5315.0,324539.0,0.016377076406841704,1,0
2011,Prairie Gateway,Soybeans,0.7,certified,32466.0,359905.0,0.09020713799474861,1,0
2011,Prairie Gateway,Corn,0.55,conventional,675891.0,6125387.0,0.11034257917091606,0,0
2011,Prairie Gateway,Corn,0.65,certified,10895.0,846215.0,0.012874978581093457,1,0
2011,Prairie Gateway,Soybeans,0.55,certified,0.0,2004.0,0.0,1,0
2011,Prairie Gateway,Wheat,0.7,transitional,14025.0,31340.0,0.44751116783663053,0,1
2011,Mississippi Portal,Corn,0.6,certified,45633.0,43362.0,1.0523730455237306,1,0
2011,Northern Crescent,Corn,0.5,conventional,1038284.0,53629774.0,0.019360215838313995,0,0
2011,Northern Crescent,Corn,0.5,certified,50904.0,1213649.0,0.0419429340773156,1,0
2011,Northern Crescent,Corn,0.6,certified,28357.0,768742.0,0.03688753834186242,1,0
2011,Southern Seaboard,Wheat,0.75,certified,0.0,36077.0,0.0,1,0
2011,Southern Seaboard,Corn,0.5,conventional,17057.0,758255.0,0.022495070919413655,0,0
2011,Southern Seaboard,Corn,0.55,conventional,10993.0,349757.0,0.03143039310149618,0,0
2011,Southern Seaboard,Corn,0.55,certified,0.0,64139.0,0.0,1,0
2011,Southern Seaboard,Corn,0.6,conventional,481595.0,2608207.0,0.18464600394063815,0,0
2011,Southern Seaboard,Corn,0.65,conventional,519014.0,3199173.0,0.16223380229828147,0,0
2011,Southern Seaboard,Corn,0.7,conventional,4720367.0,29011617.0,0.16270609804341482,0,0
2011,Southern Seaboard,Corn,0.75,conventional,3406469.0,22046608.0,0.15451215896794646,0,0
2011,Southern Seaboard,Corn,0.75,certified,125166.0,331380.0,0.3777113887380047,1,0
2011,Southern Seaboard,Corn,0.8,conventional,1353215.0,7596758.0,0.17813059202359743,0,0
2011,Southern Seaboard,Soybeans,0.5,conventional,45813.0,2357435.0,0.0194334096168081,0,0
2011,Southern Seaboard,Soybeans,0.55,certified,0.0,48769.0,0.0,1,0
2011,Southern Seaboard,Soybeans,0.6,conventional,60390.0,1378973.0,0.04379346078567166,0,0
2011,Southern Seaboard,Soybeans,0.65,conventional,341505.0,5279617.0,0.0646836692888897,0,0
2011,Southern Seaboard,Soybeans,0.7,conventional,1638186.0,17033274.0,0.09617563834175391,0,0
2011,Southern Seaboard,Soybeans,0.75,conventional,1427823.0,13950904.0,0.10234627089398651,0,0
2011,Southern Seaboard,Soybeans,0.75,certified,125305.0,271176.0,0.46207997757913677,1,0
2011,Southern Seaboard,Soybeans,0.8,conventional,455650.0,6115734.0,0.07450454843196254,0,0
2011,Southern Seaboard,Corn,0.7,certified,20064.0,489829.0,0.04096123341002676,1,0
2011,Southern Seaboard,Corn,0.85,conventional,4885.0,561805.0,0.008695187832076966,0,0
2011,Southern Seaboard,Soybeans,0.7,certified,13455.0,66349.0,0.20279130054710698,1,0
2011,Southern Seaboard,Soybeans,0.8,certified,0.0,23429.0,0.0,1,0
2011,Northern Crescent,Corn,0.7,conventional,16984647.0,488833133.0,0.03474528597471317,0,0
2011,Northern Crescent,Corn,0.7,certified,734245.0,5043822.0,0.14557313878245506,1,0
2011,Northern Crescent,Corn,0.55,conventional,388448.0,7628769.0,0.05091883107222148,0,0
2011,Northern Crescent,Corn,0.65,conventional,3369332.0,116176023.0,0.02900195679791862,0,0
2011,Northern Crescent,Corn,0.75,conventional,32998293.0,923542010.0,0.035730148323193225,0,0
2011,Northern Crescent,Corn,0.8,conventional,27538196.0,727001124.0,0.03787916564486632,0,0
2011,Northern Crescent,Corn,0.85,conventional,9063219.0,162650884.0,0.05572191664202698,0,0
2011,Northern Crescent,Wheat,0.5,conventional,29561.0,3122797.0,0.00946619328762004,0,0
2011,Northern Crescent,Wheat,0.65,conventional,198118.0,7085862.0,0.02795961874504471,0,0
2011,Northern Crescent,Wheat,0.65,certified,33778.0,149188.0,0.22641231198219697,1,0
2011,Northern Crescent,Wheat,0.7,conventional,831568.0,20480222.0,0.04060346611477161,0,0
2011,Northern Crescent,Wheat,0.75,conventional,1249937.0,33135661.0,0.037721806726595856,0,0
2011,Northern Crescent,Wheat,0.75,certified,123213.0,506796.0,0.24312149267160751,1,0
2011,Northern Crescent,Wheat,0.8,conventional,376812.0,9948329.0,0.03787691380130271,0,0
2011,Northern Crescent,Corn,0.6,conventional,2203827.0,36507935.0,0.060365698580322334,0,0
2011,Northern Crescent,Corn,0.65,certified,218071.0,2395177.0,0.09104588095159565,1,0
2011,Northern Crescent,Corn,0.75,certified,1218395.0,9678714.0,0.12588397590836964,1,0
2011,Northern Crescent,Corn,0.8,certified,512350.0,1654361.0,0.3096966139796574,1,0
2011,Northern Crescent,Corn,0.85,certified,53372.0,335879.0,0.1589024618984813,1,0
2011,Northern Crescent,Wheat,0.6,conventional,12994.0,1146355.0,0.011335057639212984,0,0
2011,Northern Crescent,Wheat,0.85,conventional,129080.0,1171002.0,0.11023038389345194,0,0
2011,Northern Crescent,Corn,0.75,transitional,21568.0,396112.0,0.054449246677707314,0,1
2011,Northern Crescent,Wheat,0.7,certified,76225.0,284027.0,0.2683723730490411,1,0
2011,Northern Crescent,Corn,0.8,transitional,29426.0,182309.0,0.16140728104481952,0,1
2011,Northern Crescent,Wheat,0.8,certified,8501.0,624523.0,0.013611988669752755,1,0
2011,Northern Crescent,Wheat,0.55,conventional,0.0,567729.0,0.0,0,0
2011,Northern Crescent,Wheat,0.6,certified,15104.0,26114.0,0.5783870720686222,1,0
2011,Northern Crescent,Wheat,0.5,certified,2593.0,66375.0,0.039065913370998115,1,0
2011,Northern Great Plains,Wheat,0.5,certified,74952.0,258328.0,0.2901427642377133,1,0
2011,Northern Great Plains,Soybeans,0.5,conventional,145054.0,3329942.0,0.0435605184714929,0,0
2011,Northern Great Plains,Soybeans,0.65,conventional,3711231.0,47305643.0,0.07845218381240479,0,0
2011,Northern Great Plains,Soybeans,0.7,conventional,28644856.0,264395417.0,0.1083409702218855,0,0
2011,Northern Great Plains,Soybeans,0.7,certified,166299.0,979570.0,0.1697673468971079,1,0
2011,Northern Great Plains,Soybeans,0.75,conventional,41177435.0,301181662.0,0.1367195954978162,0,0
2011,Northern Great Plains,Soybeans,0.8,conventional,16244995.0,98767938.0,0.16447640123862867,0,0
2011,Northern Great Plains,Soybeans,0.8,certified,53534.0,183311.0,0.29203921204946787,1,0
2011,Northern Great Plains,Soybeans,0.85,conventional,627798.0,3997349.0,0.15705358726495985,0,0
2011,Heartland,Soybeans,0.85,transitional,22082.0,95352.0,0.23158402550549542,0,1
2011,Northern Crescent,Soybeans,0.65,conventional,851468.0,23258459.0,0.03660896020669297,0,0
2011,Northern Crescent,Soybeans,0.7,conventional,3288005.0,104019358.0,0.031609549061050735,0,0
2011,Northern Crescent,Soybeans,0.75,conventional,12398910.0,235990173.0,0.05253994199156759,0,0
2011,Northern Crescent,Soybeans,0.75,transitional,3855.0,6603.0,0.5838255338482508,0,1
2011,Northern Crescent,Soybeans,0.8,conventional,14198334.0,179788776.0,0.0789723047004892,0,0
2011,Northern Crescent,Soybeans,0.85,conventional,4820822.0,45590867.0,0.10574095903901104,0,0
2011,Northern Great Plains,Wheat,0.75,certified,284625.0,398410.0,0.7144022489395346,1,0
2011,Northern Great Plains,Corn,0.55,conventional,146241.0,6627262.0,0.022066578928070145,0,0
2011,Northern Great Plains,Corn,0.8,certified,899642.0,1799402.0,0.4999672113290971,1,0
2011,Northern Great Plains,Corn,0.75,certified,941416.0,2646584.0,0.3557098508870302,1,0
2011,Northern Great Plains,Soybeans,0.6,conventional,459982.0,5729308.0,0.08028578669535658,0,0
2011,Northern Great Plains,Soybeans,0.55,conventional,37853.0,534719.0,0.07079045255545437,0,0
2011,Northern Great Plains,Soybeans,0.75,certified,442638.0,1677477.0,0.26387127811588473,1,0
2011,Heartland,Wheat,0.7,transitional,455.0,953.0,0.4774396642182581,0,1
2011,Northern Crescent,Soybeans,0.6,conventional,326816.0,5844120.0,0.05592219187833241,0,0
2011,Northern Crescent,Soybeans,0.8,certified,198720.0,629125.0,0.31586727597854164,1,0
2011,Northern Crescent,Soybeans,0.75,certified,373134.0,1322757.0,0.28208809327790363,1,0
2011,Northern Crescent,Soybeans,0.5,conventional,116330.0,7599683.0,0.015307217419463417,0,0
2011,Northern Crescent,Soybeans,0.7,certified,167488.0,865060.0,0.1936143157700044,1,0
2011,Northern Crescent,Soybeans,0.55,conventional,2777.0,1602334.0,0.0017330968449773892,0,0
2011,Heartland,Wheat,0.85,certified,4639.0,9665.0,0.47997930677703055,1,0
2011,Northern Crescent,Wheat,0.85,certified,5713.0,5713.0,1.0,1,0
2011,Northern Crescent,Corn,0.7,transitional,52213.0,142975.0,0.3651897184822521,0,1
2011,Northern Crescent,Soybeans,0.85,certified,23034.0,42939.0,0.5364354083700132,1,0
2011,Northern Crescent,Wheat,0.8,transitional,8097.0,9343.0,0.866638124799315,0,1
2011,Northern Crescent,Soybeans,0.65,certified,60181.0,551868.0,0.10904962780954866,1,0
2011,Northern Great Plains,Wheat,0.65,certified,163461.0,356191.0,0.45891389731913496,1,0
2011,Northern Great Plains,Soybeans,0.65,certified,125178.0,506569.0,0.24710947570814637,1,0
2011,Northern Great Plains,Corn,0.6,certified,16930.0,292478.0,0.05788469560103666,1,0
2011,Heartland,Corn,0.6,transitional,3582.0,29038.0,0.12335560300296164,0,1
2011,Northern Crescent,Soybeans,0.5,certified,41149.0,397098.0,0.10362429425481871,1,0
2011,Heartland,Corn,0.55,transitional,0.0,16065.0,0.0,0,1
2011,Heartland,Corn,0.5,transitional,0.0,6786.0,0.0,0,1
2011,Northern Crescent,Soybeans,0.7,transitional,3780.0,10727.0,0.35238184021627666,0,1
2011,Mississippi Portal,Corn,0.75,transitional,15734.0,26311.0,0.5980008361521797,0,1
2011,Eastern Uplands,Corn,0.5,conventional,17383.0,216117.0,0.08043328382311433,0,0
2011,Eastern Uplands,Corn,0.6,conventional,61113.0,358675.0,0.17038544643479472,0,0
2011,Eastern Uplands,Corn,0.65,conventional,780904.0,2061102.0,0.3788769308845462,0,0
2011,Eastern Uplands,Corn,0.7,conventional,3266878.0,7234124.0,0.4515927567733149,0,0
2011,Eastern Uplands,Corn,0.75,conventional,3898687.0,9609345.0,0.4057182877709147,0,0
2011,Eastern Uplands,Corn,0.75,certified,91886.0,209334.0,0.4389444619603122,1,0
2011,Eastern Uplands,Corn,0.8,conventional,5428043.0,12960283.0,0.41882133283663636,0,0
2011,Eastern Uplands,Corn,0.85,conventional,2624923.0,4903962.0,0.5352657708195945,0,0
2011,Northern Great Plains,Wheat,0.7,transitional,0.0,24973.0,0.0,0,1
2011,Prairie Gateway,Soybeans,0.75,certified,118242.0,1560282.0,0.0757824547101101,1,0
2011,Northern Great Plains,Corn,0.65,transitional,11595.0,15220.0,0.761826544021025,0,1
2011,Prairie Gateway,Corn,0.6,certified,149867.0,784632.0,0.19100291601668043,1,0
2011,Northern Great Plains,Corn,0.7,transitional,0.0,30178.0,0.0,0,1
2011,Prairie Gateway,Soybeans,0.65,certified,44306.0,113843.0,0.3891851058036067,1,0
2011,Prairie Gateway,Corn,0.75,transitional,0.0,106215.0,0.0,0,1
2011,Prairie Gateway,Corn,0.85,certified,0.0,10494.0,0.0,1,0
2011,Northern Great Plains,Wheat,0.65,transitional,3189.0,26091.0,0.12222605496148096,0,1
2011,Prairie Gateway,Soybeans,0.75,transitional,1302.0,34585.0,0.037646378487783724,0,1
2011,Northern Crescent,Soybeans,0.6,certified,69015.0,289047.0,0.23876739768964908,1,0
2011,Northern Crescent,Corn,0.5,transitional,22937.0,51685.0,0.4437844635774403,0,1
2011,Northern Crescent,Corn,0.55,certified,48460.0,348563.0,0.13902795190539444,1,0
2011,Northern Crescent,Soybeans,0.55,certified,29046.0,36206.0,0.8022427222007402,1,0
2011,Northern Crescent,Soybeans,0.65,transitional,0.0,9187.0,0.0,0,1
2011,Northern Crescent,Corn,0.65,transitional,14692.0,18517.0,0.7934330615110439,0,1
2011,Northern Crescent,Soybeans,0.5,transitional,6542.0,7542.0,0.8674091752850702,0,1
2011,Southern Seaboard,Corn,0.75,transitional,35506.0,80011.0,0.4437639824524128,0,1
2011,Southern Seaboard,Soybeans,0.75,transitional,2434.0,73452.0,0.03313728693568589,0,1
2011,Southern Seaboard,Wheat,0.7,certified,0.0,2520.0,0.0,1,0
2011,Southern Seaboard,Corn,0.65,certified,65844.0,174036.0,0.37833551678962973,1,0
2011,Southern Seaboard,Soybeans,0.65,certified,10321.0,25988.0,0.39714483607818996,1,0
2011,Southern Seaboard,Soybeans,0.5,certified,0.0,108762.0,0.0,1,0
2011,Southern Seaboard,Corn,0.5,certified,0.0,8697.0,0.0,1,0
2011,Southern Seaboard,Wheat,0.65,certified,0.0,27636.0,0.0,1,0
2011,Southern Seaboard,Soybeans,0.55,conventional,0.0,81541.0,0.0,0,0
2011,Northern Great Plains,Soybeans,0.5,certified,5824.0,25571.0,0.2277580071174377,1,0
2011,Northern Great Plains,Soybeans,0.7,transitional,25299.0,39999.0,0.6324908122703068,0,1
2011,Eastern Uplands,Corn,0.6,certified,53553.0,57603.0,0.9296911619186501,1,0
2011,Prairie Gateway,Wheat,0.5,certified,82745.0,255126.0,0.3243299389321355,1,0
2011,Basin and Range,Wheat,0.8,certified,262783.0,1574673.0,0.16688099687998714,1,0
2011,Basin and Range,Wheat,0.85,certified,653196.0,887176.0,0.7362642812700073,1,0
2011,Basin and Range,Corn,0.5,conventional,0.0,3642383.0,0.0,0,0
2011,Basin and Range,Corn,0.5,certified,0.0,1089860.0,0.0,1,0
2011,Northern Crescent,Wheat,0.75,transitional,8616.0,13731.0,0.6274852523487,0,1
2011,Eastern Uplands,Soybeans,0.5,conventional,0.0,71846.0,0.0,0,0
2011,Eastern Uplands,Soybeans,0.5,certified,0.0,15262.0,0.0,1,0
2011,Northern Great Plains,Corn,0.85,certified,164553.0,221868.0,0.7416707231326735,1,0
2011,Northern Great Plains,Soybeans,0.6,certified,0.0,34267.0,0.0,1,0
2011,Prairie Gateway,Wheat,0.5,transitional,1071.0,6308.0,0.16978440076093848,0,1
2011,Prairie Gateway,Corn,0.6,transitional,0.0,41328.0,0.0,0,1
2011,Prairie Gateway,Corn,0.5,transitional,4294.0,52344.0,0.08203423506036986,0,1
2011,Prairie Gateway,Wheat,0.65,transitional,953.0,5940.0,0.16043771043771043,0,1
2011,Fruitful Rim,Corn,0.7,transitional,129166.0,129166.0,1.0,0,1
2011,Eastern Uplands,Corn,0.7,certified,0.0,9707.0,0.0,1,0
2011,Southern Seaboard,Corn,0.7,transitional,0.0,201507.0,0.0,0,1
2011,Southern Seaboard,Wheat,0.6,certified,0.0,7511.0,0.0,1,0
2011,Southern Seaboard,Soybeans,0.7,transitional,0.0,161073.0,0.0,0,1
2011,Southern Seaboard,Soybeans,0.85,conventional,0.0,57849.0,0.0,0,0
2011,Fruitful Rim,Wheat,0.85,certified,21340.0,296216.0,0.07204202338833823,1,0
2011,Basin and Range,Corn,0.75,conventional,28888.0,513379.0,0.05627031880930073,0,0
2011,Basin and Range,Corn,0.75,certified,52439.0,52504.0,0.9987619990857839,1,0
2011,Northern Crescent,Wheat,0.5,transitional,0.0,2825.0,0.0,0,1
2011,Basin and Range,Corn,0.65,conventional,0.0,276429.0,0.0,0,0
2011,Basin and Range,Corn,0.7,conventional,2995.0,185796.0,0.016119830351568387,0,0
2012,Fruitful Rim,Corn,0.6,conventional,143997.0,1569796.0,0.09172975342018963,0,0
2012,Fruitful Rim,Corn,0.75,certified,1488206.0,1420524.0,1.0476457983110459,1,0
2012,Fruitful Rim,Corn,0.85,conventional,23656.0,227364.0,0.10404461568234197,0,0
2012,Mississippi Portal,Corn,0.5,conventional,42150.0,1684517.0,0.025022009276249514,0,0
2012,Mississippi Portal,Corn,0.55,conventional,0.0,120613.0,0.0,0,0
2012,Mississippi Portal,Corn,0.55,certified,0.0,14474.0,0.0,1,0
2012,Mississippi Portal,Corn,0.65,conventional,0.0,219649.0,0.0,0,0
2012,Mississippi Portal,Corn,0.5,transitional,0.0,7564.0,0.0,0,1
2012,Mississippi Portal,Corn,0.7,conventional,0.0,331784.0,0.0,0,0
2012,Fruitful Rim,Wheat,0.5,conventional,152163.0,26334764.0,0.005778027857018198,0,0
2012,Fruitful Rim,Wheat,0.5,certified,11600.0,525536.0,0.022072702916641297,1,0
2012,Fruitful Rim,Wheat,0.75,conventional,3921139.0,47150545.0,0.08316211403282825,0,0
2012,Fruitful Rim,Wheat,0.55,conventional,35574.0,881639.0,0.04034984840734133,0,0
2012,Fruitful Rim,Wheat,0.6,conventional,290499.0,3851209.0,0.0754305985471056,0,0
2012,Fruitful Rim,Wheat,0.65,conventional,710739.0,4036222.0,0.17609016550625808,0,0
2012,Fruitful Rim,Wheat,0.7,certified,46932.0,254461.0,0.18443690781691496,1,0
2012,Fruitful Rim,Wheat,0.7,conventional,1051888.0,5982861.0,0.17581688760611353,0,0
2012,Fruitful Rim,Wheat,0.65,certified,850020.0,1315312.0,0.6462497110951622,1,0
2012,Fruitful Rim,Wheat,0.65,transitional,0.0,74616.0,0.0,0,1
2012,Fruitful Rim,Wheat,0.7,transitional,19894.0,22453.0,0.8860285930610609,0,1
2012,Basin and Range,Wheat,0.5,conventional,84017.0,1079025.0,0.07786381223789995,0,0
2012,Basin and Range,Wheat,0.75,conventional,3942596.0,16157260.0,0.24401389839613896,0,0
2012,Basin and Range,Wheat,0.75,certified,357441.0,868548.0,0.4115385678166319,1,0
2012,Basin and Range,Wheat,0.8,conventional,402678.0,23612556.0,0.017053554049802994,0,0
2012,Basin and Range,Wheat,0.85,conventional,2408140.0,86815361.0,0.027738639478789934,0,0
2012,Basin and Range,Wheat,0.7,certified,229584.0,288709.0,0.7952090166915475,1,0
2012,Fruitful Rim,Wheat,0.6,certified,0.0,9952.0,0.0,1,0
2012,Basin and Range,Wheat,0.5,certified,35245.0,447837.0,0.07870050933710256,1,0
2012,Basin and Range,Wheat,0.65,conventional,272221.0,1090581.0,0.24961098717105837,0,0
2012,Basin and Range,Wheat,0.7,conventional,479770.0,2568330.0,0.18680231901663727,0,0
2012,Basin and Range,Wheat,0.8,certified,76078.0,451255.0,0.16859203776135445,1,0
2012,Prairie Gateway,Corn,0.5,conventional,2639275.0,38301343.0,0.06890815812907657,0,0
2012,Prairie Gateway,Corn,0.6,conventional,3569793.0,37282201.0,0.0957505969135245,0,0
2012,Prairie Gateway,Corn,0.65,conventional,29024760.0,219969986.0,0.13194872867792062,0,0
2012,Prairie Gateway,Corn,0.65,certified,433300.0,4419360.0,0.09804587089533326,1,0
2012,Prairie Gateway,Corn,0.7,conventional,133627724.0,753821802.0,0.17726699286948985,0,0
2012,Prairie Gateway,Corn,0.75,conventional,104064163.0,566363034.0,0.1837410931731113,0,0
2012,Prairie Gateway,Corn,0.8,conventional,40268474.0,173444469.0,0.2321692598914757,0,0
2012,Basin and Range,Wheat,0.75,transitional,23058.0,23058.0,1.0,0,1
2012,Basin and Range,Wheat,0.7,transitional,21458.0,21458.0,1.0,0,1
2012,Basin and Range,Wheat,0.6,conventional,0.0,8994.0,0.0,0,0
2012,Basin and Range,Wheat,0.65,certified,354601.0,694777.0,0.5103810287329603,1,0
2012,Northern Great Plains,Wheat,0.6,conventional,250972.0,7611961.0,0.032970741705061285,0,0
2012,Northern Great Plains,Wheat,0.65,conventional,1943299.0,52250599.0,0.03719189898665085,0,0
2012,Northern Great Plains,Wheat,0.7,certified,67539.0,667994.0,0.10110719557361293,1,0
2012,Northern Great Plains,Wheat,0.75,conventional,4279920.0,112272326.0,0.038120881186696,0,0
2012,Northern Great Plains,Wheat,0.6,certified,599.0,32583.0,0.01838381978332259,1,0
2012,Northern Great Plains,Wheat,0.7,conventional,9833094.0,211344494.0,0.04652637887031966,0,0
2012,Northern Great Plains,Wheat,0.85,conventional,16580.0,309185.0,0.053624852434626516,0,0
2012,Northern Great Plains,Corn,0.6,conventional,4164088.0,46239842.0,0.09005411393923016,0,0
2012,Northern Great Plains,Corn,0.65,conventional,9972178.0,132250606.0,0.07540364692166325,0,0
2012,Northern Great Plains,Corn,0.65,certified,519840.0,599966.0,0.8664490987822643,1,0
2012,Northern Great Plains,Corn,0.7,conventional,30897575.0,496831248.0,0.06218927477766052,0,0
2012,Northern Great Plains,Corn,0.7,certified,925712.0,2504166.0,0.369668783938445,1,0
2012,Northern Great Plains,Corn,0.75,conventional,34574268.0,781745152.0,0.04422703218759456,0,0
2012,Northern Great Plains,Corn,0.8,conventional,9869618.0,312729189.0,0.031559631614687556,0,0
2012,Northern Great Plains,Corn,0.85,conventional,1274062.0,8078916.0,0.15770209765765605,0,0
2012,Northern Great Plains,Wheat,0.5,conventional,101010.0,4056863.0,0.024898548459733542,0,0
2012,Northern Great Plains,Wheat,0.8,conventional,840492.0,15949793.0,0.05269610709054343,0,0
2012,Northern Great Plains,Wheat,0.55,conventional,14474.0,1587864.0,0.009115390234931959,0,0
2012,Northern Great Plains,Corn,0.5,conventional,1018050.0,12654257.0,0.08045118729610122,0,0
2012,Prairie Gateway,Wheat,0.5,conventional,2853820.0,8613712.0,0.33131128600538307,0,0
2012,Prairie Gateway,Wheat,0.55,conventional,417782.0,1635039.0,0.2555180640951072,0,0
2012,Prairie Gateway,Wheat,0.6,conventional,5447099.0,16892302.0,0.3224604319766483,0,0
2012,Prairie Gateway,Wheat,0.65,conventional,6628593.0,46243934.0,0.14333972970379208,0,0
2012,Prairie Gateway,Wheat,0.7,conventional,15749723.0,152129136.0,0.10352864292872865,0,0
2012,Prairie Gateway,Wheat,0.7,certified,14582.0,730216.0,0.01996943370180878,1,0
2012,Prairie Gateway,Wheat,0.75,conventional,19481822.0,121893601.0,0.15982645389235814,0,0
2012,Prairie Gateway,Wheat,0.8,conventional,1690384.0,35203025.0,0.04801814616783643,0,0
2012,Prairie Gateway,Wheat,0.85,conventional,141588.0,7455643.0,0.018990716159558607,0,0
2012,Prairie Gateway,Corn,0.7,certified,1577560.0,4014684.0,0.39294748976507243,1,0
2012,Southern Seaboard,Soybeans,0.6,conventional,20982.0,796398.0,0.02634612342070171,0,0
2012,Southern Seaboard,Soybeans,0.65,conventional,147659.0,6035043.0,0.024466934204114204,0,0
2012,Southern Seaboard,Soybeans,0.7,conventional,666567.0,28121936.0,0.023702742229411232,0,0
2012,Southern Seaboard,Soybeans,0.75,conventional,476843.0,19334977.0,0.02466219639154471,0,0
2012,Southern Seaboard,Soybeans,0.8,conventional,172939.0,11311861.0,0.01528828899152845,0,0
2012,Southern Seaboard,Soybeans,0.8,certified,0.0,135335.0,0.0,1,0
2012,Southern Seaboard,Soybeans,0.85,conventional,31629.0,1053815.0,0.03001380697750554,0,0
2012,Fruitful Rim,Wheat,0.8,conventional,3380823.0,65140680.0,0.0519003332479796,0,0
2012,Fruitful Rim,Wheat,0.8,certified,93528.0,220408.0,0.42434031432615876,1,0
2012,Fruitful Rim,Wheat,0.75,certified,22188.0,114907.0,0.1930952857528262,1,0
2012,Fruitful Rim,Wheat,0.85,conventional,5671648.0,60096472.0,0.09437572308737192,0,0
2012,Fruitful Rim,Wheat,0.8,transitional,155806.0,511452.0,0.30463464802171075,0,1
2012,Fruitful Rim,Corn,0.5,conventional,30924.0,12053740.0,0.0025655107875232086,0,0
2012,Fruitful Rim,Corn,0.5,certified,0.0,623498.0,0.0,1,0
2012,Fruitful Rim,Wheat,0.75,transitional,26216.0,24794.0,1.0573525853028958,0,1
2012,Basin and Range,Wheat,0.85,certified,0.0,11600.0,0.0,1,0
2012,Fruitful Rim,Corn,0.65,conventional,341959.0,4628924.0,0.07387440364110537,0,0
2012,Fruitful Rim,Corn,0.65,certified,0.0,197743.0,0.0,1,0
2012,Fruitful Rim,Corn,0.7,conventional,1388581.0,9723756.0,0.14280294569300175,0,0
2012,Fruitful Rim,Corn,0.75,conventional,2232636.0,14703747.0,0.1518412959635391,0,0
2012,Heartland,Corn,0.5,conventional,3666205.0,55953937.0,0.06552184165343003,0,0
2012,Heartland,Corn,0.55,conventional,1063821.0,9582762.0,0.11101402706234383,0,0
2012,Heartland,Corn,0.6,conventional,9864765.0,63207044.0,0.15607065883353127,0,0
2012,Heartland,Corn,0.65,conventional,60667233.0,414914169.0,0.1462163443254212,0,0
2012,Heartland,Corn,0.7,conventional,334818867.0,1761179650.0,0.19011056992397113,0,0
2012,Heartland,Corn,0.75,conventional,782323677.0,4424901978.0,0.17680022764111047,0,0
2012,Heartland,Corn,0.75,certified,3060582.0,10185676.0,0.30047902564346246,1,0
2012,Heartland,Corn,0.8,conventional,1028183362.0,5764326541.0,0.1783700757906109,0,0
2012,Heartland,Corn,0.85,conventional,789661486.0,3272503905.0,0.24130192321344227,0,0
2012,Heartland,Corn,0.85,certified,1927396.0,5197353.0,0.37084184968771605,1,0
2012,Heartland,Wheat,0.5,conventional,2524.0,959265.0,0.0026311811647459255,0,0
2012,Heartland,Wheat,0.5,certified,713.0,146085.0,0.0048807201286922,1,0
2012,Heartland,Wheat,0.6,conventional,0.0,566916.0,0.0,0,0
2012,Heartland,Wheat,0.65,conventional,17650.0,2817255.0,0.006264963590445309,0,0
2012,Heartland,Wheat,0.75,conventional,339292.0,22373491.0,0.015164911010087786,0,0
2012,Heartland,Wheat,0.55,conventional,0.0,81292.0,0.0,0,0
2012,Heartland,Wheat,0.6,certified,0.0,44758.0,0.0,1,0
2012,Heartland,Corn,0.5,certified,30641.0,1039124.0,0.029487337411127065,1,0
2012,Heartland,Corn,0.5,transitional,0.0,104613.0,0.0,0,1
2012,Heartland,Corn,0.8,certified,4550175.0,14429451.0,0.31533944014917825,1,0
2012,Heartland,Corn,0.7,transitional,83049.0,211469.0,0.3927242290832226,0,1
2012,Heartland,Wheat,0.75,certified,15250.0,464982.0,0.03279696848480156,1,0
2012,Heartland,Wheat,0.7,conventional,88417.0,8202633.0,0.010779099832943886,0,0
2012,Heartland,Wheat,0.7,certified,23612.0,278677.0,0.08472891555456676,1,0
2012,Heartland,Wheat,0.7,transitional,0.0,5234.0,0.0,0,1
2012,Heartland,Corn,0.85,transitional,5647.0,321860.0,0.01754489529609147,0,1
2012,Heartland,Corn,0.7,certified,1258852.0,5170031.0,0.24349022278589819,1,0
2012,Heartland,Corn,0.65,certified,612211.0,2608197.0,0.23472575116066768,1,0
2012,Heartland,Wheat,0.6,transitional,3954.0,8418.0,0.46970776906628653,0,1
2012,Heartland,Wheat,0.55,certified,0.0,1071.0,0.0,1,0
2012,Heartland,Soybeans,0.65,conventional,13230921.0,165977988.0,0.0797149137631431,0,0
2012,Heartland,Soybeans,0.7,conventional,71819103.0,653960783.0,0.10982172764326145,0,0
2012,Heartland,Soybeans,0.7,certified,391152.0,1886131.0,0.20738326235028215,1,0
2012,Heartland,Soybeans,0.75,conventional,132232795.0,1520251396.0,0.08698087391856603,0,0
2012,Heartland,Soybeans,0.8,conventional,110108131.0,1676041739.0,0.06569533946433538,0,0
2012,Heartland,Soybeans,0.85,conventional,43101250.0,565933880.0,0.07615951531299027,0,0
2012,Heartland,Soybeans,0.5,conventional,548297.0,21476456.0,0.025530143334635845,0,0
2012,Heartland,Soybeans,0.6,conventional,1655878.0,24401917.0,0.06785852111536975,0,0
2012,Heartland,Soybeans,0.75,certified,829695.0,3731647.0,0.2223401624001413,1,0
2012,Heartland,Soybeans,0.55,conventional,182146.0,3701910.0,0.04920324913355538,0,0
2012,Heartland,Soybeans,0.8,certified,1788340.0,5152326.0,0.34709372038958713,1,0
2012,Heartland,Soybeans,0.75,transitional,242.0,135285.0,0.0017888162028310603,0,1
2012,Heartland,Corn,0.55,certified,40225.0,73785.0,0.5451650064376228,1,0
2012,Heartland,Soybeans,0.55,certified,16491.0,51709.0,0.3189193370593127,1,0
2012,Heartland,Soybeans,0.85,certified,843819.0,2260266.0,0.37332729864538067,1,0
2012,Heartland,Soybeans,0.65,certified,242697.0,1660150.0,0.14618980212631388,1,0
2012,Heartland,Corn,0.8,transitional,217902.0,353746.0,0.6159843503530782,0,1
2012,Heartland,Wheat,0.8,conventional,152148.0,8398069.0,0.018117021901106076,0,0
2012,Heartland,Corn,0.75,transitional,6813.0,111335.0,0.06119369470516908,0,1
2012,Heartland,Soybeans,0.7,transitional,13159.0,25019.0,0.5259602701946521,0,1
2012,Heartland,Soybeans,0.85,transitional,0.0,20291.0,0.0,0,1
2012,Heartland,Corn,0.65,transitional,3323.0,64326.0,0.05165873830177533,0,1
2012,Heartland,Soybeans,0.65,transitional,0.0,6784.0,0.0,0,1
2012,Heartland,Soybeans,0.8,transitional,69605.0,358789.0,0.19399981604787214,0,1
2012,Prairie Gateway,Wheat,0.8,certified,6045.0,27570.0,0.2192600652883569,1,0
2012,Prairie Gateway,Corn,0.55,conventional,290169.0,2921001.0,0.09933889101715473,0,0
2012,Prairie Gateway,Corn,0.65,transitional,12007.0,17901.0,0.670744651136808,0,1
2012,Prairie Gateway,Corn,0.85,conventional,3584494.0,29304650.0,0.12231826689620931,0,0
2012,Prairie Gateway,Soybeans,0.5,conventional,154744.0,745689.0,0.20751814764600254,0,0
2012,Prairie Gateway,Soybeans,0.55,conventional,1492.0,328441.0,0.004542672808814977,0,0
2012,Prairie Gateway,Soybeans,0.6,conventional,214875.0,2109670.0,0.10185242241677608,0,0
2012,Prairie Gateway,Soybeans,0.65,conventional,2155047.0,27220936.0,0.07916873247855989,0,0
2012,Prairie Gateway,Soybeans,0.65,transitional,0.0,2849.0,0.0,0,1
2012,Prairie Gateway,Soybeans,0.7,conventional,13691181.0,115328652.0,0.11871448042243657,0,0
2012,Prairie Gateway,Soybeans,0.75,conventional,14622863.0,113548207.0,0.12878109999570492,0,0
2012,Prairie Gateway,Soybeans,0.8,conventional,6151629.0,45189396.0,0.13612992304654836,0,0
2012,Prairie Gateway,Soybeans,0.8,certified,66024.0,113987.0,0.5792239465904007,1,0
2012,Prairie Gateway,Soybeans,0.85,conventional,632158.0,6038677.0,0.10468485067176138,0,0
2012,Prairie Gateway,Wheat,0.6,certified,44018.0,105132.0,0.41869269109310203,1,0
2012,Prairie Gateway,Wheat,0.65,transitional,0.0,82246.0,0.0,0,1
2012,Prairie Gateway,Wheat,0.75,transitional,3461.0,7429.0,0.4658769686364248,0,1
2012,Prairie Gateway,Corn,0.8,certified,678525.0,725911.0,0.9347220251518437,1,0
2012,Prairie Gateway,Soybeans,0.7,certified,143717.0,319602.0,0.44967490816703276,1,0
2012,Prairie Gateway,Soybeans,0.6,certified,27044.0,49884.0,0.5421377596022773,1,0
2012,Prairie Gateway,Wheat,0.75,certified,153662.0,704360.0,0.218158328127662,1,0
2012,Prairie Gateway,Soybeans,0.75,certified,219233.0,1254405.0,0.1747705087272452,1,0
2012,Prairie Gateway,Wheat,0.65,certified,89405.0,1790510.0,0.04993270073889562,1,0
2012,Prairie Gateway,Soybeans,0.65,certified,52099.0,305142.0,0.1707369028190154,1,0
2012,Prairie Gateway,Corn,0.75,certified,1228128.0,3150333.0,0.3898406930314986,1,0
2012,Prairie Gateway,Corn,0.5,certified,2069.0,609335.0,0.0033955049357086,1,0
2012,Prairie Gateway,Soybeans,0.5,certified,0.0,4445.0,0.0,1,0
2012,Mississippi Portal,Corn,0.6,conventional,23517.0,17306.0,1.3588928695250202,0,0
2012,Mississippi Portal,Corn,0.75,certified,0.0,67667.0,0.0,1,0
2012,Northern Crescent,Corn,0.5,conventional,1553119.0,71304930.0,0.021781369114309487,0,0
2012,Northern Crescent,Corn,0.6,certified,108887.0,730593.0,0.14903920513883928,1,0
2012,Southern Seaboard,Wheat,0.5,conventional,6396.0,892373.0,0.007167406454475875,0,0
2012,Southern Seaboard,Wheat,0.65,conventional,211270.0,3268269.0,0.06464278185179984,0,0
2012,Southern Seaboard,Wheat,0.7,conventional,633576.0,4520340.0,0.1401611383214537,0,0
2012,Southern Seaboard,Wheat,0.75,conventional,481605.0,4730446.0,0.10180963909111318,0,0
2012,Southern Seaboard,Wheat,0.75,certified,1657.0,82256.0,0.020144427154250147,1,0
2012,Southern Seaboard,Wheat,0.8,conventional,0.0,106963.0,0.0,0,0
2012,Southern Seaboard,Corn,0.6,conventional,19706.0,489978.0,0.04021813224267212,0,0
2012,Southern Seaboard,Corn,0.6,certified,22408.0,88539.0,0.2530862105964603,1,0
2012,Southern Seaboard,Corn,0.65,conventional,631269.0,3079988.0,0.20495826607116652,0,0
2012,Southern Seaboard,Corn,0.65,certified,1079.0,14711.0,0.07334647542655157,1,0
2012,Southern Seaboard,Corn,0.7,conventional,2300824.0,11940801.0,0.19268590105471148,0,0
2012,Southern Seaboard,Corn,0.75,conventional,4116124.0,21188654.0,0.19426075861166076,0,0
2012,Southern Seaboard,Corn,0.75,certified,94488.0,183148.0,0.5159106296547055,1,0
2012,Southern Seaboard,Corn,0.8,conventional,3282591.0,12966980.0,0.2531500010025465,0,0
2012,Southern Seaboard,Corn,0.55,conventional,13100.0,83648.0,0.15660864575363428,0,0
2012,Southern Seaboard,Corn,0.7,certified,229648.0,702357.0,0.3269676247264568,1,0
2012,Southern Seaboard,Corn,0.8,certified,8074.0,251102.0,0.032154264004269184,1,0
2012,Southern Seaboard,Soybeans,0.5,conventional,19502.0,2017398.0,0.009666907571039527,0,0
2012,Southern Seaboard,Soybeans,0.55,conventional,0.0,26516.0,0.0,0,0
2012,Southern Seaboard,Soybeans,0.55,certified,1741.0,22905.0,0.07600960488976206,1,0
2012,Southern Seaboard,Soybeans,0.75,certified,1296.0,222839.0,0.005815858085882633,1,0
2012,Southern Seaboard,Soybeans,0.7,certified,1400.0,251411.0,0.005568570985358636,1,0
2012,Southern Seaboard,Corn,0.5,conventional,36477.0,602778.0,0.060514816400067686,0,0
2012,Southern Seaboard,Corn,0.7,transitional,37204.0,55890.0,0.66566469851494,0,1
2012,Southern Seaboard,Corn,0.85,conventional,254986.0,568460.0,0.4485557471062168,0,0
2012,Northern Crescent,Corn,0.55,conventional,207932.0,9731006.0,0.021367986002680504,0,0
2012,Northern Crescent,Corn,0.6,conventional,2284613.0,40193701.0,0.05684007551332484,0,0
2012,Northern Crescent,Corn,0.65,conventional,11011071.0,121360750.0,0.09073008365554762,0,0
2012,Northern Crescent,Corn,0.7,conventional,60426061.0,558324345.0,0.10822752319711225,0,0
2012,Northern Crescent,Corn,0.75,conventional,137782254.0,1094037494.0,0.12593924317551772,0,0
2012,Northern Crescent,Corn,0.8,conventional,114897659.0,840110555.0,0.13676492732554704,0,0
2012,Northern Crescent,Corn,0.85,conventional,45711593.0,252975684.0,0.18069559997711085,0,0
2012,Northern Crescent,Wheat,0.5,conventional,35408.0,2076771.0,0.017049544701847243,0,0
2012,Northern Crescent,Wheat,0.6,conventional,17195.0,1043064.0,0.01648508624590629,0,0
2012,Northern Crescent,Wheat,0.65,conventional,92835.0,3674166.0,0.025266958542428403,0,0
2012,Northern Crescent,Wheat,0.7,conventional,308122.0,12001267.0,0.025674122573891574,0,0
2012,Northern Crescent,Wheat,0.7,certified,35382.0,311375.0,0.11363147330389402,1,0
2012,Northern Crescent,Wheat,0.75,conventional,431276.0,18461108.0,0.02336132804163217,0,0
2012,Northern Crescent,Wheat,0.75,certified,25869.0,369850.0,0.06994457212383398,1,0
2012,Northern Crescent,Wheat,0.8,conventional,140106.0,6438066.0,0.02176212545817331,0,0
2012,Northern Crescent,Corn,0.65,certified,276801.0,1931654.0,0.14329740212274042,1,0
2012,Northern Crescent,Corn,0.75,certified,2201501.0,8555172.0,0.2573298350985813,1,0
2012,Northern Crescent,Corn,0.5,certified,37016.0,1643878.0,0.022517486090816958,1,0
2012,Northern Crescent,Corn,0.7,certified,1053848.0,4539538.0,0.2321487340782256,1,0
2012,Northern Crescent,Corn,0.8,certified,611828.0,4675846.0,0.13084862076295925,1,0
2012,Northern Crescent,Wheat,0.85,conventional,38499.0,2345331.0,0.016415166984958627,0,0
2012,Northern Crescent,Corn,0.7,transitional,42925.0,149951.0,0.28626017832491946,0,1
2012,Northern Crescent,Wheat,0.55,conventional,1563.0,262296.0,0.005958916643791746,0,0
2012,Northern Crescent,Corn,0.75,transitional,79034.0,211860.0,0.3730482394033796,0,1
2012,Northern Crescent,Corn,0.85,certified,84170.0,546639.0,0.15397730494896997,1,0
2012,Northern Crescent,Wheat,0.6,certified,2422.0,26464.0,0.09152055622732769,1,0
2012,Northern Crescent,Wheat,0.8,certified,32860.0,845266.0,0.03887533628467252,1,0
2012,Northern Crescent,Wheat,0.5,certified,0.0,63969.0,0.0,1,0
2012,Northern Crescent,Corn,0.8,transitional,0.0,34352.0,0.0,0,1
2012,Northern Great Plains,Corn,0.65,transitional,0.0,29074.0,0.0,0,1
2012,Northern Great Plains,Corn,0.5,certified,0.0,32854.0,0.0,1,0
2012,Northern Great Plains,Corn,0.55,conventional,349648.0,3400982.0,0.10280795370278349,0,0
2012,Northern Great Plains,Corn,0.7,transitional,38482.0,69232.0,0.5558412294892535,0,1
2012,Northern Great Plains,Corn,0.75,certified,1285176.0,3223176.0,0.3987297001466876,1,0
2012,Northern Great Plains,Soybeans,0.5,conventional,45514.0,2198611.0,0.020701251835818158,0,0
2012,Northern Great Plains,Soybeans,0.55,conventional,1824.0,746226.0,0.0024442997161717764,0,0
2012,Northern Great Plains,Soybeans,0.65,conventional,986801.0,42922856.0,0.022990105784200382,0,0
2012,Northern Great Plains,Soybeans,0.7,conventional,7545311.0,297970322.0,0.025322357439342566,0,0
2012,Northern Great Plains,Soybeans,0.7,certified,254843.0,1167409.0,0.21829795727118773,1,0
2012,Northern Great Plains,Soybeans,0.75,conventional,13408658.0,434833530.0,0.030836301883159747,0,0
2012,Northern Great Plains,Soybeans,0.8,conventional,4176933.0,115109044.0,0.03628674911069542,0,0
2012,Heartland,Wheat,0.65,certified,3473.0,33879.0,0.10251188051595383,1,0
2012,Heartland,Wheat,0.8,certified,361.0,29451.0,0.012257648297171573,1,0
2012,Northern Great Plains,Wheat,0.75,certified,11887.0,110280.0,0.1077892636924193,1,0
2012,Northern Great Plains,Soybeans,0.6,conventional,64545.0,6751194.0,0.009560531070503973,0,0
2012,Northern Great Plains,Soybeans,0.75,certified,133400.0,1096991.0,0.12160537324371849,1,0
2012,Northern Great Plains,Soybeans,0.8,certified,185195.0,670738.0,0.2761063187116281,1,0
2012,Northern Great Plains,Soybeans,0.85,conventional,315372.0,4957319.0,0.06361745128768191,0,0
2012,Heartland,Wheat,0.85,conventional,91324.0,2257365.0,0.04045601841084628,0,0
2012,Northern Crescent,Soybeans,0.65,conventional,494443.0,16235890.0,0.03045370472453312,0,0
2012,Northern Crescent,Soybeans,0.7,conventional,4064967.0,85673940.0,0.04744694827855472,0,0
2012,Northern Crescent,Soybeans,0.75,conventional,10406847.0,205259043.0,0.05070104024600758,0,0
2012,Northern Crescent,Soybeans,0.8,certified,356591.0,761003.0,0.4685802815494814,1,0
2012,Northern Crescent,Soybeans,0.8,transitional,372.0,2349.0,0.1583652618135377,0,1
2012,Northern Crescent,Soybeans,0.5,conventional,39644.0,7384866.0,0.0053682761474615785,0,0
2012,Northern Crescent,Soybeans,0.65,certified,33185.0,322057.0,0.10304076607557047,1,0
2012,Northern Crescent,Soybeans,0.6,conventional,99366.0,5061277.0,0.019632594698926774,0,0
2012,Northern Crescent,Soybeans,0.7,certified,135136.0,601950.0,0.22449705125010383,1,0
2012,Northern Crescent,Soybeans,0.75,certified,538507.0,1312783.0,0.4102026001250778,1,0
2012,Northern Crescent,Soybeans,0.8,conventional,6451102.0,151042618.0,0.04271047526467,0,0
2012,Northern Crescent,Soybeans,0.85,conventional,3315995.0,30519614.0,0.10865127586476028,0,0
2012,Northern Great Plains,Corn,0.8,certified,1925298.0,2193532.0,0.8777159394073121,1,0
2012,Northern Crescent,Wheat,0.85,certified,3989.0,3953.0,1.0091070073362003,1,0
2012,Northern Crescent,Soybeans,0.5,certified,12262.0,391266.0,0.031339293472982574,1,0
2012,Northern Crescent,Soybeans,0.55,conventional,9928.0,1474424.0,0.0067334769374345505,0,0
2012,Northern Crescent,Soybeans,0.75,transitional,25392.0,51830.0,0.4899093189272622,0,1
2012,Northern Crescent,Soybeans,0.85,certified,118739.0,595951.0,0.1992428907745771,1,0
2012,Heartland,Wheat,0.85,certified,757.0,1368.0,0.5533625730994152,1,0
2012,Heartland,Wheat,0.85,transitional,441.0,793.0,0.5561160151324086,0,1
2012,Heartland,Corn,0.6,certified,132696.0,504280.0,0.26313952566034743,1,0
2012,Northern Great Plains,Corn,0.6,certified,142652.0,347595.0,0.4103971576115882,1,0
2012,Northern Great Plains,Soybeans,0.65,certified,25177.0,125403.0,0.20076872164142803,1,0
2012,Heartland,Soybeans,0.6,transitional,0.0,14917.0,0.0,0,1
2012,Northern Crescent,Wheat,0.65,certified,0.0,24594.0,0.0,1,0
2012,Heartland,Soybeans,0.6,certified,38588.0,225517.0,0.17110905164577395,1,0
2012,Northern Crescent,Wheat,0.8,transitional,0.0,16675.0,0.0,0,1
2012,Heartland,Wheat,0.8,transitional,0.0,64262.0,0.0,0,1
2012,Eastern Uplands,Corn,0.5,conventional,31321.0,313511.0,0.09990399060957988,0,0
2012,Eastern Uplands,Corn,0.6,conventional,44957.0,204702.0,0.21962169397465583,0,0
2012,Eastern Uplands,Corn,0.65,conventional,220468.0,1369065.0,0.16103545120209778,0,0
2012,Eastern Uplands,Corn,0.7,conventional,2515192.0,6537367.0,0.3847408291442105,0,0
2012,Eastern Uplands,Corn,0.75,conventional,5069162.0,13861952.0,0.36568890153421396,0,0
2012,Eastern Uplands,Corn,0.8,conventional,7830900.0,16487201.0,0.47496843157307295,0,0
2012,Eastern Uplands,Corn,0.8,certified,162429.0,121852.0,1.3330023306962544,1,0
2012,Eastern Uplands,Corn,0.85,conventional,1608935.0,2638685.0,0.6097487953279759,0,0
2012,Heartland,Corn,0.6,transitional,9713.0,16023.0,0.6061911002933283,0,1
2012,Heartland,Soybeans,0.5,certified,15126.0,54864.0,0.2756999125109361,1,0
2012,Northern Great Plains,Wheat,0.65,certified,89038.0,281385.0,0.3164276702738241,1,0
2012,Northern Great Plains,Wheat,0.7,transitional,0.0,45708.0,0.0,0,1
2012,Northern Great Plains,Wheat,0.65,transitional,0.0,81190.0,0.0,0,1
2012,Prairie Gateway,Soybeans,0.75,transitional,32490.0,37492.0,0.8665848714392403,0,1
2012,Prairie Gateway,Corn,0.6,certified,63175.0,390932.0,0.16160099454636612,1,0
2012,Heartland,Wheat,0.75,transitional,2122.0,55263.0,0.03839820494725223,0,1
2012,Northern Great Plains,Corn,0.85,certified,6689.0,432287.0,0.015473516436996718,1,0
2012,Prairie Gateway,Corn,0.6,transitional,3344.0,2538.0,1.317572892040977,0,1
2012,Northern Crescent,Soybeans,0.6,certified,55251.0,268973.0,0.20541466987392787,1,0
2012,Northern Crescent,Corn,0.65,transitional,2246.0,37692.0,0.05958824153666561,0,1
2012,Northern Crescent,Corn,0.5,transitional,0.0,9273.0,0.0,0,1
2012,Northern Crescent,Soybeans,0.55,certified,0.0,39723.0,0.0,1,0
2012,Northern Crescent,Corn,0.55,certified,89756.0,219895.0,0.4081766297551104,1,0
2012,Northern Crescent,Soybeans,0.7,transitional,13496.0,32848.0,0.410862152946907,0,1
2012,Southern Seaboard,Wheat,0.55,conventional,6451.0,86123.0,0.07490449705653542,0,0
2012,Southern Seaboard,Wheat,0.6,conventional,44523.0,393917.0,0.11302634819010096,0,0
2012,Southern Seaboard,Wheat,0.7,certified,189.0,9216.0,0.0205078125,1,0
2012,Southern Seaboard,Wheat,0.5,certified,0.0,3827.0,0.0,1,0
2012,Southern Seaboard,Corn,0.5,certified,0.0,19552.0,0.0,1,0
2012,Southern Seaboard,Soybeans,0.5,certified,0.0,91162.0,0.0,1,0
2012,Southern Seaboard,Wheat,0.65,certified,0.0,29468.0,0.0,1,0
2012,Southern Seaboard,Wheat,0.6,certified,0.0,13473.0,0.0,1,0
2012,Southern Seaboard,Soybeans,0.6,certified,1302.0,29341.0,0.044374765686241095,1,0
2012,Southern Seaboard,Soybeans,0.6,transitional,0.0,5131.0,0.0,0,1
2012,Northern Great Plains,Wheat,0.5,certified,7266.0,151312.0,0.048019985196151,1,0
2012,Northern Great Plains,Soybeans,0.5,certified,6459.0,28984.0,0.22284708804857853,1,0
2012,Eastern Uplands,Corn,0.75,certified,8536.0,45111.0,0.18922214094123385,1,0
2012,Eastern Uplands,Corn,0.6,certified,9258.0,20702.0,0.44720316877596367,1,0
2012,Basin and Range,Corn,0.5,conventional,0.0,4122302.0,0.0,0,0
2012,Basin and Range,Corn,0.5,certified,0.0,946886.0,0.0,1,0
2012,Northern Great Plains,Soybeans,0.6,certified,3914.0,23458.0,0.1668513939807315,1,0
2012,Eastern Uplands,Corn,0.65,certified,0.0,40465.0,0.0,1,0
2012,Prairie Gateway,Wheat,0.5,certified,116598.0,252098.0,0.4625106109528834,1,0
2012,Prairie Gateway,Corn,0.5,transitional,766.0,277592.0,0.0027594455171618777,0,1
2012,Prairie Gateway,Wheat,0.6,transitional,10085.0,13576.0,0.7428550383028875,0,1
2012,Fruitful Rim,Corn,0.6,certified,194726.0,374715.0,0.5196642781847537,1,0
2012,Fruitful Rim,Corn,0.7,certified,99106.0,283162.0,0.3499975279168815,1,0
2012,Fruitful Rim,Corn,0.55,conventional,55431.0,162096.0,0.34196402132069886,0,0
2012,Prairie Gateway,Wheat,0.5,transitional,15358.0,15761.0,0.9744305564367743,0,1
2012,Fruitful Rim,Corn,0.7,transitional,70170.0,70170.0,1.0,0,1
2012,Fruitful Rim,Corn,0.8,conventional,47593.0,75878.0,0.6272305543108675,0,0
2012,Basin and Range,Wheat,0.65,transitional,14948.0,27177.0,0.5500239172829966,0,1
2012,Eastern Uplands,Corn,0.7,certified,0.0,99471.0,0.0,1,0
2012,Southern Seaboard,Soybeans,0.7,transitional,6653.0,174019.0,0.03823145748452755,0,1
2012,Southern Seaboard,Soybeans,0.65,certified,3599.0,9413.0,0.3823435674067779,1,0
2012,Southern Seaboard,Wheat,0.7,transitional,-142.0,1091.0,-0.1301558203483043,0,1
2012,Fruitful Rim,Corn,0.55,certified,0.0,98845.0,0.0,1,0
2012,Fruitful Rim,Wheat,0.85,certified,0.0,358676.0,0.0,1,0
2013,Southern Seaboard,Corn,0.5,certified,8873.0,32445.0,0.2734781938665434,1,0
2013,Southern Seaboard,Corn,0.55,conventional,0.0,33352.0,0.0,0,0
2013,Southern Seaboard,Corn,0.6,conventional,15339.0,1066413.0,0.014383733131535343,0,0
2013,Southern Seaboard,Corn,0.65,conventional,99935.0,3336022.0,0.029956337218399638,0,0
2013,Southern Seaboard,Corn,0.7,conventional,476804.0,19287606.0,0.024720745539907857,0,0
2013,Southern Seaboard,Corn,0.75,conventional,1103137.0,26298179.0,0.04194727703389653,0,0
2013,Fruitful Rim,Corn,0.5,conventional,85472.0,30971649.0,0.002759685155930832,0,0
2013,Fruitful Rim,Corn,0.5,certified,0.0,1601184.0,0.0,1,0
2013,Fruitful Rim,Wheat,0.5,conventional,205828.0,22202276.0,0.009270581088173123,0,0
2013,Fruitful Rim,Wheat,0.5,certified,0.0,354093.0,0.0,1,0
2013,Fruitful Rim,Wheat,0.6,conventional,187592.0,3908084.0,0.04800101533129789,0,0
2013,Fruitful Rim,Wheat,0.65,conventional,725562.0,4253515.0,0.17057939139746775,0,0
2013,Fruitful Rim,Wheat,0.65,certified,151495.0,253284.0,0.5981230555423951,1,0
2013,Fruitful Rim,Wheat,0.7,conventional,1460151.0,6194703.0,0.2357096054483968,0,0
2013,Fruitful Rim,Wheat,0.7,certified,118330.0,355363.0,0.33298345635308124,1,0
2013,Fruitful Rim,Wheat,0.75,conventional,7835091.0,50463403.0,0.15526283473193433,0,0
2013,Fruitful Rim,Wheat,0.75,certified,297367.0,568745.0,0.5228476733861397,1,0
2013,Fruitful Rim,Wheat,0.75,transitional,65808.0,73997.0,0.8893333513520818,0,1
2013,Basin and Range,Wheat,0.5,conventional,82461.0,1148874.0,0.0717754949628941,0,0
2013,Basin and Range,Wheat,0.75,conventional,3381975.0,16708340.0,0.20241238806488257,0,0
2013,Basin and Range,Wheat,0.75,certified,558785.0,1842373.0,0.30329634661385074,1,0
2013,Basin and Range,Wheat,0.8,conventional,1476743.0,27982606.0,0.052773605145996764,0,0
2013,Basin and Range,Wheat,0.8,certified,85654.0,611520.0,0.1400673731030874,1,0
2013,Fruitful Rim,Corn,0.75,conventional,965716.0,16480676.0,0.05859686823525928,0,0
2013,Fruitful Rim,Corn,0.75,certified,2788098.0,3383637.0,0.8239944178409209,1,0
2013,Fruitful Rim,Corn,0.8,conventional,261012.0,1194295.0,0.21854901845858854,0,0
2013,Fruitful Rim,Corn,0.85,conventional,148903.0,959211.0,0.15523487532982838,0,0
2013,Fruitful Rim,Wheat,0.6,certified,0.0,4467.0,0.0,1,0
2013,Basin and Range,Wheat,0.5,certified,137983.0,399069.0,0.345762261664023,1,0
2013,Basin and Range,Wheat,0.65,conventional,313365.0,1153686.0,0.2716207009532923,0,0
2013,Basin and Range,Wheat,0.7,conventional,240338.0,1622084.0,0.14816618621477062,0,0
2013,Prairie Gateway,Corn,0.6,conventional,731918.0,23050470.0,0.031752844952836104,0,0
2013,Prairie Gateway,Corn,0.65,conventional,7968822.0,134129585.0,0.05941136700005446,0,0
2013,Prairie Gateway,Corn,0.65,certified,170668.0,439854.0,0.38801056714273374,1,0
2013,Prairie Gateway,Corn,0.7,conventional,36137016.0,567869959.0,0.06363607623061462,0,0
2013,Prairie Gateway,Corn,0.75,conventional,48035642.0,653730686.0,0.07347925228034959,0,0
2013,Prairie Gateway,Corn,0.8,conventional,27848519.0,305765379.0,0.09107806479294048,0,0
2013,Basin and Range,Wheat,0.75,transitional,3325.0,3325.0,1.0,0,1
2013,Basin and Range,Wheat,0.6,conventional,0.0,10243.0,0.0,0,0
2013,Basin and Range,Wheat,0.65,certified,320510.0,711875.0,0.45023353819139594,1,0
2013,Northern Great Plains,Wheat,0.5,conventional,448611.0,4870727.0,0.09210349912856951,0,0
2013,Northern Great Plains,Wheat,0.65,conventional,3136669.0,39364787.0,0.07968210268735863,0,0
2013,Northern Great Plains,Wheat,0.7,certified,243911.0,453870.0,0.5374027805318704,1,0
2013,Northern Great Plains,Wheat,0.75,conventional,16339958.0,162494576.0,0.1005569441283997,0,0
2013,Northern Great Plains,Wheat,0.6,conventional,409579.0,5570763.0,0.07352296265341031,0,0
2013,Northern Great Plains,Wheat,0.7,conventional,17779399.0,183399741.0,0.09694342480014735,0,0
2013,Northern Great Plains,Wheat,0.85,conventional,644896.0,1948608.0,0.33095214635267844,0,0
2013,Northern Great Plains,Corn,0.5,conventional,204458.0,11108210.0,0.018406025813339864,0,0
2013,Northern Great Plains,Corn,0.6,conventional,688139.0,23397280.0,0.029411068295118064,0,0
2013,Northern Great Plains,Corn,0.65,conventional,4879597.0,92266552.0,0.052885871361054,0,0
2013,Northern Great Plains,Corn,0.65,certified,257670.0,449749.0,0.5729195618000262,1,0
2013,Northern Great Plains,Corn,0.7,conventional,36068516.0,410499123.0,0.08786502571894654,0,0
2013,Northern Great Plains,Corn,0.7,certified,874871.0,3950494.0,0.22145863276845884,1,0
2013,Northern Great Plains,Corn,0.75,conventional,104312637.0,853619642.0,0.12220037106409508,0,0
2013,Northern Great Plains,Corn,0.75,certified,1144947.0,2490347.0,0.45975400215311363,1,0
2013,Northern Great Plains,Corn,0.8,conventional,76356923.0,422674993.0,0.1806516218479005,0,0
2013,Northern Great Plains,Corn,0.85,conventional,3852390.0,20513078.0,0.1878016551197241,0,0
2013,Northern Great Plains,Corn,0.85,certified,112779.0,577739.0,0.19520752450501005,1,0
2013,Northern Great Plains,Wheat,0.55,conventional,7264.0,1355516.0,0.0053588448974412695,0,0
2013,Northern Great Plains,Wheat,0.8,conventional,2546047.0,35530437.0,0.07165819547899172,0,0
2013,Northern Great Plains,Corn,0.7,transitional,161163.0,455682.0,0.35367427284817043,0,1
2013,Prairie Gateway,Wheat,0.5,conventional,8374623.0,13940629.0,0.6007349453170299,0,0
2013,Prairie Gateway,Wheat,0.55,conventional,1103794.0,1840181.0,0.5998290385565332,0,0
2013,Prairie Gateway,Wheat,0.6,conventional,14401007.0,24519236.0,0.5873350621528338,0,0
2013,Prairie Gateway,Wheat,0.65,conventional,18092934.0,45486481.0,0.39776508541076194,0,0
2013,Prairie Gateway,Wheat,0.7,conventional,56109710.0,171308684.0,0.3275357015759925,0,0
2013,Prairie Gateway,Wheat,0.7,certified,190918.0,744587.0,0.2564079147231955,1,0
2013,Prairie Gateway,Wheat,0.75,conventional,48393446.0,155378060.0,0.3114561090542642,0,0
2013,Prairie Gateway,Wheat,0.8,conventional,8830003.0,53688893.0,0.1644661028864946,0,0
2013,Prairie Gateway,Wheat,0.85,conventional,626700.0,3958230.0,0.1583283437293942,0,0
2013,Prairie Gateway,Corn,0.5,conventional,358562.0,27429791.0,0.013071991689619509,0,0
2013,Prairie Gateway,Corn,0.7,certified,238137.0,1779838.0,0.13379700849178408,1,0
2013,Prairie Gateway,Corn,0.85,conventional,9052065.0,99894386.0,0.09061635355564426,0,0
2013,Southern Seaboard,Wheat,0.5,conventional,28227.0,1220755.0,0.023122575783019524,0,0
2013,Southern Seaboard,Wheat,0.6,conventional,192831.0,771683.0,0.2498836957662667,0,0
2013,Southern Seaboard,Wheat,0.65,conventional,419063.0,3150940.0,0.1329961852653494,0,0
2013,Southern Seaboard,Wheat,0.7,conventional,1428571.0,8191165.0,0.17440388516163452,0,0
2013,Southern Seaboard,Wheat,0.75,conventional,2080058.0,8668638.0,0.23995211243104164,0,0
2013,Southern Seaboard,Wheat,0.8,conventional,245339.0,1752510.0,0.1399929244340974,0,0
2013,Southern Seaboard,Wheat,0.8,certified,0.0,27557.0,0.0,1,0
2013,Southern Seaboard,Wheat,0.85,conventional,160927.0,1619982.0,0.09933875808496638,0,0
2013,Southern Seaboard,Soybeans,0.5,conventional,58229.0,2033621.0,0.028633162226393217,0,0
2013,Southern Seaboard,Soybeans,0.6,conventional,245340.0,1500583.0,0.16349645437806506,0,0
2013,Southern Seaboard,Soybeans,0.65,conventional,293951.0,5461876.0,0.053818687937990536,0,0
2013,Southern Seaboard,Soybeans,0.7,conventional,1019606.0,21599714.0,0.047204606505437986,0,0
2013,Southern Seaboard,Soybeans,0.75,conventional,1079374.0,22806694.0,0.04732706985063245,0,0
2013,Southern Seaboard,Soybeans,0.75,transitional,0.0,18739.0,0.0,0,1
2013,Fruitful Rim,Wheat,0.8,conventional,5754465.0,78080157.0,0.07369945477952869,0,0
2013,Fruitful Rim,Wheat,0.85,conventional,7349872.0,42476952.0,0.17303200097784793,0,0
2013,Fruitful Rim,Wheat,0.8,certified,27654.0,197727.0,0.13985950325448726,1,0
2013,Fruitful Rim,Wheat,0.7,transitional,7114.0,11081.0,0.6419998195108745,0,1
2013,Basin and Range,Wheat,0.85,conventional,9362858.0,91669147.0,0.10213750543571655,0,0
2013,Basin and Range,Wheat,0.85,certified,0.0,9823.0,0.0,1,0
2013,Fruitful Rim,Wheat,0.55,certified,0.0,19779.0,0.0,1,0
2013,Fruitful Rim,Wheat,0.55,conventional,84.0,15470.0,0.005429864253393665,0,0
2013,Fruitful Rim,Corn,0.55,conventional,0.0,391072.0,0.0,0,0
2013,Fruitful Rim,Corn,0.6,conventional,21198.0,1764124.0,0.012016162129192733,0,0
2013,Fruitful Rim,Corn,0.65,conventional,383562.0,9019057.0,0.042527949429746366,0,0
2013,Fruitful Rim,Corn,0.65,certified,166191.0,287111.0,0.5788388462998632,1,0
2013,Fruitful Rim,Corn,0.7,conventional,611026.0,19354547.0,0.031570152481481484,0,0
2013,Fruitful Rim,Corn,0.5,transitional,0.0,71377.0,0.0,0,1
2013,Heartland,Corn,0.5,conventional,1472639.0,34308926.0,0.042922911664445576,0,0
2013,Heartland,Corn,0.6,conventional,2049811.0,40717801.0,0.05034188855139795,0,0
2013,Heartland,Corn,0.65,conventional,8863153.0,234076609.0,0.037864325862649525,0,0
2013,Heartland,Corn,0.7,conventional,56933758.0,1016081478.0,0.056032669852485985,0,0
2013,Heartland,Corn,0.75,conventional,282558398.0,3448527388.0,0.08193595880468617,0,0
2013,Heartland,Corn,0.75,certified,2332844.0,10150388.0,0.22982806174502887,1,0
2013,Heartland,Corn,0.8,conventional,838368246.0,6684092725.0,0.12542738117086788,0,0
2013,Heartland,Corn,0.85,conventional,1117022184.0,6623754206.0,0.1686388336976887,0,0
2013,Heartland,Corn,0.55,conventional,305739.0,6451602.0,0.0473896250884664,0,0
2013,Heartland,Corn,0.85,certified,4036890.0,12976563.0,0.31109084894050915,1,0
2013,Heartland,Wheat,0.7,conventional,254800.0,5878234.0,0.04334635198258525,0,0
2013,Heartland,Wheat,0.75,conventional,1476089.0,17370524.0,0.08497665355403211,0,0
2013,Heartland,Wheat,0.75,certified,102323.0,795573.0,0.12861547588970465,1,0
2013,Heartland,Wheat,0.5,certified,0.0,140941.0,0.0,1,0
2013,Heartland,Wheat,0.5,transitional,0.0,43366.0,0.0,0,1
2013,Heartland,Wheat,0.6,conventional,7436.0,378933.0,0.01962352183631407,0,0
2013,Heartland,Wheat,0.65,conventional,100399.0,2745161.0,0.03657308259879839,0,0
2013,Heartland,Wheat,0.5,conventional,23073.0,866469.0,0.02662876571464184,0,0
2013,Heartland,Corn,0.5,certified,36332.0,723593.0,0.05021054653651984,1,0
2013,Heartland,Corn,0.7,certified,1094466.0,4162242.0,0.26295107300344384,1,0
2013,Heartland,Corn,0.8,certified,5034598.0,14579525.0,0.3453197549302875,1,0
2013,Heartland,Wheat,0.75,transitional,1941.0,64701.0,0.029999536328650253,0,1
2013,Heartland,Corn,0.8,transitional,167682.0,524560.0,0.3196621930761019,0,1
2013,Heartland,Wheat,0.7,certified,48848.0,169352.0,0.28844064433841937,1,0
2013,Heartland,Corn,0.85,transitional,91222.0,398475.0,0.22892778718865675,0,1
2013,Heartland,Corn,0.6,certified,31253.0,109408.0,0.2856555279321439,1,0
2013,Heartland,Corn,0.65,certified,227150.0,2141660.0,0.10606258696525125,1,0
2013,Heartland,Corn,0.75,transitional,55514.0,183787.0,0.3020561846050047,0,1
2013,Heartland,Wheat,0.55,conventional,0.0,249974.0,0.0,0,0
2013,Heartland,Wheat,0.55,certified,0.0,1995.0,0.0,1,0
2013,Heartland,Corn,0.7,transitional,44578.0,143698.0,0.3102200448162118,0,1
2013,Heartland,Wheat,0.8,conventional,663271.0,6003737.0,0.11047635830816706,0,0
2013,Heartland,Wheat,0.85,conventional,340534.0,3677736.0,0.09259337810000501,0,0
2013,Heartland,Wheat,0.85,transitional,11062.0,34780.0,0.318056354226567,0,1
2013,Heartland,Soybeans,0.5,conventional,158548.0,14906183.0,0.010636391623529645,0,0
2013,Heartland,Soybeans,0.6,conventional,567546.0,17693889.0,0.032075820075507425,0,0
2013,Heartland,Soybeans,0.65,conventional,3018549.0,110350140.0,0.02735428337471978,0,0
2013,Heartland,Soybeans,0.7,conventional,14246786.0,456806012.0,0.03118782508492905,0,0
2013,Heartland,Soybeans,0.7,certified,299659.0,1851505.0,0.16184617378835056,1,0
2013,Heartland,Soybeans,0.75,conventional,53610813.0,1367197837.0,0.0392121838911306,0,0
2013,Heartland,Soybeans,0.75,certified,725662.0,3606820.0,0.20119163140938556,1,0
2013,Heartland,Soybeans,0.8,conventional,108417787.0,2191645004.0,0.049468680740779314,0,0
2013,Heartland,Soybeans,0.8,certified,1311845.0,5762162.0,0.22766541447463642,1,0
2013,Heartland,Soybeans,0.85,conventional,89582749.0,1309750497.0,0.06839680473891051,0,0
2013,Heartland,Soybeans,0.85,certified,800060.0,3707572.0,0.21579081943654768,1,0
2013,Heartland,Soybeans,0.55,conventional,34224.0,2233088.0,0.015325862661928235,0,0
2013,Heartland,Corn,0.55,certified,26648.0,80547.0,0.3308378958868735,1,0
2013,Heartland,Soybeans,0.55,certified,32042.0,36169.0,0.8858967624208577,1,0
2013,Heartland,Soybeans,0.65,certified,70028.0,1616866.0,0.0433109484644986,1,0
2013,Heartland,Soybeans,0.5,certified,11564.0,57852.0,0.19988937288252784,1,0
2013,Heartland,Soybeans,0.85,transitional,14620.0,200662.0,0.07285883724870679,0,1
2013,Heartland,Soybeans,0.7,transitional,0.0,18941.0,0.0,0,1
2013,Heartland,Corn,0.65,transitional,27465.0,134240.0,0.20459624553039332,0,1
2013,Heartland,Soybeans,0.65,transitional,10139.0,39318.0,0.2578717127015616,0,1
2013,Heartland,Soybeans,0.8,transitional,15358.0,149901.0,0.10245428649575386,0,1
2013,Prairie Gateway,Wheat,0.8,certified,4125.0,40378.0,0.10215959185695181,1,0
2013,Prairie Gateway,Corn,0.55,conventional,33027.0,3873046.0,0.0085273967827906,0,0
2013,Prairie Gateway,Corn,0.65,transitional,0.0,5288.0,0.0,0,1
2013,Prairie Gateway,Corn,0.75,certified,1705777.0,5785180.0,0.2948528827106503,1,0
2013,Prairie Gateway,Soybeans,0.55,conventional,0.0,184061.0,0.0,0,0
2013,Prairie Gateway,Soybeans,0.6,conventional,4716.0,1044775.0,0.004513890550597018,0,0
2013,Prairie Gateway,Soybeans,0.65,conventional,243274.0,19689895.0,0.012355271574581784,0,0
2013,Prairie Gateway,Soybeans,0.65,transitional,0.0,15601.0,0.0,0,1
2013,Prairie Gateway,Soybeans,0.7,conventional,3000635.0,94941991.0,0.03160493021470342,0,0
2013,Prairie Gateway,Soybeans,0.75,conventional,3125194.0,137105713.0,0.022794046517959465,0,0
2013,Prairie Gateway,Soybeans,0.8,conventional,2188973.0,77979677.0,0.028071070363628204,0,0
2013,Prairie Gateway,Soybeans,0.8,certified,2113.0,76506.0,0.027618748856298853,1,0
2013,Prairie Gateway,Soybeans,0.85,conventional,786290.0,24417342.0,0.03220211274429461,0,0
2013,Prairie Gateway,Soybeans,0.5,conventional,10171.0,1092765.0,0.009307582142546659,0,0
2013,Prairie Gateway,Wheat,0.75,transitional,2056.0,12230.0,0.16811120196238757,0,1
2013,Prairie Gateway,Wheat,0.75,certified,2386089.0,4027451.0,0.5924563700464637,1,0
2013,Prairie Gateway,Corn,0.8,certified,92399.0,343204.0,0.26922471766063333,1,0
2013,Prairie Gateway,Soybeans,0.7,certified,22729.0,208774.0,0.10886892045944419,1,0
2013,Prairie Gateway,Soybeans,0.75,certified,111154.0,1304464.0,0.08521047725349262,1,0
2013,Prairie Gateway,Wheat,0.65,certified,144307.0,195810.0,0.7369746182523875,1,0
2013,Prairie Gateway,Soybeans,0.65,certified,5982.0,81322.0,0.07355943041243453,1,0
2013,Prairie Gateway,Soybeans,0.5,certified,0.0,8294.0,0.0,1,0
2013,Prairie Gateway,Wheat,0.7,transitional,0.0,44849.0,0.0,0,1
2013,Mississippi Portal,Corn,0.5,conventional,0.0,16691.0,0.0,0,0
2013,Mississippi Portal,Corn,0.65,conventional,0.0,28514.0,0.0,0,0
2013,Mississippi Portal,Corn,0.7,conventional,0.0,18732.0,0.0,0,0
2013,Mississippi Portal,Corn,0.75,conventional,1997.0,15763.0,0.12668908202753282,0,0
2013,Mississippi Portal,Corn,0.75,certified,0.0,47308.0,0.0,1,0
2013,Southern Seaboard,Wheat,0.75,certified,49557.0,181980.0,0.2723211341905704,1,0
2013,Southern Seaboard,Corn,0.5,conventional,0.0,575992.0,0.0,0,0
2013,Southern Seaboard,Corn,0.6,certified,37219.0,46321.0,0.8035016515187496,1,0
2013,Southern Seaboard,Corn,0.75,certified,0.0,247006.0,0.0,1,0
2013,Southern Seaboard,Corn,0.8,conventional,422253.0,14570338.0,0.028980316036594348,0,0
2013,Southern Seaboard,Corn,0.7,certified,68297.0,833209.0,0.08196862971955415,1,0
2013,Southern Seaboard,Corn,0.8,certified,0.0,249911.0,0.0,1,0
2013,Southern Seaboard,Soybeans,0.55,conventional,9108.0,83237.0,0.1094224924012158,0,0
2013,Southern Seaboard,Soybeans,0.55,certified,12628.0,12628.0,1.0,1,0
2013,Southern Seaboard,Soybeans,0.75,certified,0.0,260803.0,0.0,1,0
2013,Southern Seaboard,Soybeans,0.7,certified,13533.0,218373.0,0.06197194708136995,1,0
2013,Southern Seaboard,Soybeans,0.8,conventional,278056.0,11597996.0,0.0239744866268276,0,0
2013,Southern Seaboard,Soybeans,0.8,certified,0.0,53577.0,0.0,1,0
2013,Southern Seaboard,Corn,0.85,conventional,0.0,1258606.0,0.0,0,0
2013,Southern Seaboard,Soybeans,0.85,conventional,36394.0,1565391.0,0.023249143504721823,0,0
2013,Northern Crescent,Corn,0.5,conventional,2271703.0,75353243.0,0.03014738197797273,0,0
2013,Northern Crescent,Corn,0.55,conventional,1031096.0,8768315.0,0.11759340306546925,0,0
2013,Northern Crescent,Corn,0.6,conventional,4134145.0,39014903.0,0.10596322641119985,0,0
2013,Northern Crescent,Corn,0.65,conventional,15138936.0,98674577.0,0.1534228618988658,0,0
2013,Northern Crescent,Corn,0.7,conventional,76982572.0,505892255.0,0.15217187304043625,0,0
2013,Northern Crescent,Corn,0.7,certified,1201008.0,4031855.0,0.2978797600608157,1,0
2013,Northern Crescent,Corn,0.75,conventional,175730072.0,1105954537.0,0.15889448084971328,0,0
2013,Northern Crescent,Corn,0.8,conventional,148681634.0,1029509858.0,0.14441982545833962,0,0
2013,Northern Crescent,Corn,0.85,conventional,74169335.0,436249392.0,0.17001590457230942,0,0
2013,Northern Crescent,Wheat,0.5,conventional,16343.0,3561615.0,0.0045886486888672695,0,0
2013,Northern Crescent,Wheat,0.6,conventional,39799.0,1310877.0,0.030360590658009865,0,0
2013,Northern Crescent,Wheat,0.65,conventional,237875.0,5155521.0,0.04613985667016001,0,0
2013,Northern Crescent,Wheat,0.7,conventional,1279182.0,18349046.0,0.06971381509425613,0,0
2013,Northern Crescent,Wheat,0.75,conventional,3348422.0,35350326.0,0.09472110667381116,0,0
2013,Northern Crescent,Wheat,0.75,certified,154484.0,359471.0,0.42975372144067253,1,0
2013,Northern Crescent,Wheat,0.8,conventional,571954.0,8854158.0,0.06459722087633855,0,0
2013,Northern Crescent,Corn,0.5,certified,189796.0,2104597.0,0.090181635724084,1,0
2013,Northern Crescent,Corn,0.75,certified,2554399.0,9859674.0,0.25907540147879127,1,0
2013,Northern Crescent,Corn,0.8,certified,1603981.0,5561933.0,0.2883855307138723,1,0
2013,Northern Crescent,Wheat,0.55,conventional,1223.0,388325.0,0.0031494238073778405,0,0
2013,Northern Crescent,Wheat,0.65,certified,3571.0,84214.0,0.0424038758401216,1,0
2013,Northern Crescent,Wheat,0.85,conventional,265809.0,1596899.0,0.16645323217060065,0,0
2013,Northern Crescent,Corn,0.65,certified,304042.0,1821296.0,0.16693717001519798,1,0
2013,Northern Crescent,Wheat,0.8,certified,218531.0,1183823.0,0.18459769745983987,1,0
2013,Northern Crescent,Corn,0.85,certified,664960.0,1086245.0,0.6121639225036709,1,0
2013,Northern Crescent,Corn,0.75,transitional,88774.0,221366.0,0.40102816150628373,0,1
2013,Northern Crescent,Corn,0.6,certified,101369.0,335892.0,0.30179045645624186,1,0
2013,Northern Crescent,Corn,0.7,transitional,23773.0,56835.0,0.41828098882730713,0,1
2013,Northern Crescent,Wheat,0.7,certified,20266.0,202114.0,0.10027014457187527,1,0
2013,Northern Crescent,Wheat,0.6,certified,0.0,11909.0,0.0,1,0
2013,Northern Crescent,Corn,0.8,transitional,50889.0,69753.0,0.7295600189239172,0,1
2013,Northern Great Plains,Corn,0.5,certified,32608.0,41764.0,0.7807681256584619,1,0
2013,Northern Great Plains,Corn,0.55,conventional,74337.0,2315216.0,0.032108019294959954,0,0
2013,Northern Great Plains,Corn,0.6,certified,77165.0,173422.0,0.4449550806702725,1,0
2013,Northern Great Plains,Soybeans,0.55,conventional,2184.0,389221.0,0.005611208028343795,0,0
2013,Northern Great Plains,Soybeans,0.6,conventional,237239.0,6020609.0,0.03940448549307886,0,0
2013,Northern Great Plains,Soybeans,0.65,conventional,1694761.0,43772288.0,0.038717669955931934,0,0
2013,Northern Great Plains,Soybeans,0.7,conventional,14580033.0,287343720.0,0.050740740044710214,0,0
2013,Northern Great Plains,Soybeans,0.7,certified,243191.0,910758.0,0.2670204379209406,1,0
2013,Northern Great Plains,Soybeans,0.75,conventional,28966292.0,538065923.0,0.05383409497203933,0,0
2013,Northern Great Plains,Soybeans,0.8,conventional,13644521.0,204887025.0,0.06659533955359057,0,0
2013,Northern Great Plains,Soybeans,0.85,conventional,426410.0,6114687.0,0.06973537647961375,0,0
2013,Heartland,Wheat,0.8,certified,23305.0,54435.0,0.4281252870395885,1,0
2013,Heartland,Wheat,0.85,certified,8617.0,10950.0,0.7869406392694064,1,0
2013,Northern Crescent,Soybeans,0.6,conventional,601022.0,6254678.0,0.09609159736120708,0,0
2013,Northern Crescent,Soybeans,0.65,conventional,1394915.0,16488673.0,0.08459837853537396,0,0
2013,Northern Crescent,Soybeans,0.7,conventional,9565856.0,86845568.0,0.1101478891818636,0,0
2013,Northern Crescent,Soybeans,0.7,certified,264252.0,1003650.0,0.2632909878941862,1,0
2013,Northern Crescent,Soybeans,0.75,conventional,22242426.0,212781260.0,0.1045318840578348,0,0
2013,Northern Crescent,Soybeans,0.8,conventional,13964570.0,196122073.0,0.07120345908234409,0,0
2013,Northern Great Plains,Wheat,0.75,certified,86098.0,209835.0,0.4103128648700169,1,0
2013,Northern Great Plains,Soybeans,0.5,conventional,52229.0,3232759.0,0.016156168771009533,0,0
2013,Northern Great Plains,Soybeans,0.75,certified,533097.0,1683411.0,0.3166766761058351,1,0
2013,Northern Great Plains,Soybeans,0.85,certified,52223.0,370007.0,0.14114057301618618,1,0
2013,Heartland,Soybeans,0.75,transitional,0.0,71318.0,0.0,0,1
2013,Northern Crescent,Wheat,0.85,certified,0.0,5016.0,0.0,1,0
2013,Northern Crescent,Soybeans,0.5,conventional,292496.0,6379464.0,0.045849619968072554,0,0
2013,Northern Crescent,Soybeans,0.75,certified,664873.0,1696994.0,0.39179454965662813,1,0
2013,Northern Crescent,Soybeans,0.55,conventional,23444.0,1985581.0,0.01180712345656007,0,0
2013,Northern Crescent,Soybeans,0.85,conventional,4888189.0,65297893.0,0.07485982740668218,0,0
2013,Northern Crescent,Soybeans,0.85,certified,127399.0,215288.0,0.5917608041321393,1,0
2013,Heartland,Wheat,0.65,certified,7669.0,134721.0,0.05692505251594035,1,0
2013,Northern Crescent,Soybeans,0.8,certified,603498.0,1773976.0,0.34019513229040305,1,0
2013,Northern Great Plains,Corn,0.8,certified,811127.0,1256785.0,0.6453983776063528,1,0
2013,Northern Crescent,Soybeans,0.5,certified,29177.0,212109.0,0.13755663361762113,1,0
2013,Northern Crescent,Soybeans,0.65,certified,45311.0,374124.0,0.12111225155296106,1,0
2013,Heartland,Corn,0.5,transitional,14414.0,15029.0,0.9590791137134873,0,1
2013,Northern Great Plains,Wheat,0.65,certified,79887.0,309215.0,0.2583542195559724,1,0
2013,Northern Great Plains,Soybeans,0.5,certified,0.0,15183.0,0.0,1,0
2013,Northern Great Plains,Soybeans,0.8,certified,414483.0,742668.0,0.5580999854578358,1,0
2013,Heartland,Wheat,0.8,transitional,12762.0,36144.0,0.35308764940239046,0,1
2013,Eastern Uplands,Wheat,0.5,conventional,0.0,142583.0,0.0,0,0
2013,Eastern Uplands,Wheat,0.6,conventional,17633.0,134695.0,0.13091057574520212,0,0
2013,Eastern Uplands,Wheat,0.65,conventional,41814.0,857980.0,0.04873540175761673,0,0
2013,Eastern Uplands,Wheat,0.7,conventional,65074.0,2902626.0,0.022419009545149807,0,0
2013,Eastern Uplands,Wheat,0.7,certified,0.0,52524.0,0.0,1,0
2013,Eastern Uplands,Wheat,0.75,conventional,643872.0,7365838.0,0.08741327191828004,0,0
2013,Eastern Uplands,Wheat,0.8,conventional,155090.0,1523782.0,0.10177965089494428,0,0
2013,Eastern Uplands,Wheat,0.85,conventional,9358.0,137843.0,0.06788883004577671,0,0
2013,Eastern Uplands,Corn,0.5,conventional,46161.0,269724.0,0.17114161142501225,0,0
2013,Eastern Uplands,Corn,0.6,conventional,22026.0,117130.0,0.18804746862460514,0,0
2013,Eastern Uplands,Corn,0.65,conventional,305045.0,1134842.0,0.2687995333271063,0,0
2013,Eastern Uplands,Corn,0.7,conventional,1523512.0,6491908.0,0.23467861836612594,0,0
2013,Eastern Uplands,Corn,0.7,certified,0.0,82049.0,0.0,1,0
2013,Eastern Uplands,Corn,0.75,conventional,3471753.0,14362508.0,0.2417233118338385,0,0
2013,Eastern Uplands,Corn,0.8,conventional,5939881.0,16968930.0,0.35004452254797447,0,0
2013,Eastern Uplands,Corn,0.85,conventional,1519561.0,6690414.0,0.2271251076540256,0,0
2013,Heartland,Soybeans,0.6,certified,23011.0,44472.0,0.5174266954488217,1,0
2013,Northern Great Plains,Wheat,0.65,transitional,0.0,15912.0,0.0,0,1
2013,Northern Great Plains,Wheat,0.7,transitional,0.0,29067.0,0.0,0,1
2013,Prairie Gateway,Corn,0.5,certified,15686.0,189250.0,0.08288507265521797,1,0
2013,Prairie Gateway,Soybeans,0.75,transitional,10343.0,47954.0,0.21568586562122033,0,1
2013,Prairie Gateway,Corn,0.6,certified,13730.0,444810.0,0.030867111800544054,1,0
2013,Prairie Gateway,Corn,0.7,transitional,0.0,85980.0,0.0,0,1
2013,Prairie Gateway,Corn,0.75,transitional,174688.0,478150.0,0.36534142005646764,0,1
2013,Prairie Gateway,Corn,0.85,certified,1774956.0,11865354.0,0.14959149132845087,1,0
2013,Northern Crescent,Soybeans,0.6,certified,58622.0,157583.0,0.372007132749091,1,0
2013,Northern Crescent,Soybeans,0.75,transitional,21239.0,58269.0,0.36449913332990097,0,1
2013,Northern Crescent,Corn,0.55,certified,15263.0,94078.0,0.16223771763855524,1,0
2013,Northern Crescent,Soybeans,0.55,certified,0.0,5613.0,0.0,1,0
2013,Northern Crescent,Wheat,0.5,certified,0.0,12820.0,0.0,1,0
2013,Northern Crescent,Corn,0.5,transitional,0.0,3446.0,0.0,0,1
2013,Northern Crescent,Soybeans,0.5,transitional,7225.0,7225.0,1.0,0,1
2013,Southern Seaboard,Wheat,0.7,certified,-604.0,21508.0,-0.02808257392598103,1,0
2013,Southern Seaboard,Wheat,0.75,transitional,4046.0,4598.0,0.8799478033927794,0,1
2013,Southern Seaboard,Wheat,0.55,conventional,6422.0,93681.0,0.06855178744889572,0,0
2013,Southern Seaboard,Soybeans,0.6,certified,2230.0,20891.0,0.10674453113781054,1,0
2013,Southern Seaboard,Wheat,0.65,certified,0.0,6922.0,0.0,1,0
2013,Southern Seaboard,Soybeans,0.5,certified,2687.0,115559.0,0.02325219152121427,1,0
2013,Southern Seaboard,Wheat,0.6,certified,0.0,13723.0,0.0,1,0
2013,Southern Seaboard,Soybeans,0.6,transitional,0.0,2405.0,0.0,0,1
2013,Southern Seaboard,Wheat,0.5,certified,10469.0,17966.0,0.5827117889346544,1,0
2013,Northern Great Plains,Wheat,0.5,certified,11778.0,122120.0,0.0964461185718965,1,0
2013,Northern Great Plains,Wheat,0.8,certified,12.0,11911.0,0.001007472084627655,1,0
2013,Northern Great Plains,Soybeans,0.6,certified,31900.0,40568.0,0.7863340563991323,1,0
2013,Northern Great Plains,Soybeans,0.65,certified,53361.0,139665.0,0.38206422511008487,1,0
2013,Eastern Uplands,Corn,0.75,certified,0.0,22521.0,0.0,1,0
2013,Eastern Uplands,Corn,0.6,certified,18524.0,27877.0,0.6644904401477921,1,0
2013,Eastern Uplands,Corn,0.85,certified,36888.0,38506.0,0.957980574455929,1,0
2013,Basin and Range,Wheat,0.7,certified,74817.0,122192.0,0.6122904936493387,1,0
2013,Basin and Range,Wheat,0.7,transitional,3176.0,35210.0,0.09020164725930134,0,1
2013,Basin and Range,Corn,0.5,conventional,0.0,4428928.0,0.0,0,0
2013,Basin and Range,Corn,0.5,certified,0.0,975359.0,0.0,1,0
2013,Northern Crescent,Soybeans,0.7,transitional,5763.0,24975.0,0.23075075075075074,0,1
2013,Northern Great Plains,Corn,0.8,transitional,13425.0,17510.0,0.7667047401484866,0,1
2013,Eastern Uplands,Corn,0.65,certified,0.0,42687.0,0.0,1,0
2013,Prairie Gateway,Wheat,0.5,certified,147314.0,236572.0,0.6227026021676276,1,0
2013,Prairie Gateway,Corn,0.5,transitional,0.0,30122.0,0.0,0,1
2013,Prairie Gateway,Wheat,0.6,certified,13760.0,40397.0,0.3406193529222467,1,0
2013,Prairie Gateway,Wheat,0.6,transitional,3687.0,10536.0,0.34994305239179957,0,1
2013,Fruitful Rim,Corn,0.7,certified,1125614.0,1532161.0,0.7346577807423632,1,0
2013,Fruitful Rim,Corn,0.7,transitional,166472.0,171262.0,0.9720311569408275,0,1
2013,Fruitful Rim,Corn,0.75,transitional,38910.0,39492.0,0.985262838043148,0,1
2013,Fruitful Rim,Corn,0.8,certified,312616.0,381019.0,0.8204735196932437,1,0
2013,Southern Seaboard,Corn,0.75,transitional,1584.0,2014.0,0.7864945382323734,0,1
2013,Southern Seaboard,Soybeans,0.8,transitional,1753.0,1897.0,0.9240906694781233,0,1
2013,Southern Seaboard,Soybeans,0.65,certified,1494.0,1494.0,1.0,1,0
2013,Southern Seaboard,Corn,0.7,transitional,0.0,34488.0,0.0,0,1
2013,Southern Seaboard,Soybeans,0.7,transitional,0.0,75278.0,0.0,0,1
2013,Northern Crescent,Corn,0.65,transitional,856.0,856.0,1.0,0,1
2013,Northern Crescent,Wheat,0.7,transitional,0.0,3654.0,0.0,0,1
2013,Northern Crescent,Corn,0.85,transitional,7437.0,27520.0,0.27023982558139537,0,1
2014,Southern Seaboard,Corn,0.55,conventional,0.0,159875.0,0.0,0,0
2014,Southern Seaboard,Corn,0.6,conventional,39271.0,799796.0,0.049101270824060135,0,0
2014,Southern Seaboard,Corn,0.65,conventional,79103.0,2541276.0,0.03112727621871847,0,0
2014,Southern Seaboard,Corn,0.65,certified,27974.0,41750.0,0.6700359281437126,1,0
2014,Southern Seaboard,Corn,0.75,conventional,612212.0,30726632.0,0.019924474638157545,0,0
2014,Fruitful Rim,Wheat,0.5,conventional,265676.0,11016863.0,0.02411539473623299,0,0
2014,Fruitful Rim,Wheat,0.5,certified,4851.0,472129.0,0.010274734235770308,1,0
2014,Fruitful Rim,Corn,0.5,conventional,150661.0,12107514.0,0.012443594944428725,0,0
2014,Fruitful Rim,Corn,0.5,certified,0.0,1111910.0,0.0,1,0
2014,Fruitful Rim,Wheat,0.6,conventional,101500.0,698001.0,0.1454152644480452,0,0
2014,Fruitful Rim,Wheat,0.65,conventional,362322.0,3251440.0,0.11143431833280024,0,0
2014,Fruitful Rim,Wheat,0.65,transitional,0.0,72915.0,0.0,0,1
2014,Fruitful Rim,Wheat,0.7,conventional,803295.0,3060405.0,0.2624799658868679,0,0
2014,Fruitful Rim,Wheat,0.7,certified,57795.0,240224.0,0.2405879512455042,1,0
2014,Fruitful Rim,Wheat,0.75,conventional,4349719.0,16881996.0,0.2576543081754077,0,0
2014,Fruitful Rim,Wheat,0.65,certified,558684.0,586739.0,0.9521848726605867,1,0
2014,Fruitful Rim,Wheat,0.75,certified,67571.0,348686.0,0.193787533769638,1,0
2014,Basin and Range,Wheat,0.5,conventional,26815.0,1388395.0,0.01931366794031958,0,0
2014,Basin and Range,Wheat,0.75,conventional,4232834.0,13785919.0,0.30704039389757043,0,0
2014,Basin and Range,Wheat,0.75,certified,191356.0,1256177.0,0.1523320360108488,1,0
2014,Basin and Range,Wheat,0.8,conventional,2115782.0,33100044.0,0.06392082137413473,0,0
2014,Basin and Range,Wheat,0.8,certified,520546.0,1365630.0,0.3811764533585232,1,0
2014,Basin and Range,Wheat,0.85,conventional,8990430.0,65270413.0,0.1377412764340866,0,0
2014,Fruitful Rim,Wheat,0.6,certified,3630.0,3630.0,1.0,1,0
2014,Basin and Range,Wheat,0.5,certified,4554.0,241436.0,0.018862141519905895,1,0
2014,Basin and Range,Wheat,0.75,transitional,1289.0,59532.0,0.021652220654437948,0,1
2014,Prairie Gateway,Corn,0.6,conventional,735560.0,35204720.0,0.02089378924189711,0,0
2014,Prairie Gateway,Corn,0.65,conventional,5024366.0,106492479.0,0.04718047741193066,0,0
2014,Prairie Gateway,Corn,0.65,certified,9723.0,340926.0,0.028519385438482252,1,0
2014,Prairie Gateway,Corn,0.7,conventional,30397711.0,439259589.0,0.06920215690499132,0,0
2014,Prairie Gateway,Corn,0.75,conventional,47434826.0,648359834.0,0.07316126556969907,0,0
2014,Prairie Gateway,Corn,0.8,conventional,44913192.0,372627558.0,0.12053105315415238,0,0
2014,Basin and Range,Wheat,0.7,conventional,319392.0,1985184.0,0.16088785724648194,0,0
2014,Prairie Gateway,Corn,0.5,conventional,273350.0,33500713.0,0.008159527828556962,0,0
2014,Prairie Gateway,Corn,0.75,certified,1597260.0,5542263.0,0.28819635589289067,1,0
2014,Prairie Gateway,Corn,0.85,conventional,15544259.0,110598761.0,0.1405464117269813,0,0
2014,Basin and Range,Wheat,0.7,certified,17829.0,107430.0,0.16595922926556828,1,0
2014,Basin and Range,Wheat,0.6,conventional,1414.0,144064.0,0.009815082185695247,0,0
2014,Basin and Range,Wheat,0.65,conventional,129902.0,814146.0,0.1595561484058142,0,0
2014,Basin and Range,Wheat,0.65,certified,21257.0,420627.0,0.05053646104505893,1,0
2014,Northern Great Plains,Wheat,0.5,conventional,82398.0,3919992.0,0.021019940857022155,0,0
2014,Northern Great Plains,Wheat,0.65,conventional,1042975.0,30402286.0,0.03430580845137764,0,0
2014,Northern Great Plains,Wheat,0.7,certified,86732.0,571776.0,0.15168877322587868,1,0
2014,Northern Great Plains,Wheat,0.75,conventional,6098475.0,161070057.0,0.03786225145496782,0,0
2014,Northern Great Plains,Wheat,0.7,conventional,7864531.0,156948815.0,0.0501088905959564,0,0
2014,Northern Great Plains,Wheat,0.8,certified,11054.0,150133.0,0.07362804979584768,1,0
2014,Northern Great Plains,Wheat,0.85,conventional,198606.0,1296744.0,0.15315744665099665,0,0
2014,Northern Great Plains,Corn,0.5,conventional,291759.0,8372889.0,0.034845678713762956,0,0
2014,Northern Great Plains,Corn,0.6,conventional,623292.0,13030290.0,0.04783408504338737,0,0
2014,Northern Great Plains,Corn,0.65,conventional,2559025.0,59605953.0,0.0429323728789304,0,0
2014,Northern Great Plains,Corn,0.65,certified,59297.0,465943.0,0.1272623475403644,1,0
2014,Northern Great Plains,Corn,0.7,conventional,20546382.0,293704340.0,0.06995600405496222,0,0
2014,Northern Great Plains,Corn,0.7,certified,487938.0,3928837.0,0.1241940044852968,1,0
2014,Northern Great Plains,Corn,0.75,conventional,65834588.0,645243110.0,0.10203067181918456,0,0
2014,Northern Great Plains,Corn,0.75,certified,286242.0,1431510.0,0.19995808621665234,1,0
2014,Northern Great Plains,Corn,0.8,conventional,49794278.0,305879788.0,0.16279035082893414,0,0
2014,Northern Great Plains,Corn,0.8,certified,334820.0,1195659.0,0.2800296740124065,1,0
2014,Northern Great Plains,Corn,0.85,conventional,6152483.0,18379722.0,0.334742984687146,0,0
2014,Northern Great Plains,Corn,0.55,conventional,29321.0,2079075.0,0.014102906340560105,0,0
2014,Northern Great Plains,Wheat,0.6,conventional,269507.0,3921904.0,0.06871840820173059,0,0
2014,Northern Great Plains,Wheat,0.8,conventional,1827012.0,31053249.0,0.05883480984550119,0,0
2014,Northern Great Plains,Wheat,0.55,conventional,60080.0,522272.0,0.11503584339194903,0,0
2014,Prairie Gateway,Wheat,0.5,conventional,2678243.0,6463224.0,0.41438189361841704,0,0
2014,Prairie Gateway,Wheat,0.55,conventional,324973.0,1201914.0,0.27037957790657235,0,0
2014,Prairie Gateway,Wheat,0.6,conventional,7150851.0,16444518.0,0.43484710223796164,0,0
2014,Prairie Gateway,Wheat,0.65,conventional,12475629.0,35544966.0,0.35098159891333136,0,0
2014,Prairie Gateway,Wheat,0.7,conventional,44235140.0,143491162.0,0.30827780180635794,0,0
2014,Prairie Gateway,Wheat,0.7,certified,175302.0,569037.0,0.30806784093125755,1,0
2014,Prairie Gateway,Wheat,0.75,conventional,38646704.0,116657828.0,0.33128256082395086,0,0
2014,Prairie Gateway,Wheat,0.8,conventional,8435813.0,32878905.0,0.2565722003211482,0,0
2014,Fruitful Rim,Soybeans,0.7,conventional,16299.0,18025.0,0.9042441054091539,0,0
2014,Fruitful Rim,Soybeans,0.7,certified,22852.0,46984.0,0.4863783415630853,1,0
2014,Fruitful Rim,Soybeans,0.75,conventional,28851.0,62376.0,0.46253366679492114,0,0
2014,Fruitful Rim,Soybeans,0.5,conventional,642.0,31960.0,0.020087609511889863,0,0
2014,Fruitful Rim,Soybeans,0.6,conventional,3676.0,31122.0,0.11811580232632864,0,0
2014,Fruitful Rim,Soybeans,0.65,conventional,8707.0,30465.0,0.28580338092893487,0,0
2014,Fruitful Rim,Soybeans,0.85,conventional,0.0,169483.0,0.0,0,0
2014,Fruitful Rim,Wheat,0.8,conventional,1936681.0,12126324.0,0.1597088284957585,0,0
2014,Fruitful Rim,Wheat,0.85,conventional,901895.0,5170755.0,0.17442230389952723,0,0
2014,Fruitful Rim,Wheat,0.75,transitional,41037.0,51813.0,0.7920213073938973,0,1
2014,Fruitful Rim,Wheat,0.7,transitional,3801.0,12898.0,0.2946968522251512,0,1
2014,Basin and Range,Wheat,0.85,certified,0.0,15382.0,0.0,1,0
2014,Fruitful Rim,Wheat,0.55,certified,0.0,33132.0,0.0,1,0
2014,Fruitful Rim,Wheat,0.8,certified,49604.0,371854.0,0.13339644053849092,1,0
2014,Fruitful Rim,Corn,0.55,conventional,1123.0,519381.0,0.00216218922140009,0,0
2014,Fruitful Rim,Corn,0.6,conventional,7144.0,1809705.0,0.003947604720106315,0,0
2014,Fruitful Rim,Corn,0.65,conventional,19717.0,7120204.0,0.0027691622318686375,0,0
2014,Fruitful Rim,Corn,0.7,conventional,441072.0,24352305.0,0.018112125320375216,0,0
2014,Fruitful Rim,Corn,0.75,conventional,445767.0,21912456.0,0.02034308705514343,0,0
2014,Fruitful Rim,Corn,0.8,conventional,117845.0,705489.0,0.16704016646609657,0,0
2014,Fruitful Rim,Corn,0.85,conventional,2057553.0,2515739.0,0.817872203754046,0,0
2014,Fruitful Rim,Corn,0.85,certified,17769.0,17769.0,1.0,1,0
2014,Heartland,Corn,0.5,conventional,299025.0,32551631.0,0.00918617564815723,0,0
2014,Heartland,Corn,0.55,conventional,77010.0,6155208.0,0.012511356236864783,0,0
2014,Heartland,Corn,0.6,conventional,433430.0,31804023.0,0.013628150124278303,0,0
2014,Heartland,Corn,0.65,conventional,4688670.0,172804425.0,0.027132812137189197,0,0
2014,Heartland,Corn,0.7,conventional,32535769.0,687281254.0,0.04733981730280105,0,0
2014,Heartland,Corn,0.75,conventional,159210158.0,2384788763.0,0.06676069615478979,0,0
2014,Heartland,Corn,0.75,certified,2453166.0,9471493.0,0.25900520646533765,1,0
2014,Heartland,Corn,0.8,conventional,568029612.0,5551097339.0,0.102327445784319,0,0
2014,Heartland,Corn,0.8,certified,4171981.0,18291327.0,0.22808520125412443,1,0
2014,Heartland,Corn,0.85,conventional,980203984.0,7240495285.0,0.13537802946031474,0,0
2014,Heartland,Corn,0.85,certified,4383813.0,16013229.0,0.2737619626872257,1,0
2014,Heartland,Wheat,0.65,conventional,353874.0,2281845.0,0.1550824004259711,0,0
2014,Heartland,Wheat,0.7,conventional,789687.0,7190942.0,0.10981690576839585,0,0
2014,Heartland,Wheat,0.75,conventional,3908318.0,23528089.0,0.1661128534493388,0,0
2014,Heartland,Wheat,0.75,certified,237779.0,638853.0,0.372196733833918,1,0
2014,Heartland,Wheat,0.5,certified,87442.0,143063.0,0.6112132417186834,1,0
2014,Heartland,Wheat,0.5,transitional,15799.0,20769.0,0.760701044826424,0,1
2014,Heartland,Wheat,0.6,conventional,123955.0,442341.0,0.280224984796797,0,0
2014,Heartland,Wheat,0.5,conventional,34675.0,661823.0,0.05239316252230581,0,0
2014,Heartland,Corn,0.5,certified,0.0,838550.0,0.0,1,0
2014,Heartland,Corn,0.8,transitional,187520.0,784353.0,0.2390760282678845,0,1
2014,Heartland,Wheat,0.75,transitional,3312.0,71021.0,0.046634094141169515,0,1
2014,Heartland,Corn,0.85,transitional,58437.0,516068.0,0.11323507754792005,0,1
2014,Heartland,Wheat,0.65,certified,15617.0,45708.0,0.3416688544674893,1,0
2014,Heartland,Corn,0.5,transitional,0.0,4697.0,0.0,0,1
2014,Heartland,Wheat,0.7,certified,20630.0,63068.0,0.32710724931819624,1,0
2014,Heartland,Corn,0.65,certified,179786.0,1212919.0,0.14822589142391207,1,0
2014,Heartland,Corn,0.75,transitional,31822.0,153203.0,0.2077113372453542,0,1
2014,Heartland,Wheat,0.55,conventional,5590.0,211289.0,0.026456654156155786,0,0
2014,Heartland,Wheat,0.8,conventional,1760277.0,11451496.0,0.15371589877863992,0,0
2014,Heartland,Wheat,0.8,transitional,25411.0,87174.0,0.2914974648404341,0,1
2014,Heartland,Wheat,0.85,conventional,489939.0,3430108.0,0.14283486117638278,0,0
2014,Heartland,Wheat,0.85,certified,37373.0,95318.0,0.3920875385551522,1,0
2014,Heartland,Corn,0.7,certified,418602.0,3364491.0,0.12441763107703364,1,0
2014,Heartland,Soybeans,0.55,conventional,91338.0,2230815.0,0.04094378063622488,0,0
2014,Heartland,Soybeans,0.65,conventional,1973656.0,81822331.0,0.024121238980590765,0,0
2014,Heartland,Soybeans,0.7,conventional,10837477.0,326509517.0,0.0331919176493713,0,0
2014,Heartland,Soybeans,0.7,certified,81806.0,1600457.0,0.05111415052075751,1,0
2014,Heartland,Soybeans,0.75,conventional,39569785.0,1024786930.0,0.03861269483598898,0,0
2014,Heartland,Soybeans,0.8,conventional,100098004.0,1948476296.0,0.051372451492219744,0,0
2014,Heartland,Soybeans,0.85,conventional,140452345.0,1797404017.0,0.07814177762572565,0,0
2014,Heartland,Soybeans,0.6,conventional,430566.0,15693817.0,0.0274353906382367,0,0
2014,Heartland,Soybeans,0.8,certified,997995.0,5774599.0,0.17282498750129663,1,0
2014,Heartland,Soybeans,0.75,certified,349214.0,2206604.0,0.15825857290207032,1,0
2014,Heartland,Soybeans,0.8,transitional,67628.0,386481.0,0.17498402250045927,0,1
2014,Heartland,Soybeans,0.85,certified,511936.0,2992674.0,0.17106306934868282,1,0
2014,Heartland,Soybeans,0.5,conventional,261028.0,11860529.0,0.022008124595454384,0,0
2014,Heartland,Corn,0.55,certified,11644.0,80784.0,0.14413745296098238,1,0
2014,Heartland,Soybeans,0.55,certified,0.0,33132.0,0.0,1,0
2014,Heartland,Soybeans,0.5,certified,57.0,112753.0,0.0005055297863471482,1,0
2014,Heartland,Soybeans,0.5,transitional,0.0,9053.0,0.0,0,1
2014,Heartland,Soybeans,0.85,transitional,613.0,53259.0,0.011509791772282618,0,1
2014,Heartland,Soybeans,0.65,certified,51207.0,819946.0,0.06245167364680113,1,0
2014,Heartland,Corn,0.7,transitional,0.0,39683.0,0.0,0,1
2014,Heartland,Soybeans,0.7,transitional,988.0,8219.0,0.12020927120087602,0,1
2014,Heartland,Soybeans,0.75,transitional,0.0,29457.0,0.0,0,1
2014,Prairie Gateway,Soybeans,0.6,conventional,5033.0,1354450.0,0.003715899442578168,0,0
2014,Prairie Gateway,Soybeans,0.65,conventional,677754.0,12886975.0,0.052592171553060355,0,0
2014,Prairie Gateway,Soybeans,0.65,certified,15748.0,75488.0,0.20861593895718525,1,0
2014,Prairie Gateway,Soybeans,0.65,transitional,0.0,3599.0,0.0,0,1
2014,Prairie Gateway,Soybeans,0.7,conventional,4856538.0,73233807.0,0.06631552009852498,0,0
2014,Prairie Gateway,Soybeans,0.75,conventional,6055582.0,119016872.0,0.05088002984988549,0,0
2014,Prairie Gateway,Soybeans,0.8,conventional,3483057.0,65566053.0,0.05312287137369699,0,0
2014,Prairie Gateway,Soybeans,0.85,conventional,1873476.0,17399840.0,0.10767202457034088,0,0
2014,Prairie Gateway,Wheat,0.8,certified,3897.0,7680.0,0.507421875,1,0
2014,Prairie Gateway,Corn,0.55,conventional,0.0,2874672.0,0.0,0,0
2014,Prairie Gateway,Corn,0.8,certified,339970.0,2016779.0,0.16857077547911795,1,0
2014,Prairie Gateway,Soybeans,0.5,conventional,31081.0,624586.0,0.04976256272154675,0,0
2014,Prairie Gateway,Soybeans,0.55,conventional,1305.0,180480.0,0.007230718085106383,0,0
2014,Prairie Gateway,Soybeans,0.75,certified,721300.0,1266369.0,0.5695812200077545,1,0
2014,Prairie Gateway,Soybeans,0.8,certified,25559.0,88949.0,0.28734443332696263,1,0
2014,Prairie Gateway,Corn,0.7,certified,592513.0,2758845.0,0.21476849913641397,1,0
2014,Prairie Gateway,Wheat,0.75,transitional,0.0,2695.0,0.0,0,1
2014,Prairie Gateway,Wheat,0.75,certified,103324.0,2832297.0,0.03648063744727336,1,0
2014,Prairie Gateway,Wheat,0.85,conventional,722565.0,2111266.0,0.3422425217855069,0,0
2014,Prairie Gateway,Soybeans,0.7,certified,58988.0,161481.0,0.3652937497290703,1,0
2014,Prairie Gateway,Wheat,0.65,certified,131137.0,176667.0,0.742283505125462,1,0
2014,Prairie Gateway,Corn,0.7,transitional,49530.0,288198.0,0.17186101222076489,0,1
2014,Prairie Gateway,Corn,0.5,certified,0.0,527124.0,0.0,1,0
2014,Prairie Gateway,Soybeans,0.5,certified,0.0,9592.0,0.0,1,0
2014,Prairie Gateway,Wheat,0.7,transitional,681.0,61194.0,0.011128542013922934,0,1
2014,Eastern Uplands,Corn,0.7,conventional,88659.0,5352113.0,0.01656523320789378,0,0
2014,Eastern Uplands,Corn,0.75,conventional,629449.0,12088940.0,0.052068171402951786,0,0
2014,Eastern Uplands,Corn,0.75,certified,8255.0,22403.0,0.36847743605767086,1,0
2014,Eastern Uplands,Corn,0.8,conventional,536521.0,14800804.0,0.03624944969205727,0,0
2014,Eastern Uplands,Corn,0.85,conventional,336251.0,4075925.0,0.0824968565417666,0,0
2014,Mississippi Portal,Corn,0.5,conventional,16561.0,52509.0,0.3153935515816336,0,0
2014,Mississippi Portal,Corn,0.55,conventional,0.0,9680.0,0.0,0,0
2014,Mississippi Portal,Corn,0.75,certified,0.0,83441.0,0.0,1,0
2014,Southern Seaboard,Corn,0.7,conventional,205373.0,17550791.0,0.011701637835012678,0,0
2014,Southern Seaboard,Corn,0.8,conventional,274803.0,19251769.0,0.014274168778983376,0,0
2014,Southern Seaboard,Corn,0.85,conventional,63128.0,1822874.0,0.03463102770679707,0,0
2014,Southern Seaboard,Corn,0.85,certified,20094.0,89314.0,0.2249815258526099,1,0
2014,Southern Seaboard,Corn,0.85,transitional,0.0,16168.0,0.0,0,1
2014,Southern Seaboard,Soybeans,0.5,conventional,15770.0,2451093.0,0.00643386440253389,0,0
2014,Southern Seaboard,Soybeans,0.5,certified,0.0,43184.0,0.0,1,0
2014,Southern Seaboard,Soybeans,0.6,conventional,282940.0,3625583.0,0.07803986283033652,0,0
2014,Southern Seaboard,Soybeans,0.65,conventional,363123.0,8626802.0,0.0420924231250468,0,0
2014,Southern Seaboard,Soybeans,0.7,conventional,639301.0,28670502.0,0.02229821438075971,0,0
2014,Southern Seaboard,Soybeans,0.75,conventional,810984.0,29899184.0,0.027123950941269834,0,0
2014,Southern Seaboard,Soybeans,0.8,conventional,210500.0,17817554.0,0.011814191779634848,0,0
2014,Southern Seaboard,Soybeans,0.85,conventional,8850.0,2833370.0,0.0031234889901424804,0,0
2014,Southern Seaboard,Corn,0.5,conventional,6009.0,1594582.0,0.003768385696063294,0,0
2014,Southern Seaboard,Corn,0.5,certified,0.0,54936.0,0.0,1,0
2014,Southern Seaboard,Soybeans,0.55,conventional,13589.0,159120.0,0.08540095525389643,0,0
2014,Southern Seaboard,Corn,0.6,certified,0.0,35457.0,0.0,1,0
2014,Southern Seaboard,Corn,0.7,certified,0.0,358438.0,0.0,1,0
2014,Southern Seaboard,Corn,0.75,certified,7877.0,525556.0,0.014987936585254474,1,0
2014,Southern Seaboard,Corn,0.8,certified,0.0,280773.0,0.0,1,0
2014,Southern Seaboard,Soybeans,0.55,certified,0.0,9285.0,0.0,1,0
2014,Southern Seaboard,Soybeans,0.65,certified,0.0,4473.0,0.0,1,0
2014,Southern Seaboard,Soybeans,0.65,transitional,0.0,1468.0,0.0,0,1
2014,Southern Seaboard,Soybeans,0.7,certified,4661.0,113837.0,0.04094450837601132,1,0
2014,Southern Seaboard,Soybeans,0.75,certified,0.0,210871.0,0.0,1,0
2014,Southern Seaboard,Soybeans,0.8,certified,0.0,177977.0,0.0,1,0
2014,Southern Seaboard,Corn,0.75,transitional,0.0,50322.0,0.0,0,1
2014,Southern Seaboard,Soybeans,0.8,transitional,5600.0,52705.0,0.10625177876861777,0,1
2014,Southern Seaboard,Soybeans,0.85,certified,3730.0,75455.0,0.04943343714796899,1,0
2014,Northern Crescent,Corn,0.5,conventional,1166806.0,51104341.0,0.022831837318868863,0,0
2014,Northern Crescent,Corn,0.55,conventional,463232.0,9095622.0,0.050929117326995337,0,0
2014,Northern Crescent,Corn,0.6,conventional,1782127.0,24791103.0,0.0718857486897618,0,0
2014,Northern Crescent,Corn,0.65,conventional,5778999.0,56862528.0,0.1016310600893439,0,0
2014,Northern Crescent,Corn,0.7,conventional,37974892.0,319875351.0,0.11871778141479866,0,0
2014,Northern Crescent,Corn,0.7,certified,1199177.0,4184167.0,0.2865987423542129,1,0
2014,Northern Crescent,Corn,0.75,conventional,116246152.0,843599441.0,0.13779780586649298,0,0
2014,Northern Crescent,Corn,0.8,conventional,166047406.0,937266769.0,0.1771613072094312,0,0
2014,Northern Crescent,Corn,0.85,conventional,104689506.0,441353825.0,0.2372008580643886,0,0
2014,Northern Crescent,Wheat,0.5,conventional,261278.0,2585506.0,0.1010548805533617,0,0
2014,Northern Crescent,Wheat,0.55,conventional,0.0,97573.0,0.0,0,0
2014,Northern Crescent,Wheat,0.6,conventional,97677.0,832317.0,0.11735552680048587,0,0
2014,Northern Crescent,Wheat,0.65,conventional,211672.0,2320792.0,0.09120679492173361,0,0
2014,Northern Crescent,Wheat,0.7,conventional,954107.0,7437498.0,0.12828332861400432,0,0
2014,Northern Crescent,Wheat,0.75,conventional,2758655.0,19769643.0,0.13953995021559065,0,0
2014,Northern Crescent,Wheat,0.75,certified,207854.0,790054.0,0.26308834585990326,1,0
2014,Northern Crescent,Wheat,0.8,conventional,743219.0,7421585.0,0.10014289400444784,0,0
2014,Northern Crescent,Corn,0.75,certified,2522283.0,12347613.0,0.204272923033788,1,0
2014,Northern Crescent,Corn,0.8,certified,1434365.0,7585391.0,0.1890957236087105,1,0
2014,Northern Crescent,Corn,0.85,certified,802369.0,1966290.0,0.4080623916105966,1,0
2014,Northern Crescent,Wheat,0.85,conventional,189840.0,1169998.0,0.16225668761826945,0,0
2014,Northern Crescent,Corn,0.55,certified,0.0,254404.0,0.0,1,0
2014,Northern Crescent,Corn,0.75,transitional,12018.0,65097.0,0.18461680261763214,0,1
2014,Northern Crescent,Wheat,0.65,certified,7982.0,54959.0,0.14523553922014593,1,0
2014,Northern Crescent,Wheat,0.65,transitional,0.0,3844.0,0.0,0,1
2014,Northern Crescent,Corn,0.65,certified,203903.0,1672201.0,0.12193689634200673,1,0
2014,Northern Crescent,Wheat,0.8,certified,255063.0,831641.0,0.3066984431984474,1,0
2014,Northern Crescent,Corn,0.5,certified,118344.0,1260310.0,0.09390070696892035,1,0
2014,Northern Crescent,Corn,0.7,transitional,0.0,57235.0,0.0,0,1
2014,Northern Crescent,Corn,0.6,certified,103767.0,299652.0,0.3462916983701093,1,0
2014,Northern Crescent,Wheat,0.7,certified,119412.0,244554.0,0.48828479599597635,1,0
2014,Northern Crescent,Wheat,0.5,certified,4726.0,23488.0,0.2012091280653951,1,0
2014,Northern Crescent,Corn,0.8,transitional,1845.0,90320.0,0.020427369353410097,0,1
2014,Northern Great Plains,Corn,0.6,certified,65678.0,128621.0,0.5106320118798641,1,0
2014,Northern Great Plains,Soybeans,0.5,conventional,117524.0,4837930.0,0.0242922076177208,0,0
2014,Northern Great Plains,Soybeans,0.55,conventional,101768.0,1839455.0,0.05532508270112615,0,0
2014,Northern Great Plains,Soybeans,0.6,conventional,386020.0,10712113.0,0.036035840921394315,0,0
2014,Northern Great Plains,Soybeans,0.65,conventional,2311969.0,44701139.0,0.05172058367461285,0,0
2014,Northern Great Plains,Soybeans,0.7,conventional,13121562.0,285500763.0,0.04595981412491006,0,0
2014,Northern Great Plains,Soybeans,0.7,certified,149837.0,809547.0,0.1850874624944568,1,0
2014,Northern Great Plains,Soybeans,0.75,conventional,33706404.0,629070317.0,0.053581297812212623,0,0
2014,Northern Great Plains,Soybeans,0.8,conventional,17077752.0,290352456.0,0.058817315462969595,0,0
2014,Northern Great Plains,Soybeans,0.85,conventional,1321535.0,9311637.0,0.14192295081949607,0,0
2014,Northern Crescent,Soybeans,0.5,conventional,97350.0,4999658.0,0.019471331839097793,0,0
2014,Northern Crescent,Soybeans,0.65,conventional,740600.0,12350649.0,0.05996446016723494,0,0
2014,Northern Crescent,Soybeans,0.7,conventional,5873646.0,65738888.0,0.08934811918327551,0,0
2014,Northern Crescent,Soybeans,0.7,certified,126734.0,543743.0,0.2330770235203028,1,0
2014,Northern Crescent,Soybeans,0.75,conventional,19960853.0,200671078.0,0.09947050267004595,0,0
2014,Northern Crescent,Soybeans,0.8,conventional,27805330.0,234401651.0,0.11862258598170028,0,0
2014,Northern Crescent,Soybeans,0.85,conventional,19162628.0,128790055.0,0.14878965615784542,0,0
2014,Northern Great Plains,Wheat,0.75,certified,10915.0,176685.0,0.06177660808783994,1,0
2014,Northern Great Plains,Corn,0.85,certified,1571325.0,2476890.0,0.634394341290893,1,0
2014,Northern Great Plains,Soybeans,0.75,certified,128352.0,1002867.0,0.12798506681344585,1,0
2014,Northern Great Plains,Soybeans,0.8,certified,419678.0,869965.0,0.48240791296201574,1,0
2014,Heartland,Wheat,0.8,certified,36079.0,178883.0,0.20169049043229373,1,0
2014,Northern Crescent,Soybeans,0.6,conventional,130966.0,4285269.0,0.03056190871564889,0,0
2014,Heartland,Wheat,0.7,transitional,3021.0,11679.0,0.2586694066272797,0,1
2014,Northern Crescent,Wheat,0.85,certified,0.0,2833.0,0.0,1,0
2014,Northern Crescent,Soybeans,0.8,certified,457841.0,1096191.0,0.4176653521147318,1,0
2014,Northern Crescent,Soybeans,0.85,certified,266764.0,425410.0,0.6270750570038316,1,0
2014,Northern Crescent,Soybeans,0.75,certified,257049.0,1954590.0,0.13151044464568018,1,0
2014,Northern Crescent,Soybeans,0.5,certified,0.0,175712.0,0.0,1,0
2014,Northern Crescent,Soybeans,0.55,conventional,15662.0,1571115.0,0.009968716484789465,0,0
2014,Northern Crescent,Soybeans,0.65,certified,23329.0,289096.0,0.08069637767385228,1,0
2014,Heartland,Corn,0.6,certified,52634.0,154020.0,0.3417348396312167,1,0
2014,Northern Great Plains,Wheat,0.65,certified,8407.0,127418.0,0.0659796888979579,1,0
2014,Northern Great Plains,Wheat,0.65,transitional,0.0,22391.0,0.0,0,1
2014,Heartland,Corn,0.65,transitional,5530.0,61985.0,0.08921513269339357,0,1
2014,Heartland,Soybeans,0.65,transitional,0.0,18499.0,0.0,0,1
2014,Northern Crescent,Corn,0.85,transitional,1784.0,11804.0,0.15113520840393088,0,1
2014,Northern Crescent,Wheat,0.5,transitional,0.0,22402.0,0.0,0,1
2014,Eastern Uplands,Corn,0.5,conventional,0.0,531996.0,0.0,0,0
2014,Eastern Uplands,Corn,0.6,conventional,0.0,266186.0,0.0,0,0
2014,Eastern Uplands,Corn,0.65,conventional,0.0,874921.0,0.0,0,0
2014,Eastern Uplands,Corn,0.8,certified,0.0,318068.0,0.0,1,0
2014,Heartland,Soybeans,0.6,certified,11022.0,34709.0,0.31755452476302976,1,0
2014,Northern Great Plains,Wheat,0.6,certified,0.0,15554.0,0.0,1,0
2014,Northern Great Plains,Soybeans,0.7,transitional,7194.0,80851.0,0.08897849129880891,0,1
2014,Northern Great Plains,Wheat,0.7,transitional,10428.0,20820.0,0.500864553314121,0,1
2014,Northern Great Plains,Soybeans,0.85,certified,0.0,134997.0,0.0,1,0
2014,Prairie Gateway,Corn,0.65,transitional,941.0,941.0,1.0,0,1
2014,Prairie Gateway,Corn,0.75,transitional,11086.0,140412.0,0.0789533658091901,0,1
2014,Prairie Gateway,Corn,0.8,transitional,0.0,15087.0,0.0,0,1
2014,Prairie Gateway,Corn,0.6,certified,0.0,45603.0,0.0,1,0
2014,Prairie Gateway,Corn,0.85,certified,3038607.0,10582271.0,0.2871412950962983,1,0
2014,Prairie Gateway,Soybeans,0.85,certified,0.0,50271.0,0.0,1,0
2014,Northern Crescent,Soybeans,0.6,certified,30338.0,116348.0,0.26075222608037957,1,0
2014,Northern Crescent,Soybeans,0.7,transitional,0.0,62522.0,0.0,0,1
2014,Northern Crescent,Soybeans,0.5,transitional,2898.0,6513.0,0.444956241363427,0,1
2014,Northern Crescent,Soybeans,0.8,transitional,1064.0,2454.0,0.43357783211083945,0,1
2014,Northern Crescent,Soybeans,0.55,certified,0.0,17256.0,0.0,1,0
2014,Southern Seaboard,Wheat,0.65,conventional,4794.0,713697.0,0.006717136263708548,0,0
2014,Southern Seaboard,Wheat,0.7,conventional,131795.0,2286010.0,0.05765285366205747,0,0
2014,Southern Seaboard,Wheat,0.75,conventional,166658.0,3495936.0,0.047671925344171064,0,0
2014,Southern Seaboard,Wheat,0.75,certified,229.0,97290.0,0.0023537876451845,1,0
2014,Southern Seaboard,Wheat,0.6,conventional,26411.0,289866.0,0.09111451498278515,0,0
2014,Southern Seaboard,Wheat,0.7,certified,4949.0,21098.0,0.23457199734571998,1,0
2014,Southern Seaboard,Soybeans,0.6,certified,18784.0,81325.0,0.23097448509068552,1,0
2014,Southern Seaboard,Wheat,0.5,conventional,0.0,212055.0,0.0,0,0
2014,Northern Great Plains,Wheat,0.5,certified,1220.0,86482.0,0.014106981799680859,1,0
2014,Northern Great Plains,Soybeans,0.65,certified,3273.0,99328.0,0.032951433634020616,1,0
2014,Northern Great Plains,Soybeans,0.5,certified,165.0,13669.0,0.012071109810520154,1,0
2014,Northern Great Plains,Soybeans,0.6,certified,2106.0,48489.0,0.04343253108952546,1,0
2014,Eastern Uplands,Corn,0.6,certified,9420.0,20256.0,0.4650473933649289,1,0
2014,Eastern Uplands,Corn,0.85,certified,29409.0,29409.0,1.0,1,0
2014,Eastern Uplands,Soybeans,0.5,conventional,0.0,31493.0,0.0,0,0
2014,Eastern Uplands,Soybeans,0.6,conventional,407.0,136571.0,0.002980134874900235,0,0
2014,Eastern Uplands,Soybeans,0.65,conventional,2128.0,621335.0,0.003424883516943356,0,0
2014,Eastern Uplands,Soybeans,0.7,conventional,6552.0,1003727.0,0.006527671368808451,0,0
2014,Eastern Uplands,Soybeans,0.7,certified,0.0,4238.0,0.0,1,0
2014,Eastern Uplands,Soybeans,0.75,conventional,10159.0,1818721.0,0.00558579353292781,0,0
2014,Basin and Range,Corn,0.5,conventional,0.0,4839989.0,0.0,0,0
2014,Basin and Range,Corn,0.5,certified,0.0,477127.0,0.0,1,0
2014,Fruitful Rim,Corn,0.75,certified,868174.0,1103419.0,0.7868035623820144,1,0
2014,Northern Crescent,Wheat,0.75,transitional,1119.0,14272.0,0.07840526905829596,0,1
2014,Northern Crescent,Corn,0.5,transitional,0.0,10481.0,0.0,0,1
2014,Northern Crescent,Soybeans,0.75,transitional,-1166.0,20131.0,-0.05792061993939695,0,1
2014,Northern Great Plains,Wheat,0.85,certified,6149.0,50048.0,0.12286205242966752,1,0
2014,Northern Great Plains,Soybeans,0.75,transitional,0.0,3630.0,0.0,0,1
2014,Northern Great Plains,Corn,0.5,certified,0.0,31513.0,0.0,1,0
2014,Mississippi Portal,Corn,0.6,conventional,6839.0,124124.0,0.05509812767877284,0,0
2014,Mississippi Portal,Corn,0.6,certified,11812.0,21032.0,0.5616203879802206,1,0
2014,Mississippi Portal,Corn,0.65,conventional,933.0,122894.0,0.007591908473969437,0,0
2014,Mississippi Portal,Corn,0.7,conventional,42955.0,824842.0,0.052076640132292004,0,0
2014,Mississippi Portal,Corn,0.75,conventional,94210.0,2154848.0,0.043720021087334235,0,0
2014,Mississippi Portal,Corn,0.8,conventional,640632.0,3546380.0,0.18064392422695819,0,0
2014,Mississippi Portal,Corn,0.85,conventional,290527.0,1207069.0,0.2406879805545499,0,0
2014,Eastern Uplands,Corn,0.65,certified,0.0,13475.0,0.0,1,0
2014,Prairie Gateway,Wheat,0.5,certified,96583.0,164039.0,0.5887807167807656,1,0
2014,Prairie Gateway,Corn,0.55,certified,0.0,88790.0,0.0,1,0
2014,Fruitful Rim,Corn,0.65,certified,34015.0,45534.0,0.7470242016954364,1,0
2014,Fruitful Rim,Corn,0.8,certified,125662.0,130024.0,0.9664523472589676,1,0
2014,Fruitful Rim,Corn,0.7,certified,164893.0,283504.0,0.5816249506179807,1,0
2014,Basin and Range,Wheat,0.65,transitional,0.0,8021.0,0.0,0,1
2014,Eastern Uplands,Corn,0.7,certified,0.0,103993.0,0.0,1,0
2014,Southern Seaboard,Corn,0.7,transitional,0.0,200045.0,0.0,0,1
2014,Southern Seaboard,Wheat,0.6,certified,0.0,9917.0,0.0,1,0
2014,Southern Seaboard,Soybeans,0.7,transitional,0.0,117754.0,0.0,0,1
2014,Fruitful Rim,Corn,0.5,transitional,0.0,25659.0,0.0,0,1
2014,Northern Crescent,Corn,0.65,transitional,3101.0,10562.0,0.2935996970270782,0,1
2014,Northern Crescent,Soybeans,0.85,transitional,350.0,1808.0,0.19358407079646017,0,1
2015,Southern Seaboard,Soybeans,0.5,conventional,327357.0,4838933.0,0.0676506576966451,0,0
2015,Southern Seaboard,Soybeans,0.6,conventional,1150690.0,5505327.0,0.20901392415019127,0,0
2015,Southern Seaboard,Soybeans,0.65,conventional,1482033.0,9526343.0,0.15557208049300766,0,0
2015,Southern Seaboard,Soybeans,0.7,conventional,5423983.0,32282297.0,0.16801725726022532,0,0
2015,Southern Seaboard,Soybeans,0.75,conventional,7589292.0,43775163.0,0.17336981703529009,0,0
2015,Southern Seaboard,Soybeans,0.75,certified,66113.0,354312.0,0.18659543001648266,1,0
2015,Fruitful Rim,Wheat,0.5,conventional,20153.0,12086086.0,0.001667454625095337,0,0
2015,Fruitful Rim,Wheat,0.5,certified,0.0,198959.0,0.0,1,0
2015,Fruitful Rim,Corn,0.5,conventional,68883.0,12333680.0,0.0055849511256980885,0,0
2015,Fruitful Rim,Corn,0.5,certified,0.0,872660.0,0.0,1,0
2015,Basin and Range,Wheat,0.75,conventional,1953217.0,7595863.0,0.25714221017414346,0,0
2015,Basin and Range,Wheat,0.75,certified,392943.0,1447478.0,0.27146733836369186,1,0
2015,Basin and Range,Wheat,0.75,transitional,0.0,20885.0,0.0,0,1
2015,Basin and Range,Wheat,0.8,conventional,1685826.0,20512840.0,0.08218393942525755,0,0
2015,Basin and Range,Wheat,0.8,certified,141391.0,1452650.0,0.09733314976078201,1,0
2015,Basin and Range,Wheat,0.85,conventional,12435829.0,70875410.0,0.1754604170896507,0,0
2015,Fruitful Rim,Corn,0.75,conventional,1627559.0,12949135.0,0.12568862707817935,0,0
2015,Fruitful Rim,Corn,0.75,certified,638963.0,982407.0,0.6504055854650873,1,0
2015,Fruitful Rim,Corn,0.85,conventional,3968911.0,6066675.0,0.6542152002538458,0,0
2015,Fruitful Rim,Wheat,0.6,certified,0.0,2265.0,0.0,1,0
2015,Fruitful Rim,Wheat,0.75,conventional,841991.0,16572510.0,0.05080648616292885,0,0
2015,Fruitful Rim,Corn,0.6,conventional,110609.0,1626739.0,0.0679943125479871,0,0
2015,Fruitful Rim,Corn,0.7,conventional,1142241.0,12925294.0,0.08837253527850121,0,0
2015,Basin and Range,Wheat,0.5,certified,4982.0,317798.0,0.015676624774227654,1,0
2015,Basin and Range,Wheat,0.5,conventional,10390.0,1110117.0,0.009359373831767282,0,0
2015,Basin and Range,Wheat,0.7,conventional,339731.0,1413428.0,0.24035960798852152,0,0
2015,Fruitful Rim,Corn,0.5,transitional,0.0,16047.0,0.0,0,1
2015,Fruitful Rim,Corn,0.8,conventional,87555.0,892401.0,0.0981117233172083,0,0
2015,Fruitful Rim,Corn,0.85,certified,834220.0,923463.0,0.9033605028030359,1,0
2015,Prairie Gateway,Wheat,0.5,conventional,691568.0,7063868.0,0.09790216917983179,0,0
2015,Prairie Gateway,Wheat,0.55,conventional,184273.0,1685792.0,0.10930945217440823,0,0
2015,Prairie Gateway,Wheat,0.6,conventional,2124982.0,14297692.0,0.1486241275864664,0,0
2015,Prairie Gateway,Wheat,0.65,conventional,4816349.0,30043067.0,0.16031482404908926,0,0
2015,Prairie Gateway,Wheat,0.7,conventional,21904477.0,147158023.0,0.14885003585567333,0,0
2015,Prairie Gateway,Wheat,0.7,certified,29416.0,1525256.0,0.019285942818779274,1,0
2015,Prairie Gateway,Wheat,0.75,conventional,19318510.0,143936362.0,0.13421563343389212,0,0
2015,Prairie Gateway,Wheat,0.8,conventional,5601776.0,52838385.0,0.1060171691470131,0,0
2015,Basin and Range,Wheat,0.65,conventional,58761.0,1413564.0,0.04156939480631935,0,0
2015,Basin and Range,Wheat,0.65,certified,0.0,340243.0,0.0,1,0
2015,Prairie Gateway,Corn,0.6,conventional,705305.0,37113728.0,0.01900388449255219,0,0
2015,Prairie Gateway,Corn,0.65,conventional,2251276.0,98382560.0,0.02288287680255525,0,0
2015,Prairie Gateway,Corn,0.7,conventional,8149511.0,383654096.0,0.02124181934968837,0,0
2015,Prairie Gateway,Corn,0.7,certified,406862.0,3344809.0,0.1216398305553471,1,0
2015,Prairie Gateway,Corn,0.75,conventional,9715507.0,549814354.0,0.01767052265790791,0,0
2015,Prairie Gateway,Corn,0.8,conventional,8598208.0,337666266.0,0.025463627450424676,0,0
2015,Prairie Gateway,Corn,0.85,conventional,10639632.0,142245039.0,0.07479791263581431,0,0
2015,Northern Great Plains,Wheat,0.6,conventional,148720.0,5835997.0,0.025483220776158725,0,0
2015,Northern Great Plains,Wheat,0.65,conventional,1399578.0,33608752.0,0.04164326006511637,0,0
2015,Northern Great Plains,Wheat,0.7,conventional,7757753.0,164568074.0,0.047140085020378864,0,0
2015,Northern Great Plains,Wheat,0.7,certified,87350.0,413847.0,0.21106834168182928,1,0
2015,Northern Great Plains,Wheat,0.75,conventional,10019300.0,241281800.0,0.04152530360764881,0,0
2015,Northern Great Plains,Wheat,0.8,certified,111153.0,332563.0,0.3342314087857038,1,0
2015,Northern Great Plains,Wheat,0.85,conventional,545248.0,3068445.0,0.17769521695842683,0,0
2015,Northern Great Plains,Corn,0.5,conventional,73436.0,13250591.0,0.005542092424405825,0,0
2015,Northern Great Plains,Corn,0.6,conventional,548716.0,11657751.0,0.04706876995399885,0,0
2015,Northern Great Plains,Corn,0.65,conventional,2050120.0,42374111.0,0.048381427990312295,0,0
2015,Northern Great Plains,Corn,0.65,certified,3526.0,155440.0,0.02268399382398353,1,0
2015,Northern Great Plains,Corn,0.7,conventional,11042886.0,278441550.0,0.03965961976580004,0,0
2015,Northern Great Plains,Corn,0.7,certified,383260.0,5120983.0,0.07484109984352613,1,0
2015,Northern Great Plains,Corn,0.75,conventional,44591101.0,749926778.0,0.05946060643269895,0,0
2015,Northern Great Plains,Corn,0.8,conventional,13286205.0,249176815.0,0.05332039018156645,0,0
2015,Northern Great Plains,Corn,0.8,certified,79834.0,1156961.0,0.06900319025446838,1,0
2015,Northern Great Plains,Corn,0.85,conventional,1196367.0,12140887.0,0.09854032905503526,0,0
2015,Basin and Range,Corn,0.5,conventional,22525.0,4610907.0,0.0048851560007608045,0,0
2015,Basin and Range,Corn,0.5,certified,0.0,478507.0,0.0,1,0
2015,Basin and Range,Corn,0.6,conventional,17859.0,274025.0,0.06517288568561262,0,0
2015,Basin and Range,Corn,0.65,conventional,0.0,155206.0,0.0,0,0
2015,Basin and Range,Corn,0.7,conventional,25583.0,1010065.0,0.025328072945800518,0,0
2015,Basin and Range,Wheat,0.7,certified,48685.0,144545.0,0.33681552457712133,1,0
2015,Northern Great Plains,Wheat,0.5,conventional,40185.0,4014929.0,0.010008894304233027,0,0
2015,Northern Great Plains,Wheat,0.55,conventional,2342.0,483760.0,0.004841243591863734,0,0
2015,Northern Great Plains,Wheat,0.6,certified,3616.0,98222.0,0.0368145629288754,1,0
2015,Northern Great Plains,Wheat,0.6,transitional,0.0,17307.0,0.0,0,1
2015,Northern Great Plains,Wheat,0.75,certified,55760.0,475459.0,0.11727614789077502,1,0
2015,Northern Great Plains,Wheat,0.8,conventional,2021138.0,48915792.0,0.041318721773941636,0,0
2015,Northern Great Plains,Corn,0.55,conventional,37096.0,2530946.0,0.014656970160564468,0,0
2015,Northern Great Plains,Corn,0.7,transitional,0.0,40634.0,0.0,0,1
2015,Northern Great Plains,Corn,0.75,certified,367491.0,2263931.0,0.16232429345240645,1,0
2015,Prairie Gateway,Wheat,0.75,certified,74072.0,1972743.0,0.03754771908961279,1,0
2015,Southern Seaboard,Corn,0.5,conventional,60850.0,3539766.0,0.017190401851421816,0,0
2015,Southern Seaboard,Corn,0.6,conventional,107676.0,2426129.0,0.04438181151950288,0,0
2015,Southern Seaboard,Corn,0.65,conventional,249475.0,5503951.0,0.04532652997819203,0,0
2015,Southern Seaboard,Corn,0.7,conventional,1402705.0,17777815.0,0.07890199104895625,0,0
2015,Southern Seaboard,Corn,0.75,conventional,3324676.0,30821098.0,0.10787013493159783,0,0
2015,Southern Seaboard,Corn,0.75,certified,0.0,444467.0,0.0,1,0
2015,Southern Seaboard,Corn,0.8,conventional,690925.0,23754771.0,0.029085736082237964,0,0
2015,Southern Seaboard,Corn,0.5,certified,0.0,76983.0,0.0,1,0
2015,Fruitful Rim,Wheat,0.7,conventional,178130.0,3020655.0,0.058970653715833155,0,0
2015,Fruitful Rim,Wheat,0.75,certified,11215.0,311984.0,0.03594735627468075,1,0
2015,Fruitful Rim,Wheat,0.8,conventional,2829994.0,30979483.0,0.09135058838780492,0,0
2015,Fruitful Rim,Wheat,0.85,conventional,405381.0,6197720.0,0.06540808555404246,0,0
2015,Fruitful Rim,Wheat,0.6,conventional,2726.0,422829.0,0.0064470506989823305,0,0
2015,Fruitful Rim,Wheat,0.8,certified,8148.0,787866.0,0.010341860164038047,1,0
2015,Fruitful Rim,Wheat,0.65,conventional,115851.0,3131183.0,0.036999115030964334,0,0
2015,Fruitful Rim,Wheat,0.75,transitional,29373.0,56986.0,0.5154423893587898,0,1
2015,Fruitful Rim,Wheat,0.65,certified,0.0,95374.0,0.0,1,0
2015,Fruitful Rim,Wheat,0.85,certified,263034.0,575393.0,0.4571379909036085,1,0
2015,Basin and Range,Wheat,0.85,certified,0.0,13938.0,0.0,1,0
2015,Fruitful Rim,Wheat,0.7,certified,0.0,34765.0,0.0,1,0
2015,Fruitful Rim,Corn,0.55,conventional,230.0,311628.0,0.0007380594811762743,0,0
2015,Fruitful Rim,Corn,0.65,conventional,623905.0,3171778.0,0.19670512879526877,0,0
2015,Heartland,Corn,0.5,conventional,795520.0,41634095.0,0.019107416649743438,0,0
2015,Heartland,Corn,0.6,conventional,919294.0,45372308.0,0.02026112491346043,0,0
2015,Heartland,Corn,0.65,conventional,2369521.0,152288218.0,0.015559450567607273,0,0
2015,Heartland,Corn,0.7,conventional,11494180.0,592638947.0,0.01939491162061612,0,0
2015,Heartland,Corn,0.75,conventional,47735180.0,2079279801.0,0.02295755481154698,0,0
2015,Heartland,Corn,0.8,conventional,137598923.0,5079859116.0,0.02708715337529845,0,0
2015,Heartland,Corn,0.85,conventional,224502674.0,6945991063.0,0.0323211867052182,0,0
2015,Heartland,Corn,0.85,transitional,169829.0,1693048.0,0.10030961910117138,0,1
2015,Heartland,Corn,0.75,certified,1266165.0,9062338.0,0.1397172561870899,1,0
2015,Heartland,Corn,0.85,certified,2935184.0,17242593.0,0.17022868892167206,1,0
2015,Heartland,Corn,0.55,conventional,184876.0,5764089.0,0.032073758750081754,0,0
2015,Heartland,Wheat,0.65,conventional,392263.0,2445135.0,0.16042590695401276,0,0
2015,Heartland,Wheat,0.7,conventional,1744056.0,9736180.0,0.17913144580317947,0,0
2015,Heartland,Wheat,0.75,conventional,4186653.0,33224177.0,0.126012241025564,0,0
2015,Heartland,Wheat,0.75,certified,157153.0,615054.0,0.2555108982300741,1,0
2015,Heartland,Corn,0.7,transitional,1299.0,199257.0,0.006519218898206838,0,1
2015,Heartland,Corn,0.8,certified,2456202.0,17359109.0,0.1414935524628597,1,0
2015,Heartland,Corn,0.75,transitional,40571.0,282767.0,0.14347855301361193,0,1
2015,Heartland,Wheat,0.5,conventional,120859.0,752424.0,0.1606261894889052,0,0
2015,Heartland,Wheat,0.65,certified,142602.0,232417.0,0.6135609701527858,1,0
2015,Heartland,Corn,0.5,certified,1735.0,518241.0,0.003347863252810951,1,0
2015,Heartland,Wheat,0.6,conventional,60047.0,615224.0,0.09760184908261056,0,0
2015,Heartland,Corn,0.8,transitional,95880.0,922694.0,0.10391310662039636,0,1
2015,Heartland,Wheat,0.5,certified,10260.0,44326.0,0.23146685917971394,1,0
2015,Heartland,Wheat,0.5,transitional,0.0,16517.0,0.0,0,1
2015,Heartland,Corn,0.65,certified,113757.0,974472.0,0.11673706376376129,1,0
2015,Heartland,Wheat,0.7,transitional,12676.0,53442.0,0.2371917218666966,0,1
2015,Heartland,Corn,0.7,certified,286912.0,3913832.0,0.07330718334358756,1,0
2015,Heartland,Wheat,0.55,conventional,77495.0,234292.0,0.330762467348437,0,0
2015,Heartland,Wheat,0.75,transitional,11144.0,28546.0,0.39038744482589505,0,1
2015,Heartland,Wheat,0.8,conventional,1345581.0,13880747.0,0.09693865899292019,0,0
2015,Heartland,Soybeans,0.55,conventional,201548.0,2175448.0,0.0926466640434522,0,0
2015,Heartland,Soybeans,0.65,conventional,3722932.0,77721536.0,0.04790090612722837,0,0
2015,Heartland,Soybeans,0.7,conventional,14540146.0,280862981.0,0.05176953526673563,0,0
2015,Heartland,Soybeans,0.7,certified,213460.0,1271269.0,0.16791096140942632,1,0
2015,Heartland,Soybeans,0.75,conventional,39231518.0,941958991.0,0.04164885984935622,0,0
2015,Heartland,Soybeans,0.8,conventional,46398218.0,1866889106.0,0.024853226606165648,0,0
2015,Heartland,Soybeans,0.85,conventional,24437235.0,2031590676.0,0.012028621359945639,0,0
2015,Heartland,Soybeans,0.8,certified,569983.0,5822482.0,0.09789347566896729,1,0
2015,Heartland,Soybeans,0.8,transitional,34097.0,416864.0,0.08179406233207953,0,1
2015,Heartland,Soybeans,0.75,certified,328642.0,2236517.0,0.14694366284718605,1,0
2015,Heartland,Soybeans,0.85,certified,431808.0,3633058.0,0.11885524536079523,1,0
2015,Heartland,Soybeans,0.5,conventional,805505.0,14407597.0,0.05590835168418439,0,0
2015,Heartland,Soybeans,0.6,conventional,1110794.0,15744646.0,0.070550585894405,0,0
2015,Heartland,Corn,0.55,certified,9959.0,54764.0,0.18185304214447448,1,0
2015,Heartland,Soybeans,0.55,certified,1984.0,18509.0,0.10719109622345886,1,0
2015,Heartland,Soybeans,0.85,transitional,2202.0,244048.0,0.009022815183898249,0,1
2015,Heartland,Soybeans,0.5,certified,6349.0,85567.0,0.07419916556616453,1,0
2015,Heartland,Soybeans,0.5,transitional,0.0,4547.0,0.0,0,1
2015,Heartland,Soybeans,0.75,transitional,-5575.0,73855.0,-0.07548574910297204,0,1
2015,Heartland,Soybeans,0.65,certified,25862.0,350556.0,0.07377423293282671,1,0
2015,Heartland,Wheat,0.8,certified,16636.0,152736.0,0.108919966478106,1,0
2015,Heartland,Wheat,0.7,certified,16407.0,88565.0,0.18525376841867555,1,0
2015,Prairie Gateway,Soybeans,0.5,conventional,25075.0,860237.0,0.029148943837570343,0,0
2015,Prairie Gateway,Soybeans,0.6,conventional,47731.0,2233076.0,0.021374552411113638,0,0
2015,Prairie Gateway,Soybeans,0.65,conventional,268931.0,17074334.0,0.01575059970128264,0,0
2015,Prairie Gateway,Soybeans,0.65,certified,16045.0,124450.0,0.12892728003214143,1,0
2015,Prairie Gateway,Soybeans,0.65,transitional,0.0,10843.0,0.0,0,1
2015,Prairie Gateway,Soybeans,0.7,conventional,2335927.0,83862809.0,0.02785414688410926,0,0
2015,Prairie Gateway,Soybeans,0.75,conventional,5596522.0,145610818.0,0.03843479541471981,0,0
2015,Prairie Gateway,Soybeans,0.8,conventional,5484110.0,86699522.0,0.06325421263568212,0,0
2015,Prairie Gateway,Wheat,0.8,certified,22640.0,24918.0,0.908580142868609,1,0
2015,Prairie Gateway,Corn,0.5,conventional,776790.0,35631565.0,0.02180061414647378,0,0
2015,Prairie Gateway,Corn,0.55,conventional,48560.0,3840967.0,0.012642649624430515,0,0
2015,Prairie Gateway,Corn,0.65,certified,49154.0,568461.0,0.08646855281189035,1,0
2015,Prairie Gateway,Corn,0.75,certified,536600.0,5474794.0,0.09801282020839505,1,0
2015,Prairie Gateway,Corn,0.8,certified,76407.0,9988652.0,0.007649380517010704,1,0
2015,Prairie Gateway,Soybeans,0.55,conventional,233.0,413792.0,0.000563084834892893,0,0
2015,Prairie Gateway,Soybeans,0.8,certified,11058.0,46699.0,0.2367930790809225,1,0
2015,Prairie Gateway,Soybeans,0.85,conventional,991573.0,22275393.0,0.04451427635867075,0,0
2015,Prairie Gateway,Wheat,0.85,conventional,1125795.0,5695450.0,0.19766568049934596,0,0
2015,Prairie Gateway,Soybeans,0.6,certified,612.0,2999.0,0.20406802267422475,1,0
2015,Prairie Gateway,Soybeans,0.7,certified,19085.0,274022.0,0.06964769252103846,1,0
2015,Prairie Gateway,Wheat,0.7,transitional,4059.0,72297.0,0.05614340844018424,0,1
2015,Prairie Gateway,Soybeans,0.75,certified,31210.0,727225.0,0.04291656639966998,1,0
2015,Prairie Gateway,Soybeans,0.5,certified,0.0,7920.0,0.0,1,0
2015,Eastern Uplands,Corn,0.7,conventional,328748.0,6796771.0,0.04836826192908368,0,0
2015,Eastern Uplands,Corn,0.75,conventional,947626.0,13165737.0,0.07197667703676597,0,0
2015,Eastern Uplands,Corn,0.75,certified,79142.0,157164.0,0.503563156957064,1,0
2015,Eastern Uplands,Corn,0.8,conventional,999845.0,17401379.0,0.05745780262587235,0,0
2015,Eastern Uplands,Corn,0.85,conventional,169762.0,1771487.0,0.09583022624495692,0,0
2015,Heartland,Wheat,0.85,conventional,675419.0,4755635.0,0.14202498719939607,0,0
2015,Mississippi Portal,Corn,0.5,conventional,5188.0,11221.0,0.46234738436859457,0,0
2015,Mississippi Portal,Corn,0.55,conventional,0.0,24480.0,0.0,0,0
2015,Mississippi Portal,Corn,0.65,conventional,15373.0,119736.0,0.12839079307810516,0,0
2015,Mississippi Portal,Corn,0.75,conventional,0.0,954706.0,0.0,0,0
2015,Mississippi Portal,Corn,0.75,certified,0.0,79667.0,0.0,1,0
2015,Northern Crescent,Wheat,0.7,conventional,314461.0,9764175.0,0.03220558828574867,0,0
2015,Northern Crescent,Wheat,0.7,certified,16034.0,398000.0,0.04028643216080402,1,0
2015,Northern Crescent,Wheat,0.75,conventional,992621.0,19567250.0,0.05072869207476779,0,0
2015,Southern Seaboard,Corn,0.55,conventional,0.0,543426.0,0.0,0,0
2015,Southern Seaboard,Corn,0.85,conventional,25231.0,1928722.0,0.013081719397611475,0,0
2015,Southern Seaboard,Corn,0.85,certified,19662.0,63288.0,0.3106750094804702,1,0
2015,Southern Seaboard,Soybeans,0.55,conventional,10524.0,196246.0,0.053626570732651875,0,0
2015,Southern Seaboard,Soybeans,0.8,conventional,1663119.0,20472884.0,0.08123520848357271,0,0
2015,Southern Seaboard,Soybeans,0.85,conventional,418723.0,2444156.0,0.17131598801385836,0,0
2015,Southern Seaboard,Soybeans,0.85,certified,7176.0,16590.0,0.4325497287522604,1,0
2015,Southern Seaboard,Corn,0.85,transitional,0.0,9832.0,0.0,0,1
2015,Southern Seaboard,Soybeans,0.5,certified,14066.0,54077.0,0.2601105830574921,1,0
2015,Southern Seaboard,Wheat,0.6,conventional,150609.0,629478.0,0.23926014888526684,0,0
2015,Southern Seaboard,Wheat,0.65,conventional,53148.0,2124092.0,0.025021515075618193,0,0
2015,Southern Seaboard,Wheat,0.7,conventional,336180.0,3928071.0,0.08558399275369513,0,0
2015,Southern Seaboard,Wheat,0.75,conventional,437101.0,4914924.0,0.08893341992673742,0,0
2015,Southern Seaboard,Wheat,0.75,certified,454.0,135972.0,0.0033389227193834025,1,0
2015,Southern Seaboard,Wheat,0.8,conventional,0.0,204781.0,0.0,0,0
2015,Southern Seaboard,Corn,0.6,certified,30361.0,121448.0,0.24999176602331863,1,0
2015,Southern Seaboard,Corn,0.65,certified,0.0,8566.0,0.0,1,0
2015,Southern Seaboard,Corn,0.7,certified,0.0,501215.0,0.0,1,0
2015,Southern Seaboard,Corn,0.75,transitional,0.0,13081.0,0.0,0,1
2015,Southern Seaboard,Corn,0.8,certified,0.0,264788.0,0.0,1,0
2015,Southern Seaboard,Soybeans,0.55,certified,6753.0,6753.0,1.0,1,0
2015,Southern Seaboard,Soybeans,0.7,certified,4061.0,288157.0,0.014093011795653063,1,0
2015,Southern Seaboard,Soybeans,0.8,certified,0.0,191943.0,0.0,1,0
2015,Southern Seaboard,Corn,0.8,transitional,0.0,47768.0,0.0,0,1
2015,Southern Seaboard,Soybeans,0.8,transitional,2736.0,60579.0,0.045164165800029715,0,1
2015,Southern Seaboard,Soybeans,0.85,transitional,1278.0,6591.0,0.1939007737824306,0,1
2015,Northern Crescent,Corn,0.5,conventional,717901.0,51242425.0,0.01400989512108375,0,0
2015,Northern Crescent,Corn,0.55,conventional,111178.0,6811752.0,0.016321498492605134,0,0
2015,Northern Crescent,Corn,0.65,conventional,1055238.0,54795513.0,0.019257744698913577,0,0
2015,Northern Crescent,Corn,0.7,conventional,5800190.0,299822232.0,0.019345429994664307,0,0
2015,Northern Crescent,Corn,0.7,certified,617631.0,3128449.0,0.19742402704982565,1,0
2015,Northern Crescent,Corn,0.75,conventional,14736841.0,809644541.0,0.01820161843097019,0,0
2015,Northern Crescent,Corn,0.8,conventional,15584529.0,944873747.0,0.016493768664312354,0,0
2015,Northern Crescent,Corn,0.8,certified,1399546.0,6554231.0,0.2135332123631285,1,0
2015,Northern Crescent,Corn,0.85,conventional,9526808.0,453813565.0,0.020992779270491837,0,0
2015,Northern Crescent,Wheat,0.55,conventional,543.0,136297.0,0.003983946822013691,0,0
2015,Northern Crescent,Wheat,0.6,conventional,46038.0,703160.0,0.0654730075658456,0,0
2015,Northern Crescent,Wheat,0.65,conventional,85192.0,2649475.0,0.03215429471876504,0,0
2015,Northern Crescent,Wheat,0.65,certified,10390.0,53103.0,0.19565749581002956,1,0
2015,Northern Crescent,Wheat,0.8,conventional,275958.0,5832245.0,0.04731591351186378,0,0
2015,Northern Crescent,Wheat,0.8,certified,52915.0,1152085.0,0.04592977080684151,1,0
2015,Northern Crescent,Wheat,0.85,conventional,107076.0,1715614.0,0.0624126406056374,0,0
2015,Northern Crescent,Corn,0.6,conventional,414407.0,27409037.0,0.015119356437075845,0,0
2015,Northern Crescent,Corn,0.65,certified,136789.0,1609088.0,0.0850102666852279,1,0
2015,Northern Crescent,Corn,0.75,certified,1548570.0,15727708.0,0.09846126339578533,1,0
2015,Northern Crescent,Wheat,0.5,conventional,13187.0,1441731.0,0.009146643860747948,0,0
2015,Northern Crescent,Wheat,0.75,certified,78746.0,393797.0,0.1999659723156855,1,0
2015,Northern Crescent,Corn,0.85,certified,441291.0,1933423.0,0.22824337974669795,1,0
2015,Northern Crescent,Corn,0.5,certified,126477.0,1108067.0,0.1141420148781617,1,0
2015,Northern Crescent,Corn,0.6,certified,55426.0,885850.0,0.06256815487949427,1,0
2015,Northern Crescent,Corn,0.8,transitional,6484.0,48015.0,0.1350411329792773,0,1
2015,Northern Crescent,Corn,0.7,transitional,5279.0,157349.0,0.03354962535510235,0,1
2015,Northern Crescent,Corn,0.5,transitional,648.0,10846.0,0.05974552830536603,0,1
2015,Northern Crescent,Corn,0.55,transitional,0.0,12175.0,0.0,0,1
2015,Northern Crescent,Corn,0.65,transitional,0.0,5125.0,0.0,0,1
2015,Northern Crescent,Corn,0.85,transitional,12432.0,110822.0,0.11217989207919005,0,1
2015,Northern Crescent,Wheat,0.8,transitional,772.0,55245.0,0.013974115304552448,0,1
2015,Northern Crescent,Corn,0.75,transitional,17639.0,78368.0,0.22507911392405064,0,1
2015,Northern Great Plains,Soybeans,0.5,conventional,1595.0,2616027.0,0.0006097031873141982,0,0
2015,Northern Great Plains,Soybeans,0.55,conventional,0.0,738401.0,0.0,0,0
2015,Northern Great Plains,Soybeans,0.6,conventional,8513.0,4831791.0,0.0017618725644383212,0,0
2015,Northern Great Plains,Soybeans,0.65,conventional,740618.0,26850332.0,0.027583197109071127,0,0
2015,Northern Great Plains,Soybeans,0.7,conventional,10147988.0,237660620.0,0.04269949308387734,0,0
2015,Northern Great Plains,Soybeans,0.7,certified,130501.0,716364.0,0.18217135422773897,1,0
2015,Northern Great Plains,Soybeans,0.75,conventional,26641827.0,621697678.0,0.042853348086656355,0,0
2015,Northern Great Plains,Soybeans,0.8,conventional,12757081.0,251776987.0,0.050668177230987356,0,0
2015,Northern Great Plains,Soybeans,0.85,conventional,798817.0,10611830.0,0.07527608338995254,0,0
2015,Heartland,Wheat,0.85,certified,33251.0,166732.0,0.1994278242928772,1,0
2015,Northern Crescent,Soybeans,0.5,conventional,53651.0,3911450.0,0.01371639673266947,0,0
2015,Northern Crescent,Soybeans,0.5,certified,6918.0,123381.0,0.056070221508984365,1,0
2015,Northern Crescent,Soybeans,0.65,conventional,227560.0,9216867.0,0.02468951759855057,0,0
2015,Northern Crescent,Soybeans,0.7,conventional,1214713.0,57062699.0,0.021287338686871438,0,0
2015,Northern Crescent,Soybeans,0.75,conventional,3227164.0,181201890.0,0.017809770085731445,0,0
2015,Northern Crescent,Soybeans,0.8,conventional,3737698.0,211339064.0,0.01768578855823834,0,0
2015,Northern Crescent,Soybeans,0.85,conventional,2922893.0,129269366.0,0.0226108713181126,0,0
2015,Northern Great Plains,Soybeans,0.75,certified,213298.0,919476.0,0.23197777864783856,1,0
2015,Northern Great Plains,Soybeans,0.85,certified,0.0,215003.0,0.0,1,0
2015,Northern Crescent,Wheat,0.85,certified,3140.0,13744.0,0.22846332945285217,1,0
2015,Northern Crescent,Soybeans,0.55,conventional,0.0,1439638.0,0.0,0,0
2015,Northern Crescent,Soybeans,0.6,conventional,133604.0,3975821.0,0.03360412855608942,0,0
2015,Northern Crescent,Soybeans,0.85,certified,112980.0,607581.0,0.18595051523994333,1,0
2015,Heartland,Soybeans,0.65,transitional,0.0,13553.0,0.0,0,1
2015,Northern Crescent,Soybeans,0.85,transitional,0.0,27882.0,0.0,0,1
2015,Northern Crescent,Soybeans,0.75,transitional,8446.0,69521.0,0.12148847110944894,0,1
2015,Northern Great Plains,Soybeans,0.8,certified,23782.0,439768.0,0.054078514125629876,1,0
2015,Northern Great Plains,Wheat,0.85,certified,53894.0,99472.0,0.5418007077368505,1,0
2015,Northern Crescent,Wheat,0.6,certified,3651.0,32309.0,0.113002568943638,1,0
2015,Northern Crescent,Soybeans,0.8,certified,146000.0,858650.0,0.17003435625691493,1,0
2015,Northern Crescent,Soybeans,0.65,certified,23047.0,263663.0,0.08741082366505729,1,0
2015,Northern Crescent,Soybeans,0.75,certified,289669.0,1966119.0,0.14733034979062815,1,0
2015,Heartland,Soybeans,0.6,certified,22861.0,41297.0,0.5535753202411797,1,0
2015,Heartland,Wheat,0.8,transitional,9111.0,35170.0,0.25905601364799546,0,1
2015,Heartland,Corn,0.6,certified,21696.0,123966.0,0.1750157301195489,1,0
2015,Northern Great Plains,Wheat,0.65,certified,9691.0,44742.0,0.21659738053730276,1,0
2015,Northern Great Plains,Wheat,0.65,transitional,0.0,20938.0,0.0,0,1
2015,Northern Great Plains,Wheat,0.7,transitional,0.0,7876.0,0.0,0,1
2015,Northern Great Plains,Corn,0.5,certified,0.0,51202.0,0.0,1,0
2015,Northern Great Plains,Corn,0.6,certified,36677.0,256275.0,0.14311579358111404,1,0
2015,Northern Great Plains,Soybeans,0.65,certified,24535.0,128069.0,0.19157641583833715,1,0
2015,Northern Crescent,Soybeans,0.7,certified,28295.0,611495.0,0.04627184196109535,1,0
2015,Northern Crescent,Soybeans,0.8,transitional,0.0,34958.0,0.0,0,1
2015,Heartland,Corn,0.5,transitional,0.0,6610.0,0.0,0,1
2015,Eastern Uplands,Wheat,0.5,conventional,16128.0,215082.0,0.07498535442296426,0,0
2015,Eastern Uplands,Wheat,0.6,conventional,8098.0,44716.0,0.18109848823687272,0,0
2015,Eastern Uplands,Wheat,0.65,conventional,121621.0,442554.0,0.2748161806242854,0,0
2015,Eastern Uplands,Wheat,0.7,conventional,649083.0,1754888.0,0.36987146758083705,0,0
2015,Eastern Uplands,Wheat,0.7,certified,0.0,32529.0,0.0,1,0
2015,Eastern Uplands,Wheat,0.75,conventional,1286094.0,4890472.0,0.26297952426677834,0,0
2015,Eastern Uplands,Wheat,0.8,conventional,397311.0,1359066.0,0.2923412108021244,0,0
2015,Eastern Uplands,Wheat,0.85,conventional,89059.0,96826.0,0.9197839423295396,0,0
2015,Eastern Uplands,Corn,0.5,conventional,11786.0,591052.0,0.01994071587609889,0,0
2015,Eastern Uplands,Corn,0.6,conventional,0.0,240579.0,0.0,0,0
2015,Eastern Uplands,Corn,0.65,conventional,35888.0,660060.0,0.054370814774414446,0,0
2015,Prairie Gateway,Corn,0.5,certified,95573.0,2103959.0,0.04542531484691479,1,0
2015,Prairie Gateway,Corn,0.75,transitional,0.0,193172.0,0.0,0,1
2015,Prairie Gateway,Corn,0.85,certified,235221.0,2557873.0,0.09195960862794986,1,0
2015,Prairie Gateway,Soybeans,0.75,transitional,0.0,139213.0,0.0,0,1
2015,Prairie Gateway,Soybeans,0.85,certified,7658.0,646989.0,0.011836368160818808,1,0
2015,Heartland,Soybeans,0.7,transitional,0.0,13747.0,0.0,0,1
2015,Northern Great Plains,Corn,0.85,certified,722784.0,758955.0,0.9523410478882147,1,0
2015,Prairie Gateway,Wheat,0.6,certified,0.0,49433.0,0.0,1,0
2015,Prairie Gateway,Corn,0.65,transitional,15949.0,17363.0,0.918562460404308,0,1
2015,Prairie Gateway,Corn,0.8,transitional,0.0,134533.0,0.0,0,1
2015,Prairie Gateway,Wheat,0.65,certified,87459.0,159628.0,0.5478926002956874,1,0
2015,Prairie Gateway,Corn,0.6,certified,0.0,129930.0,0.0,1,0
2015,Prairie Gateway,Corn,0.6,transitional,0.0,3034.0,0.0,0,1
2015,Prairie Gateway,Soybeans,0.8,transitional,0.0,3238.0,0.0,0,1
2015,Northern Crescent,Wheat,0.75,transitional,4441.0,7941.0,0.5592494648029216,0,1
2015,Northern Crescent,Soybeans,0.6,certified,5868.0,318858.0,0.018403176335547486,1,0
2015,Northern Crescent,Corn,0.55,certified,0.0,57484.0,0.0,1,0
2015,Northern Crescent,Corn,0.6,transitional,760.0,4011.0,0.18947893293443033,0,1
2015,Northern Crescent,Soybeans,0.5,transitional,6361.0,11863.0,0.5362050071651353,0,1
2015,Northern Crescent,Soybeans,0.7,transitional,-120.0,25812.0,-0.004649000464900047,0,1
2015,Northern Crescent,Soybeans,0.55,certified,0.0,6110.0,0.0,1,0
2015,Southern Seaboard,Soybeans,0.7,transitional,12178.0,25026.0,0.48661392152161753,0,1
2015,Southern Seaboard,Soybeans,0.6,certified,28666.0,90699.0,0.3160564063550866,1,0
2015,Southern Seaboard,Wheat,0.5,conventional,17357.0,350688.0,0.04949413723879916,0,0
2015,Southern Seaboard,Soybeans,0.75,transitional,2496.0,3886.0,0.6423057128152342,0,1
2015,Southern Seaboard,Wheat,0.7,certified,0.0,56625.0,0.0,1,0
2015,Southern Seaboard,Soybeans,0.65,certified,80486.0,93911.0,0.8570455005270948,1,0
2015,Southern Seaboard,Wheat,0.55,conventional,0.0,23095.0,0.0,0,0
2015,Southern Seaboard,Wheat,0.65,certified,8867.0,49349.0,0.17967942612818902,1,0
2015,Southern Seaboard,Wheat,0.6,certified,0.0,11160.0,0.0,1,0
2015,Southern Seaboard,Soybeans,0.65,transitional,8210.0,10400.0,0.7894230769230769,0,1
2015,Southern Seaboard,Soybeans,0.6,transitional,356.0,394.0,0.9035532994923858,0,1
2015,Southern Seaboard,Wheat,0.5,certified,0.0,2065.0,0.0,1,0
2015,Northern Great Plains,Wheat,0.5,certified,69.0,44264.0,0.0015588288451111514,1,0
2015,Northern Great Plains,Wheat,0.75,transitional,0.0,17317.0,0.0,0,1
2015,Northern Great Plains,Soybeans,0.75,transitional,3152.0,47049.0,0.06699398499436758,0,1
2015,Northern Great Plains,Corn,0.65,transitional,0.0,23366.0,0.0,0,1
2015,Northern Great Plains,Corn,0.5,transitional,0.0,325.0,0.0,0,1
2015,Northern Great Plains,Soybeans,0.5,certified,0.0,23728.0,0.0,1,0
2015,Heartland,Corn,0.65,transitional,1569.0,2357.0,0.6656767076792532,0,1
2015,Eastern Uplands,Corn,0.6,certified,597.0,18425.0,0.032401628222523744,1,0
2015,Eastern Uplands,Corn,0.55,conventional,3171.0,103762.0,0.030560320733987394,0,0
2015,Eastern Uplands,Corn,0.85,certified,42060.0,44964.0,0.9354149986655992,1,0
2015,Eastern Uplands,Soybeans,0.5,conventional,4496.0,64804.0,0.06937843343003518,0,0
2015,Eastern Uplands,Soybeans,0.6,conventional,1412.0,83054.0,0.017000987309461313,0,0
2015,Eastern Uplands,Soybeans,0.65,conventional,34505.0,447015.0,0.07718980347415635,0,0
2015,Eastern Uplands,Soybeans,0.7,conventional,90764.0,917152.0,0.09896287638254074,0,0
2015,Eastern Uplands,Soybeans,0.7,certified,0.0,4614.0,0.0,1,0
2015,Eastern Uplands,Soybeans,0.75,conventional,69297.0,2314076.0,0.029945861760806474,0,0
2015,Southern Seaboard,Corn,0.65,transitional,0.0,5619.0,0.0,0,1
2015,Northern Great Plains,Soybeans,0.6,certified,0.0,26267.0,0.0,1,0
2015,Eastern Uplands,Corn,0.5,certified,761.0,10336.0,0.07362616099071208,1,0
2015,Mississippi Portal,Corn,0.6,conventional,0.0,168084.0,0.0,0,0
2015,Mississippi Portal,Corn,0.6,certified,1481.0,15604.0,0.0949115611381697,1,0
2015,Mississippi Portal,Corn,0.7,conventional,1307.0,459354.0,0.002845300138890703,0,0
2015,Mississippi Portal,Corn,0.8,conventional,12517.0,4232451.0,0.002957388047729318,0,0
2015,Eastern Uplands,Corn,0.65,certified,0.0,8059.0,0.0,1,0
2015,Prairie Gateway,Wheat,0.5,certified,30882.0,282240.0,0.10941751700680272,1,0
2015,Prairie Gateway,Corn,0.55,certified,0.0,75733.0,0.0,1,0
2015,Prairie Gateway,Corn,0.5,transitional,0.0,40517.0,0.0,0,1
2015,Prairie Gateway,Wheat,0.6,transitional,0.0,2329.0,0.0,0,1
2015,Prairie Gateway,Wheat,0.75,transitional,0.0,286340.0,0.0,0,1
2015,Fruitful Rim,Corn,0.7,certified,987055.0,1022892.0,0.9649650207451032,1,0
2015,Prairie Gateway,Wheat,0.5,transitional,0.0,5040.0,0.0,0,1
2015,Fruitful Rim,Corn,0.8,certified,267129.0,267129.0,1.0,1,0
2015,Fruitful Rim,Corn,0.65,certified,22078.0,22078.0,1.0,1,0
2015,Fruitful Rim,Corn,0.75,transitional,16674.0,16469.0,1.012447628878499,0,1
2015,Basin and Range,Wheat,0.6,conventional,0.0,351627.0,0.0,0,0
2015,Eastern Uplands,Corn,0.7,certified,0.0,85607.0,0.0,1,0
2015,Basin and Range,Corn,0.75,certified,0.0,28467.0,0.0,1,0
2015,Basin and Range,Corn,0.85,conventional,0.0,193342.0,0.0,0,0
2015,Northern Crescent,Wheat,0.55,certified,7286.0,14984.0,0.4862520021356113,1,0
2016,Southern Seaboard,Soybeans,0.5,conventional,115185.0,4362279.0,0.02640477603564559,0,0
2016,Southern Seaboard,Soybeans,0.6,conventional,435535.0,5066898.0,0.08595693065066634,0,0
2016,Southern Seaboard,Soybeans,0.65,conventional,706092.0,12563909.0,0.05620002500814038,0,0
2016,Southern Seaboard,Soybeans,0.7,conventional,2350623.0,34860319.0,0.06742976161520496,0,0
2016,Southern Seaboard,Soybeans,0.75,conventional,5627401.0,63099451.0,0.08918304217892482,0,0
2016,Southern Seaboard,Soybeans,0.75,certified,85209.0,480591.0,0.17730044882238744,1,0
2016,Southern Seaboard,Soybeans,0.85,conventional,189605.0,4151042.0,0.04567648315772281,0,0
2016,Fruitful Rim,Wheat,0.5,conventional,36925.0,10063100.0,0.0036693464240641553,0,0
2016,Fruitful Rim,Wheat,0.7,conventional,81430.0,4602070.0,0.01769421151786044,0,0
2016,Fruitful Rim,Wheat,0.75,conventional,788801.0,27240733.0,0.028956673082181746,0,0
2016,Fruitful Rim,Wheat,0.8,conventional,2578781.0,63486463.0,0.040619383694442075,0,0
2016,Fruitful Rim,Wheat,0.8,certified,50627.0,1642171.0,0.03082931071124749,1,0
2016,Fruitful Rim,Wheat,0.85,conventional,2061074.0,27642226.0,0.0745625189519831,0,0
2016,Mississippi Portal,Wheat,0.5,conventional,93666.0,175712.0,0.5330654707703515,0,0
2016,Mississippi Portal,Wheat,0.6,conventional,126705.0,304021.0,0.4167639735413014,0,0
2016,Mississippi Portal,Wheat,0.65,conventional,218532.0,474984.0,0.4600828659491688,0,0
2016,Mississippi Portal,Wheat,0.7,conventional,613848.0,1337782.0,0.45885503019176516,0,0
2016,Mississippi Portal,Wheat,0.75,conventional,2738604.0,4993684.0,0.5484135560039441,0,0
2016,Mississippi Portal,Wheat,0.8,conventional,541352.0,758709.0,0.7135173037356879,0,0
2016,Mississippi Portal,Wheat,0.85,certified,597735.0,728464.0,0.8205415778954073,1,0
2016,Mississippi Portal,Wheat,0.55,conventional,8516.0,8516.0,1.0,0,0
2016,Mississippi Portal,Wheat,0.85,conventional,322221.0,792178.0,0.4067532801971274,0,0
2016,Mississippi Portal,Corn,0.5,conventional,41574.0,3796405.0,0.010950886430715375,0,0
2016,Mississippi Portal,Corn,0.5,certified,2038.0,153682.0,0.013261149646673,1,0
2016,Mississippi Portal,Corn,0.55,conventional,11978.0,49744.0,0.24079285944033452,0,0
2016,Mississippi Portal,Corn,0.6,conventional,12451.0,1193576.0,0.010431677580648405,0,0
2016,Mississippi Portal,Corn,0.65,conventional,75953.0,4256436.0,0.01784427159247784,0,0
2016,Mississippi Portal,Corn,0.7,conventional,267618.0,4132313.0,0.06476227720407433,0,0
2016,Fruitful Rim,Wheat,0.5,certified,9545.0,638971.0,0.01493808013196217,1,0
2016,Fruitful Rim,Wheat,0.75,certified,52397.0,478509.0,0.10950055275867329,1,0
2016,Fruitful Rim,Corn,0.5,certified,0.0,2286261.0,0.0,1,0
2016,Fruitful Rim,Corn,0.65,conventional,161922.0,8016624.0,0.020198277978360966,0,0
2016,Fruitful Rim,Corn,0.75,conventional,2240364.0,35450081.0,0.06319771173442452,0,0
2016,Fruitful Rim,Corn,0.85,conventional,225152.0,2796201.0,0.08052067787687651,0,0
2016,Fruitful Rim,Corn,0.5,conventional,9103.0,18286406.0,0.0004978014816033287,0,0
2016,Fruitful Rim,Corn,0.55,conventional,0.0,751870.0,0.0,0,0
2016,Fruitful Rim,Corn,0.6,conventional,19791.0,2894179.0,0.006838208694071791,0,0
2016,Fruitful Rim,Corn,0.7,conventional,314990.0,27907398.0,0.011286971289835046,0,0
2016,Fruitful Rim,Corn,0.85,certified,2230093.0,2864422.0,0.7785490406092398,1,0
2016,Basin and Range,Wheat,0.75,conventional,856856.0,7138490.0,0.12003322831579227,0,0
2016,Basin and Range,Wheat,0.75,certified,196136.0,2792736.0,0.07023077011217674,1,0
2016,Basin and Range,Wheat,0.8,conventional,116612.0,17506584.0,0.006661036784789083,0,0
2016,Basin and Range,Wheat,0.8,certified,494952.0,2839504.0,0.17430931599321572,1,0
2016,Basin and Range,Wheat,0.85,conventional,1217646.0,62541432.0,0.019469429481563518,0,0
2016,Fruitful Rim,Corn,0.75,certified,2233266.0,2691306.0,0.8298075358208988,1,0
2016,Basin and Range,Wheat,0.5,conventional,185.0,888789.0,0.00020814839067540214,0,0
2016,Basin and Range,Wheat,0.5,certified,0.0,727811.0,0.0,1,0
2016,Basin and Range,Wheat,0.7,certified,94973.0,344217.0,0.27591025428726645,1,0
2016,Basin and Range,Wheat,0.75,transitional,0.0,118762.0,0.0,0,1
2016,Fruitful Rim,Corn,0.5,transitional,0.0,11342.0,0.0,0,1
2016,Prairie Gateway,Corn,0.6,conventional,2068227.0,43092895.0,0.047994617210099254,0,0
2016,Prairie Gateway,Corn,0.65,conventional,3966680.0,109072635.0,0.03636732531491515,0,0
2016,Prairie Gateway,Corn,0.7,conventional,14058121.0,477710816.0,0.029428098609347794,0,0
2016,Prairie Gateway,Corn,0.7,certified,612600.0,5733481.0,0.10684608530140764,1,0
2016,Prairie Gateway,Corn,0.75,conventional,17552636.0,662554448.0,0.026492367612933148,0,0
2016,Prairie Gateway,Corn,0.8,conventional,14744929.0,372819620.0,0.039549766720968174,0,0
2016,Prairie Gateway,Corn,0.85,conventional,15806151.0,116357964.0,0.13584073196743113,0,0
2016,Basin and Range,Wheat,0.7,conventional,270358.0,2234061.0,0.12101639122656006,0,0
2016,Prairie Gateway,Corn,0.5,conventional,1582842.0,41457562.0,0.03817981385398399,0,0
2016,Basin and Range,Wheat,0.55,conventional,0.0,44519.0,0.0,0,0
2016,Basin and Range,Wheat,0.6,conventional,0.0,564801.0,0.0,0,0
2016,Basin and Range,Wheat,0.65,conventional,25125.0,1231568.0,0.020400822366284283,0,0
2016,Basin and Range,Wheat,0.65,certified,80926.0,685206.0,0.11810462838912678,1,0
2016,Northern Great Plains,Wheat,0.6,conventional,218464.0,5284154.0,0.04134323110189446,0,0
2016,Northern Great Plains,Wheat,0.6,certified,15382.0,291177.0,0.052826974658025876,1,0
2016,Northern Great Plains,Wheat,0.65,conventional,2253514.0,34518416.0,0.06528439775452037,0,0
2016,Northern Great Plains,Wheat,0.7,conventional,17854740.0,170582231.0,0.10466940135165662,0,0
2016,Northern Great Plains,Wheat,0.7,certified,95145.0,290195.0,0.327865745447027,1,0
2016,Northern Great Plains,Wheat,0.7,transitional,0.0,30315.0,0.0,0,1
2016,Northern Great Plains,Wheat,0.75,conventional,18205722.0,212714866.0,0.0855874454961695,0,0
2016,Northern Great Plains,Wheat,0.8,certified,21349.0,363264.0,0.05876993040873855,1,0
2016,Northern Great Plains,Wheat,0.85,conventional,554859.0,2574672.0,0.21550667424821493,0,0
2016,Northern Great Plains,Corn,0.5,conventional,234427.0,15285855.0,0.015336204615312654,0,0
2016,Northern Great Plains,Corn,0.6,conventional,299359.0,19860266.0,0.015073262362145602,0,0
2016,Northern Great Plains,Corn,0.65,conventional,1473008.0,60253046.0,0.02444702961573096,0,0
2016,Northern Great Plains,Corn,0.65,certified,98618.0,942436.0,0.10464158839433128,1,0
2016,Northern Great Plains,Corn,0.7,conventional,9985030.0,332277576.0,0.030050267370434893,0,0
2016,Northern Great Plains,Corn,0.7,certified,265223.0,4293802.0,0.06176880070389831,1,0
2016,Northern Great Plains,Corn,0.75,conventional,17481496.0,744069646.0,0.023494435089480858,0,0
2016,Northern Great Plains,Corn,0.8,conventional,4995887.0,157951211.0,0.03162930482375346,0,0
2016,Northern Great Plains,Corn,0.8,certified,163054.0,1686319.0,0.09669226285180918,1,0
2016,Northern Great Plains,Corn,0.85,conventional,1445626.0,12459296.0,0.11602790398430217,0,0
2016,Basin and Range,Wheat,0.65,transitional,0.0,1535.0,0.0,0,1
2016,Basin and Range,Corn,0.5,conventional,10569.0,3636720.0,0.0029061901933610506,0,0
2016,Basin and Range,Corn,0.5,certified,0.0,1620287.0,0.0,1,0
2016,Basin and Range,Corn,0.6,conventional,3796.0,280084.0,0.013553076934062639,0,0
2016,Basin and Range,Corn,0.65,conventional,0.0,19068.0,0.0,0,0
2016,Basin and Range,Corn,0.7,conventional,9401.0,1043992.0,0.009004858274776052,0,0
2016,Basin and Range,Corn,0.75,conventional,17754.0,80154.0,0.22149861516580582,0,0
2016,Prairie Gateway,Corn,0.6,certified,181050.0,1294803.0,0.13982822097261127,1,0
2016,Prairie Gateway,Corn,0.55,conventional,182345.0,4789272.0,0.03807363624367127,0,0
2016,Prairie Gateway,Corn,0.75,certified,649588.0,6849696.0,0.0948345736803502,1,0
2016,Northern Great Plains,Corn,0.55,conventional,77988.0,2494665.0,0.03126191292217592,0,0
2016,Northern Great Plains,Corn,0.6,certified,396382.0,507145.0,0.7815950073450394,1,0
2016,Northern Great Plains,Wheat,0.5,conventional,83345.0,6528944.0,0.012765464062794841,0,0
2016,Northern Great Plains,Wheat,0.55,conventional,201.0,747589.0,0.00026886430913242436,0,0
2016,Northern Great Plains,Wheat,0.75,certified,38067.0,540383.0,0.07044448104400028,1,0
2016,Northern Great Plains,Wheat,0.8,conventional,2114558.0,35216244.0,0.06004496106967001,0,0
2016,Northern Great Plains,Corn,0.8,transitional,0.0,146363.0,0.0,0,1
2016,Northern Great Plains,Corn,0.5,certified,25324.0,114826.0,0.2205423858707958,1,0
2016,Northern Great Plains,Corn,0.65,transitional,0.0,17905.0,0.0,0,1
2016,Northern Great Plains,Corn,0.7,transitional,0.0,62250.0,0.0,0,1
2016,Northern Great Plains,Corn,0.75,certified,13840.0,749819.0,0.018457787812792153,1,0
2016,Prairie Gateway,Wheat,0.5,conventional,389064.0,7534020.0,0.051640956620768196,0,0
2016,Prairie Gateway,Wheat,0.55,conventional,256254.0,1483305.0,0.1727588055052737,0,0
2016,Prairie Gateway,Wheat,0.6,conventional,930790.0,11756711.0,0.0791709518078653,0,0
2016,Prairie Gateway,Wheat,0.6,certified,30394.0,201943.0,0.15050781656209922,1,0
2016,Prairie Gateway,Wheat,0.65,conventional,1672900.0,25269555.0,0.06620219469634507,0,0
2016,Prairie Gateway,Wheat,0.7,conventional,5855197.0,123622914.0,0.047363363397177324,0,0
2016,Prairie Gateway,Wheat,0.7,certified,107690.0,1938634.0,0.05554942294419679,1,0
2016,Prairie Gateway,Wheat,0.75,conventional,4892305.0,118549555.0,0.041268016569104796,0,0
2016,Prairie Gateway,Wheat,0.75,certified,72767.0,3359861.0,0.02165774119822219,1,0
2016,Prairie Gateway,Wheat,0.8,conventional,865016.0,39341919.0,0.021987132859482526,0,0
2016,Prairie Gateway,Corn,0.65,certified,341634.0,944196.0,0.36182529898453286,1,0
2016,Southern Seaboard,Corn,0.5,conventional,29256.0,3984276.0,0.0073428648015348335,0,0
2016,Southern Seaboard,Corn,0.55,conventional,0.0,439609.0,0.0,0,0
2016,Southern Seaboard,Corn,0.6,conventional,9974.0,4354755.0,0.002290369951926113,0,0
2016,Southern Seaboard,Corn,0.65,conventional,96888.0,4522706.0,0.021422573123258508,0,0
2016,Southern Seaboard,Corn,0.7,conventional,715388.0,19684734.0,0.036342274170430754,0,0
2016,Southern Seaboard,Corn,0.75,conventional,888910.0,34640359.0,0.02566110818886144,0,0
2016,Southern Seaboard,Corn,0.75,transitional,0.0,19810.0,0.0,0,1
2016,Southern Seaboard,Corn,0.8,conventional,921981.0,27216814.0,0.03387541980483094,0,0
2016,Southern Seaboard,Corn,0.85,conventional,29915.0,3423239.0,0.008738799715707842,0,0
2016,Southern Seaboard,Soybeans,0.7,transitional,15493.0,57400.0,0.2699128919860627,0,1
2016,Southern Seaboard,Soybeans,0.55,conventional,4155.0,437864.0,0.009489247802970785,0,0
2016,Southern Seaboard,Soybeans,0.75,transitional,0.0,11625.0,0.0,0,1
2016,Southern Seaboard,Soybeans,0.8,conventional,1810540.0,22308160.0,0.08116043636050665,0,0
2016,Fruitful Rim,Wheat,0.65,conventional,73047.0,1373287.0,0.05319135766959128,0,0
2016,Fruitful Rim,Wheat,0.6,conventional,52510.0,1910189.0,0.02748942643895447,0,0
2016,Fruitful Rim,Wheat,0.8,transitional,54262.0,149145.0,0.363820443192866,0,1
2016,Fruitful Rim,Wheat,0.75,transitional,42092.0,42849.0,0.9823333099955658,0,1
2016,Fruitful Rim,Wheat,0.65,certified,13348.0,38523.0,0.34649430210523585,1,0
2016,Fruitful Rim,Corn,0.7,certified,457493.0,724368.0,0.6315753870960616,1,0
2016,Fruitful Rim,Wheat,0.85,certified,71877.0,695686.0,0.1033181636542923,1,0
2016,Fruitful Rim,Corn,0.8,conventional,136592.0,2374812.0,0.05751697397520309,0,0
2016,Basin and Range,Wheat,0.85,certified,31338.0,118198.0,0.26513138970202543,1,0
2016,Fruitful Rim,Corn,0.55,certified,0.0,142102.0,0.0,1,0
2016,Heartland,Wheat,0.6,conventional,6485.0,750598.0,0.008639777883767344,0,0
2016,Heartland,Wheat,0.65,conventional,39609.0,2520630.0,0.01571392866069197,0,0
2016,Heartland,Wheat,0.7,conventional,137023.0,8872228.0,0.015444035027052957,0,0
2016,Heartland,Wheat,0.75,conventional,458811.0,30724417.0,0.01493310678604577,0,0
2016,Heartland,Wheat,0.75,certified,47090.0,1047786.0,0.04494238327292023,1,0
2016,Heartland,Wheat,0.75,transitional,6440.0,125769.0,0.051204986920465295,0,1
2016,Heartland,Wheat,0.8,conventional,191350.0,17838991.0,0.010726503533748068,0,0
2016,Heartland,Wheat,0.85,conventional,276485.0,5494985.0,0.050315878933245496,0,0
2016,Heartland,Corn,0.5,conventional,126696.0,60126257.0,0.0021071659258616415,0,0
2016,Heartland,Corn,0.55,conventional,83606.0,7867452.0,0.010626820475040712,0,0
2016,Heartland,Corn,0.6,conventional,385448.0,54097313.0,0.0071250858614733785,0,0
2016,Heartland,Corn,0.65,conventional,1178392.0,185097704.0,0.006366324241385512,0,0
2016,Heartland,Corn,0.7,conventional,6945904.0,683938603.0,0.01015574200598237,0,0
2016,Heartland,Corn,0.75,conventional,25722794.0,2401042857.0,0.010713175704051999,0,0
2016,Heartland,Corn,0.8,conventional,48727346.0,5372380951.0,0.009069972223568775,0,0
2016,Heartland,Corn,0.8,certified,1138596.0,18089069.0,0.06294386958223223,1,0
2016,Heartland,Corn,0.85,conventional,59900119.0,6890195607.0,0.008693529533348123,0,0
2016,Heartland,Corn,0.75,certified,650382.0,12020182.0,0.054107500202575966,1,0
2016,Heartland,Corn,0.75,transitional,33704.0,626810.0,0.05377068011040028,0,1
2016,Heartland,Corn,0.8,transitional,38737.0,1520942.0,0.025469084291182702,0,1
2016,Heartland,Wheat,0.5,conventional,4215.0,720355.0,0.005851281659737213,0,0
2016,Heartland,Wheat,0.8,transitional,0.0,42369.0,0.0,0,1
2016,Heartland,Corn,0.85,certified,1082309.0,17983081.0,0.060184848191475085,1,0
2016,Heartland,Corn,0.85,transitional,124203.0,1336706.0,0.09291721590237494,0,1
2016,Heartland,Wheat,0.5,certified,11324.0,167714.0,0.06751970616645003,1,0
2016,Heartland,Wheat,0.65,certified,14451.0,134435.0,0.10749432811395841,1,0
2016,Heartland,Corn,0.65,certified,39920.0,1650899.0,0.024180764541016742,1,0
2016,Heartland,Corn,0.7,transitional,22746.0,459868.0,0.04946201953604078,0,1
2016,Heartland,Wheat,0.8,certified,36877.0,518320.0,0.07114716777280444,1,0
2016,Heartland,Wheat,0.7,certified,0.0,298529.0,0.0,1,0
2016,Heartland,Wheat,0.85,certified,29567.0,411818.0,0.0717962789387545,1,0
2016,Heartland,Wheat,0.85,transitional,13543.0,92410.0,0.14655340331132993,0,1
2016,Heartland,Wheat,0.55,conventional,1638.0,239358.0,0.006843305843130374,0,0
2016,Heartland,Wheat,0.55,certified,0.0,1089.0,0.0,1,0
2016,Heartland,Wheat,0.7,transitional,0.0,21205.0,0.0,0,1
2016,Heartland,Corn,0.7,certified,509183.0,4062210.0,0.12534630164368657,1,0
2016,Heartland,Corn,0.6,transitional,0.0,78367.0,0.0,0,1
2016,Heartland,Corn,0.6,certified,67428.0,410206.0,0.16437594769457298,1,0
2016,Heartland,Soybeans,0.65,conventional,503088.0,78353611.0,0.006420737903196318,0,0
2016,Heartland,Soybeans,0.7,conventional,2110097.0,305194845.0,0.006913933949310317,0,0
2016,Heartland,Soybeans,0.7,certified,25402.0,1612550.0,0.015752689839074758,1,0
2016,Heartland,Soybeans,0.75,conventional,6413443.0,1018374789.0,0.006297723656629131,0,0
2016,Heartland,Soybeans,0.8,conventional,10563361.0,1794535862.0,0.005886402843032178,0,0
2016,Heartland,Soybeans,0.85,conventional,9703225.0,1532728728.0,0.006330686456605647,0,0
2016,Heartland,Soybeans,0.55,conventional,6385.0,2595996.0,0.0024595569484698746,0,0
2016,Heartland,Soybeans,0.8,certified,273680.0,6763342.0,0.04046520196672,1,0
2016,Heartland,Soybeans,0.75,certified,118372.0,3127711.0,0.03784620765793259,1,0
2016,Heartland,Soybeans,0.85,certified,372278.0,3216345.0,0.11574566783103181,1,0
2016,Heartland,Soybeans,0.5,conventional,103901.0,18982690.0,0.005473460294615779,0,0
2016,Heartland,Soybeans,0.6,conventional,82027.0,20226647.0,0.004055392868625235,0,0
2016,Heartland,Soybeans,0.85,transitional,19989.0,525497.0,0.038038276146200645,0,1
2016,Heartland,Corn,0.55,certified,0.0,29916.0,0.0,1,0
2016,Heartland,Soybeans,0.55,certified,5899.0,12719.0,0.4637943234531017,1,0
2016,Heartland,Soybeans,0.8,transitional,48048.0,443963.0,0.10822523498579836,0,1
2016,Heartland,Soybeans,0.75,transitional,0.0,227468.0,0.0,0,1
2016,Heartland,Soybeans,0.7,transitional,434.0,135056.0,0.0032134818149508354,0,1
2016,Heartland,Soybeans,0.65,certified,4591.0,217536.0,0.021104552809649898,1,0
2016,Heartland,Corn,0.65,transitional,14830.0,326489.0,0.04542266355068624,0,1
2016,Heartland,Soybeans,0.65,transitional,0.0,10725.0,0.0,0,1
2016,Heartland,Corn,0.5,certified,1159.0,166585.0,0.006957409130473932,1,0
2016,Heartland,Soybeans,0.6,certified,9638.0,58880.0,0.16368885869565217,1,0
2016,Prairie Gateway,Corn,0.65,transitional,212.0,9579.0,0.022131746528865227,0,1
2016,Prairie Gateway,Soybeans,0.5,conventional,4115.0,1174576.0,0.0035033918622549756,0,0
2016,Prairie Gateway,Soybeans,0.55,conventional,81.0,388589.0,0.00020844645628157257,0,0
2016,Prairie Gateway,Soybeans,0.6,conventional,30092.0,2421960.0,0.012424647805909263,0,0
2016,Prairie Gateway,Soybeans,0.65,conventional,124874.0,12847477.0,0.009719729406793255,0,0
2016,Prairie Gateway,Soybeans,0.65,certified,14790.0,343759.0,0.04302432809031909,1,0
2016,Prairie Gateway,Soybeans,0.65,transitional,0.0,14107.0,0.0,0,1
2016,Prairie Gateway,Soybeans,0.7,conventional,591975.0,70137300.0,0.008440230804436441,0,0
2016,Prairie Gateway,Soybeans,0.75,conventional,610803.0,122892097.0,0.00497023824078777,0,0
2016,Prairie Gateway,Soybeans,0.8,conventional,447439.0,70401926.0,0.006355493740327502,0,0
2016,Prairie Gateway,Wheat,0.8,certified,2529.0,10429.0,0.2424968836897114,1,0
2016,Prairie Gateway,Corn,0.8,certified,1306676.0,12166043.0,0.10740353293178398,1,0
2016,Prairie Gateway,Soybeans,0.8,certified,453896.0,647088.0,0.7014440076156566,1,0
2016,Prairie Gateway,Soybeans,0.85,conventional,112068.0,16724496.0,0.006700829729039368,0,0
2016,Prairie Gateway,Wheat,0.65,certified,79353.0,414680.0,0.19135960258512588,1,0
2016,Prairie Gateway,Soybeans,0.75,certified,0.0,1026217.0,0.0,1,0
2016,Prairie Gateway,Wheat,0.75,transitional,11395.0,54298.0,0.2098604000147335,0,1
2016,Prairie Gateway,Soybeans,0.7,transitional,6856.0,24354.0,0.2815143302948181,0,1
2016,Prairie Gateway,Soybeans,0.6,certified,14803.0,58182.0,0.2544257674194768,1,0
2016,Prairie Gateway,Corn,0.8,transitional,34338.0,225793.0,0.15207734517899138,0,1
2016,Prairie Gateway,Soybeans,0.7,certified,18726.0,329314.0,0.05686366203684022,1,0
2016,Prairie Gateway,Wheat,0.85,conventional,66573.0,3327000.0,0.020009918845807034,0,0
2016,Prairie Gateway,Wheat,0.7,transitional,2902.0,70238.0,0.04131666619208975,0,1
2016,Prairie Gateway,Corn,0.7,transitional,0.0,187903.0,0.0,0,1
2016,Prairie Gateway,Corn,0.75,transitional,38103.0,787401.0,0.04839084532531709,0,1
2016,Eastern Uplands,Corn,0.7,conventional,307908.0,8471643.0,0.036345724200134495,0,0
2016,Eastern Uplands,Corn,0.75,conventional,521908.0,17789357.0,0.029338216103032843,0,0
2016,Eastern Uplands,Corn,0.8,conventional,746906.0,19020768.0,0.03926792020175,0,0
2016,Eastern Uplands,Corn,0.8,certified,0.0,57027.0,0.0,1,0
2016,Eastern Uplands,Corn,0.85,conventional,152461.0,1997241.0,0.07633580524333318,0,0
2016,Eastern Uplands,Corn,0.8,transitional,0.0,29452.0,0.0,0,1
2016,Mississippi Portal,Corn,0.7,transitional,29430.0,29430.0,1.0,0,1
2016,Mississippi Portal,Corn,0.75,certified,307821.0,726738.0,0.4235653013878454,1,0
2016,Northern Crescent,Wheat,0.7,certified,29208.0,431782.0,0.06764524690700399,1,0
2016,Northern Crescent,Wheat,0.75,conventional,663776.0,34116946.0,0.01945590323354265,0,0
2016,Southern Seaboard,Corn,0.5,certified,0.0,73233.0,0.0,1,0
2016,Southern Seaboard,Corn,0.85,certified,0.0,279019.0,0.0,1,0
2016,Southern Seaboard,Soybeans,0.85,certified,14563.0,43030.0,0.3384382988612596,1,0
2016,Southern Seaboard,Soybeans,0.85,transitional,1453.0,17414.0,0.08343861261054324,0,1
2016,Northern Crescent,Corn,0.5,certified,13424.0,1051727.0,0.012763768544498715,1,0
2016,Northern Crescent,Corn,0.6,conventional,346474.0,25359673.0,0.013662400142146943,0,0
2016,Northern Crescent,Corn,0.65,conventional,826476.0,52271301.0,0.01581127663151143,0,0
2016,Northern Crescent,Corn,0.7,conventional,6294979.0,282155965.0,0.02231028147854326,0,0
2016,Northern Crescent,Corn,0.75,conventional,17239835.0,800018915.0,0.021549284244110654,0,0
2016,Northern Crescent,Corn,0.8,conventional,16860655.0,888582054.0,0.018974786767413154,0,0
2016,Northern Crescent,Soybeans,0.5,conventional,42103.0,3789923.0,0.011109196677610601,0,0
2016,Northern Crescent,Soybeans,0.5,certified,3665.0,87966.0,0.041663824659527546,1,0
2016,Northern Crescent,Soybeans,0.55,conventional,0.0,783073.0,0.0,0,0
2016,Northern Crescent,Soybeans,0.6,conventional,23181.0,5225838.0,0.004435843591018321,0,0
2016,Northern Crescent,Soybeans,0.65,conventional,256329.0,10885548.0,0.02354764316872242,0,0
2016,Northern Crescent,Soybeans,0.7,conventional,563447.0,55140465.0,0.010218394059607587,0,0
2016,Northern Crescent,Soybeans,0.75,conventional,2965236.0,192604968.0,0.015395428429447366,0,0
2016,Northern Crescent,Soybeans,0.8,conventional,3171675.0,232229799.0,0.0136574850155212,0,0
2016,Southern Seaboard,Wheat,0.6,conventional,96525.0,428323.0,0.22535563114752186,0,0
2016,Southern Seaboard,Wheat,0.65,conventional,166525.0,1099495.0,0.15145589566118992,0,0
2016,Southern Seaboard,Wheat,0.7,conventional,1363237.0,4067045.0,0.3351910293591539,0,0
2016,Southern Seaboard,Wheat,0.75,conventional,1128555.0,3474168.0,0.32484180385059097,0,0
2016,Southern Seaboard,Wheat,0.75,certified,104301.0,206989.0,0.5038963423177077,1,0
2016,Southern Seaboard,Wheat,0.8,conventional,10613.0,106323.0,0.09981847765770341,0,0
2016,Southern Seaboard,Corn,0.6,certified,14559.0,84144.0,0.1730248146035368,1,0
2016,Southern Seaboard,Corn,0.7,certified,25099.0,593259.0,0.04230698565044946,1,0
2016,Southern Seaboard,Corn,0.85,transitional,0.0,55833.0,0.0,0,1
2016,Southern Seaboard,Corn,0.75,certified,5234.0,591559.0,0.008847807234781315,1,0
2016,Southern Seaboard,Soybeans,0.7,certified,41699.0,311576.0,0.1338325159832593,1,0
2016,Southern Seaboard,Corn,0.8,certified,0.0,163441.0,0.0,1,0
2016,Southern Seaboard,Soybeans,0.65,certified,6322.0,46702.0,0.1353689349492527,1,0
2016,Southern Seaboard,Soybeans,0.8,certified,0.0,260022.0,0.0,1,0
2016,Southern Seaboard,Soybeans,0.8,transitional,0.0,21610.0,0.0,0,1
2016,Southern Seaboard,Corn,0.8,transitional,0.0,58701.0,0.0,0,1
2016,Northern Crescent,Wheat,0.6,conventional,12866.0,1988131.0,0.006471404550303777,0,0
2016,Northern Crescent,Wheat,0.65,conventional,13736.0,3458706.0,0.0039714274644910555,0,0
2016,Northern Crescent,Wheat,0.7,conventional,192811.0,16494990.0,0.011689064376516749,0,0
2016,Northern Crescent,Wheat,0.8,conventional,320268.0,12908135.0,0.024811330219276447,0,0
2016,Northern Crescent,Wheat,0.85,conventional,125883.0,2801173.0,0.04493938789214376,0,0
2016,Northern Crescent,Wheat,0.5,conventional,7326.0,2483171.0,0.0029502599700141473,0,0
2016,Northern Crescent,Wheat,0.75,certified,33877.0,615119.0,0.05507389627047774,1,0
2016,Northern Crescent,Wheat,0.55,conventional,0.0,243983.0,0.0,0,0
2016,Northern Crescent,Wheat,0.8,certified,62508.0,1799195.0,0.03474220415241261,1,0
2016,Northern Crescent,Corn,0.5,conventional,420011.0,53086927.0,0.007911759518496899,0,0
2016,Northern Crescent,Corn,0.65,certified,18118.0,1450865.0,0.012487722841201627,1,0
2016,Northern Crescent,Corn,0.75,certified,1010503.0,13924441.0,0.07257045363616392,1,0
2016,Northern Crescent,Corn,0.85,conventional,10451570.0,365333336.0,0.028608311834975825,0,0
2016,Northern Crescent,Wheat,0.8,transitional,0.0,74521.0,0.0,0,1
2016,Northern Crescent,Corn,0.55,conventional,34245.0,6709982.0,0.005103590441822348,0,0
2016,Northern Crescent,Corn,0.7,certified,448842.0,3505939.0,0.12802333411961817,1,0
2016,Northern Crescent,Corn,0.8,certified,791387.0,7398906.0,0.10696000192460886,1,0
2016,Northern Crescent,Corn,0.8,transitional,18838.0,587855.0,0.03204531729763292,0,1
2016,Northern Crescent,Corn,0.6,certified,216625.0,992577.0,0.21824503287906127,1,0
2016,Northern Crescent,Corn,0.5,transitional,0.0,34469.0,0.0,0,1
2016,Northern Crescent,Corn,0.75,transitional,41055.0,429441.0,0.0956010255192215,0,1
2016,Northern Crescent,Wheat,0.85,transitional,0.0,16222.0,0.0,0,1
2016,Northern Crescent,Corn,0.85,certified,548214.0,2797686.0,0.19595265515858462,1,0
2016,Northern Crescent,Wheat,0.6,certified,0.0,24920.0,0.0,1,0
2016,Northern Crescent,Wheat,0.65,certified,1057.0,106204.0,0.009952544160295281,1,0
2016,Northern Crescent,Wheat,0.65,transitional,0.0,10257.0,0.0,0,1
2016,Northern Crescent,Wheat,0.7,transitional,1030.0,3117.0,0.33044594161052293,0,1
2016,Northern Crescent,Corn,0.65,transitional,0.0,10642.0,0.0,0,1
2016,Northern Crescent,Wheat,0.85,certified,16073.0,60935.0,0.26377287273324035,1,0
2016,Northern Crescent,Wheat,0.75,transitional,0.0,91491.0,0.0,0,1
2016,Northern Crescent,Corn,0.7,transitional,19880.0,133465.0,0.14895290900236016,0,1
2016,Northern Great Plains,Soybeans,0.5,conventional,15620.0,5360571.0,0.0029138686904809207,0,0
2016,Northern Great Plains,Soybeans,0.65,conventional,631527.0,30731647.0,0.020549728428157464,0,0
2016,Northern Great Plains,Soybeans,0.7,conventional,5658577.0,249358318.0,0.022692553612749345,0,0
2016,Northern Great Plains,Soybeans,0.7,certified,114898.0,1077491.0,0.10663476539479216,1,0
2016,Northern Great Plains,Soybeans,0.75,conventional,15912554.0,649196672.0,0.02451114536828679,0,0
2016,Northern Great Plains,Soybeans,0.8,conventional,4263819.0,169968078.0,0.02508599879560914,0,0
2016,Northern Crescent,Soybeans,0.85,certified,121058.0,424504.0,0.2851751691385711,1,0
2016,Northern Crescent,Soybeans,0.8,certified,249380.0,1400289.0,0.17809180819102344,1,0
2016,Northern Crescent,Soybeans,0.85,conventional,2590415.0,110501265.0,0.023442401315496252,0,0
2016,Northern Great Plains,Soybeans,0.6,conventional,290079.0,6309443.0,0.04597537373742817,0,0
2016,Northern Great Plains,Soybeans,0.75,certified,126466.0,1014347.0,0.12467725541653892,1,0
2016,Northern Great Plains,Soybeans,0.55,conventional,0.0,1009398.0,0.0,0,0
2016,Northern Great Plains,Soybeans,0.85,conventional,723253.0,9099003.0,0.0794870602856159,0,0
2016,Northern Great Plains,Soybeans,0.85,certified,7702.0,205744.0,0.037434870518702854,1,0
2016,Northern Great Plains,Wheat,0.85,certified,2194.0,3781.0,0.5802697699021423,1,0
2016,Northern Great Plains,Corn,0.85,certified,396252.0,942639.0,0.42036452979348404,1,0
2016,Heartland,Wheat,0.65,transitional,0.0,42868.0,0.0,0,1
2016,Northern Crescent,Soybeans,0.8,transitional,2322.0,309370.0,0.007505575847690468,0,1
2016,Northern Crescent,Soybeans,0.75,certified,267419.0,1703654.0,0.15696790545498088,1,0
2016,Northern Great Plains,Soybeans,0.8,certified,214359.0,547324.0,0.3916491876840774,1,0
2016,Northern Crescent,Corn,0.55,certified,0.0,812900.0,0.0,1,0
2016,Northern Crescent,Soybeans,0.55,certified,0.0,170144.0,0.0,1,0
2016,Northern Crescent,Soybeans,0.7,certified,59032.0,703272.0,0.08393907335995177,1,0
2016,Northern Crescent,Soybeans,0.65,certified,10864.0,241306.0,0.0450216737254772,1,0
2016,Northern Great Plains,Wheat,0.5,certified,39136.0,163428.0,0.2394693687740167,1,0
2016,Northern Great Plains,Wheat,0.65,certified,5259.0,122905.0,0.042789146088442295,1,0
2016,Northern Great Plains,Soybeans,0.7,transitional,27792.0,161754.0,0.17181646203494194,0,1
2016,Northern Crescent,Corn,0.6,transitional,0.0,17953.0,0.0,0,1
2016,Northern Crescent,Soybeans,0.5,transitional,0.0,2290.0,0.0,0,1
2016,Northern Crescent,Soybeans,0.75,transitional,1670.0,38859.0,0.04297588718186263,0,1
2016,Heartland,Wheat,0.6,transitional,7002.0,15651.0,0.4473835537665325,0,1
2016,Heartland,Soybeans,0.5,transitional,0.0,13732.0,0.0,0,1
2016,Mississippi Portal,Corn,0.75,conventional,1370721.0,13557808.0,0.10110196279516571,0,0
2016,Mississippi Portal,Corn,0.8,conventional,692392.0,4401035.0,0.15732481109557184,0,0
2016,Mississippi Portal,Corn,0.85,conventional,746480.0,2000659.0,0.37311705792941224,0,0
2016,Mississippi Portal,Corn,0.85,transitional,232800.0,232800.0,1.0,0,1
2016,Eastern Uplands,Corn,0.5,conventional,10086.0,658333.0,0.015320514086336246,0,0
2016,Eastern Uplands,Corn,0.6,conventional,101622.0,457207.0,0.222266938170238,0,0
2016,Eastern Uplands,Corn,0.65,conventional,7873.0,1232109.0,0.006389856741570754,0,0
2016,Eastern Uplands,Corn,0.75,certified,1115.0,147803.0,0.007543825226822189,1,0
2016,Heartland,Soybeans,0.5,certified,0.0,7130.0,0.0,1,0
2016,Northern Great Plains,Wheat,0.8,transitional,15702.0,25716.0,0.6105926271581894,0,1
2016,Prairie Gateway,Corn,0.5,certified,31271.0,2579317.0,0.012123752140586055,1,0
2016,Prairie Gateway,Corn,0.85,certified,3575024.0,5288656.0,0.6759796817943916,1,0
2016,Prairie Gateway,Soybeans,0.5,certified,0.0,6256.0,0.0,1,0
2016,Prairie Gateway,Soybeans,0.75,transitional,0.0,30713.0,0.0,0,1
2016,Prairie Gateway,Soybeans,0.85,certified,90634.0,601418.0,0.1507005111253737,1,0
2016,Northern Great Plains,Wheat,0.6,transitional,0.0,19727.0,0.0,0,1
2016,Northern Great Plains,Corn,0.5,transitional,0.0,1510.0,0.0,0,1
2016,Northern Great Plains,Corn,0.75,transitional,0.0,4203.0,0.0,0,1
2016,Northern Great Plains,Corn,0.85,transitional,21257.0,41896.0,0.5073754057666603,0,1
2016,Prairie Gateway,Corn,0.85,transitional,319418.0,431587.0,0.7401010688459105,0,1
2016,Northern Crescent,Soybeans,0.6,certified,110996.0,141642.0,0.7836376216094096,1,0
2016,Northern Crescent,Soybeans,0.7,transitional,0.0,14743.0,0.0,0,1
2016,Northern Crescent,Wheat,0.5,certified,0.0,17794.0,0.0,1,0
2016,Southern Seaboard,Soybeans,0.6,certified,54160.0,79887.0,0.6779576151313731,1,0
2016,Southern Seaboard,Wheat,0.5,conventional,78357.0,351532.0,0.2229014712743079,0,0
2016,Southern Seaboard,Wheat,0.5,certified,0.0,49021.0,0.0,1,0
2016,Southern Seaboard,Wheat,0.7,certified,33875.0,136852.0,0.24753017858708679,1,0
2016,Southern Seaboard,Soybeans,0.65,transitional,0.0,5610.0,0.0,0,1
2016,Southern Seaboard,Wheat,0.55,conventional,1667.0,12528.0,0.13306194125159643,0,0
2016,Southern Seaboard,Soybeans,0.5,certified,0.0,92788.0,0.0,1,0
2016,Southern Seaboard,Wheat,0.7,transitional,9845.0,17648.0,0.5578535811423391,0,1
2016,Southern Seaboard,Corn,0.6,transitional,414.0,7784.0,0.053186022610483046,0,1
2016,Southern Seaboard,Soybeans,0.6,transitional,5428.0,18309.0,0.2964662187994975,0,1
2016,Northern Great Plains,Soybeans,0.65,certified,0.0,134368.0,0.0,1,0
2016,Northern Great Plains,Wheat,0.75,transitional,0.0,10977.0,0.0,0,1
2016,Northern Great Plains,Soybeans,0.85,transitional,0.0,190026.0,0.0,0,1
2016,Northern Great Plains,Soybeans,0.5,certified,28479.0,67171.0,0.42397760938500245,1,0
2016,Northern Great Plains,Wheat,0.65,transitional,0.0,6999.0,0.0,0,1
2016,Northern Great Plains,Soybeans,0.65,transitional,0.0,48869.0,0.0,0,1
2016,Northern Great Plains,Soybeans,0.75,transitional,0.0,20832.0,0.0,0,1
2016,Eastern Uplands,Corn,0.55,conventional,0.0,111594.0,0.0,0,0
2016,Eastern Uplands,Corn,0.6,certified,523.0,14709.0,0.035556462030049626,1,0
2016,Eastern Uplands,Corn,0.85,certified,12631.0,12784.0,0.988031914893617,1,0
2016,Eastern Uplands,Wheat,0.5,conventional,0.0,1767.0,0.0,0,0
2016,Eastern Uplands,Wheat,0.65,conventional,10106.0,36514.0,0.27677055376020154,0,0
2016,Eastern Uplands,Wheat,0.7,conventional,0.0,7723.0,0.0,0,0
2016,Eastern Uplands,Wheat,0.75,conventional,783.0,34605.0,0.022626788036410925,0,0
2016,Eastern Uplands,Wheat,0.8,conventional,11745.0,71372.0,0.16456033178277196,0,0
2016,Eastern Uplands,Wheat,0.85,conventional,985.0,5834.0,0.1688378471031882,0,0
2016,Eastern Uplands,Wheat,0.85,certified,3381.0,8175.0,0.41357798165137616,1,0
2016,Eastern Uplands,Wheat,0.85,transitional,255.0,1516.0,0.16820580474934038,0,1
2016,Basin and Range,Wheat,0.6,certified,0.0,12983.0,0.0,1,0
2016,Basin and Range,Wheat,0.7,transitional,2563.0,54582.0,0.04695687222893994,0,1
2016,Eastern Uplands,Soybeans,0.65,conventional,0.0,1772.0,0.0,0,0
2016,Eastern Uplands,Soybeans,0.7,conventional,5858.0,61127.0,0.09583326516923782,0,0
2016,Eastern Uplands,Soybeans,0.75,conventional,4712.0,881536.0,0.00534521562363874,0,0
2016,Eastern Uplands,Soybeans,0.75,certified,1487.0,6506.0,0.22855825391945897,1,0
2016,Eastern Uplands,Soybeans,0.8,conventional,12013.0,777973.0,0.015441409920395695,0,0
2016,Eastern Uplands,Soybeans,0.85,conventional,34372.0,826344.0,0.041595267830346686,0,0
2016,Northern Great Plains,Soybeans,0.6,certified,0.0,46160.0,0.0,1,0
2016,Mississippi Portal,Corn,0.65,certified,2468.0,37658.0,0.06553720325030538,1,0
2016,Mississippi Portal,Corn,0.8,certified,58284.0,247476.0,0.23551374678756729,1,0
2016,Eastern Uplands,Corn,0.65,certified,0.0,5206.0,0.0,1,0
2016,Mississippi Portal,Corn,0.7,certified,17069.0,19164.0,0.8906804424963474,1,0
2016,Prairie Gateway,Wheat,0.5,certified,10515.0,468269.0,0.022455041866961085,1,0
2016,Prairie Gateway,Wheat,0.55,certified,0.0,45887.0,0.0,1,0
2016,Prairie Gateway,Corn,0.55,certified,0.0,297191.0,0.0,1,0
2016,Fruitful Rim,Corn,0.75,transitional,246494.0,246494.0,1.0,0,1
2016,Prairie Gateway,Wheat,0.5,transitional,0.0,149101.0,0.0,0,1
2016,Prairie Gateway,Wheat,0.55,transitional,0.0,2402.0,0.0,0,1
2016,Fruitful Rim,Soybeans,0.6,conventional,105142.0,457296.0,0.2299211014310206,0,0
2016,Fruitful Rim,Soybeans,0.65,certified,23759.0,27498.0,0.864026474652702,1,0
2016,Fruitful Rim,Corn,0.65,certified,73840.0,78874.0,0.9361766868676623,1,0
2016,Prairie Gateway,Corn,0.55,transitional,5918.0,12357.0,0.47891883143157726,0,1
2016,Fruitful Rim,Wheat,0.7,certified,0.0,5025.0,0.0,1,0
2016,Prairie Gateway,Wheat,0.65,transitional,0.0,4792.0,0.0,0,1
2016,Fruitful Rim,Corn,0.8,certified,1905742.0,2075039.0,0.9184126177869428,1,0
2016,Fruitful Rim,Corn,0.85,transitional,26102.0,26588.0,0.9817210771776741,0,1
2016,Prairie Gateway,Corn,0.6,transitional,0.0,116864.0,0.0,0,1
2016,Fruitful Rim,Soybeans,0.5,conventional,4525.0,40280.0,0.11233862959285006,0,0
2016,Fruitful Rim,Soybeans,0.55,conventional,29523.0,33065.0,0.8928776652048994,0,0
2016,Fruitful Rim,Soybeans,0.65,conventional,62758.0,463123.0,0.1355104367522235,0,0
2016,Fruitful Rim,Soybeans,0.7,conventional,239309.0,365628.0,0.6545149715010885,0,0
2016,Fruitful Rim,Soybeans,0.75,conventional,270483.0,603078.0,0.4485041735894859,0,0
2016,Fruitful Rim,Soybeans,0.75,certified,91693.0,85025.0,1.078423992943252,1,0
2016,Fruitful Rim,Soybeans,0.8,conventional,28704.0,26084.0,1.1004447170679343,0,0
2016,Eastern Uplands,Corn,0.7,certified,0.0,116434.0,0.0,1,0
2016,Southern Seaboard,Wheat,0.6,certified,6942.0,13840.0,0.5015895953757226,1,0
2016,Fruitful Rim,Wheat,0.55,conventional,0.0,347454.0,0.0,0,0
2016,Northern Crescent,Soybeans,0.65,transitional,0.0,5520.0,0.0,0,1
2016,Northern Crescent,Soybeans,0.85,transitional,0.0,24396.0,0.0,0,1
2016,Northern Crescent,Corn,0.85,transitional,-1513.0,85326.0,-0.01773199259311347,0,1
2017,Fruitful Rim,Wheat,0.5,conventional,198527.0,15716041.0,0.012632125355234183,0,0
2017,Fruitful Rim,Wheat,0.7,conventional,287698.0,7176079.0,0.04009125317600322,0,0
2017,Fruitful Rim,Wheat,0.75,conventional,1648210.0,31600576.0,0.05215759358310431,0,0
2017,Fruitful Rim,Wheat,0.8,conventional,4764127.0,78417185.0,0.060753609046282395,0,0
2017,Fruitful Rim,Wheat,0.8,certified,419295.0,1485808.0,0.28219998815459335,1,0
2017,Fruitful Rim,Wheat,0.85,conventional,2556090.0,60626589.0,0.04216120422014836,0,0
2017,Mississippi Portal,Wheat,0.5,conventional,2517.0,515156.0,0.004885898640411836,0,0
2017,Mississippi Portal,Wheat,0.6,conventional,1008.0,3384.0,0.2978723404255319,0,0
2017,Mississippi Portal,Wheat,0.65,conventional,10525.0,37612.0,0.2798309050303095,0,0
2017,Mississippi Portal,Wheat,0.7,conventional,11920.0,51173.0,0.232935336994118,0,0
2017,Mississippi Portal,Wheat,0.75,conventional,19002.0,99693.0,0.19060515783455206,0,0
2017,Mississippi Portal,Wheat,0.85,certified,242927.0,312429.0,0.7775430577827283,1,0
2017,Mississippi Portal,Wheat,0.8,conventional,1707.0,4878.0,0.34993849938499383,0,0
2017,Mississippi Portal,Corn,0.5,conventional,239279.0,4505763.0,0.053105101178202226,0,0
2017,Mississippi Portal,Corn,0.55,conventional,0.0,78633.0,0.0,0,0
2017,Mississippi Portal,Corn,0.6,conventional,4371.0,718005.0,0.006087701339127165,0,0
2017,Mississippi Portal,Corn,0.65,conventional,580.0,1156446.0,0.0005015366043896559,0,0
2017,Mississippi Portal,Corn,0.7,conventional,225675.0,2627548.0,0.08588805989462418,0,0
2017,Mississippi Portal,Corn,0.75,conventional,1023442.0,7872813.0,0.12999699091036457,0,0
2017,Mississippi Portal,Corn,0.8,conventional,1401638.0,12001226.0,0.11679123449554238,0,0
2017,Mississippi Portal,Corn,0.85,conventional,613880.0,3609239.0,0.170085716130187,0,0
2017,Mississippi Portal,Corn,0.85,certified,46611.0,46611.0,1.0,1,0
2017,Mississippi Portal,Corn,0.85,transitional,41643.0,41643.0,1.0,0,1
2017,Mississippi Portal,Corn,0.5,certified,54220.0,123788.0,0.4380069150483084,1,0
2017,Mississippi Portal,Corn,0.8,certified,98565.0,342016.0,0.2881882718937126,1,0
2017,Eastern Uplands,Corn,0.7,conventional,444039.0,9324200.0,0.04762220887582849,0,0
2017,Eastern Uplands,Corn,0.75,certified,50476.0,316467.0,0.15949846271491183,1,0
2017,Fruitful Rim,Wheat,0.5,certified,29894.0,1106708.0,0.027011641733862952,1,0
2017,Fruitful Rim,Wheat,0.65,conventional,217124.0,1306266.0,0.16621729418051148,0,0
2017,Fruitful Rim,Corn,0.5,conventional,47741.0,23407066.0,0.0020395977864120177,0,0
2017,Fruitful Rim,Corn,0.5,certified,0.0,1885782.0,0.0,1,0
2017,Fruitful Rim,Corn,0.65,conventional,192804.0,5799945.0,0.03324238419502254,0,0
2017,Fruitful Rim,Corn,0.85,conventional,15313.0,1553893.0,0.009854603888427325,0,0
2017,Fruitful Rim,Wheat,0.6,conventional,36454.0,1769625.0,0.0205998445998446,0,0
2017,Fruitful Rim,Wheat,0.85,certified,492834.0,1136529.0,0.43363081804335835,1,0
2017,Fruitful Rim,Corn,0.75,conventional,512281.0,28031084.0,0.018275461626814003,0,0
2017,Fruitful Rim,Corn,0.75,transitional,116282.0,126929.0,0.9161184599264156,0,1
2017,Fruitful Rim,Corn,0.8,conventional,144627.0,3541873.0,0.04083347991302907,0,0
2017,Fruitful Rim,Corn,0.5,transitional,0.0,140688.0,0.0,0,1
2017,Fruitful Rim,Corn,0.6,certified,0.0,51134.0,0.0,1,0
2017,Fruitful Rim,Corn,0.6,conventional,37552.0,2854479.0,0.0131554654982573,0,0
2017,Fruitful Rim,Wheat,0.65,certified,30988.0,145246.0,0.2133483882516558,1,0
2017,Fruitful Rim,Corn,0.55,conventional,0.0,394050.0,0.0,0,0
2017,Fruitful Rim,Corn,0.85,certified,1933896.0,2597970.0,0.7443873485837019,1,0
2017,Basin and Range,Wheat,0.5,conventional,9908.0,773325.0,0.012812207028092975,0,0
2017,Basin and Range,Wheat,0.75,conventional,470867.0,5346704.0,0.08806677908483432,0,0
2017,Basin and Range,Wheat,0.75,certified,151740.0,2097998.0,0.07232609373316848,1,0
2017,Basin and Range,Wheat,0.8,conventional,812951.0,8477439.0,0.095895824198794,0,0
2017,Basin and Range,Wheat,0.8,certified,714598.0,2696169.0,0.265041991062133,1,0
2017,Basin and Range,Wheat,0.8,transitional,15200.0,78233.0,0.1942914115526696,0,1
2017,Fruitful Rim,Corn,0.75,certified,2313755.0,3611628.0,0.6406404535572323,1,0
2017,Basin and Range,Wheat,0.5,certified,2294.0,260843.0,0.00879456224625541,1,0
2017,Basin and Range,Wheat,0.75,transitional,0.0,88349.0,0.0,0,1
2017,Fruitful Rim,Corn,0.7,conventional,254453.0,21189261.0,0.012008583027034307,0,0
2017,Fruitful Rim,Corn,0.7,certified,0.0,486948.0,0.0,1,0
2017,Fruitful Rim,Wheat,0.55,certified,0.0,41029.0,0.0,1,0
2017,Prairie Gateway,Wheat,0.5,conventional,905732.0,7179369.0,0.126157605215723,0,0
2017,Prairie Gateway,Wheat,0.55,conventional,211345.0,1295318.0,0.16316070648288683,0,0
2017,Prairie Gateway,Wheat,0.6,conventional,1545423.0,12281743.0,0.1258309182988115,0,0
2017,Prairie Gateway,Wheat,0.65,conventional,2966578.0,24340854.0,0.12187649619853108,0,0
2017,Prairie Gateway,Wheat,0.7,conventional,15503116.0,119897592.0,0.12930298049688937,0,0
2017,Prairie Gateway,Wheat,0.7,certified,273981.0,1753953.0,0.15620772050334303,1,0
2017,Prairie Gateway,Wheat,0.75,conventional,10414964.0,95967575.0,0.10852586407440222,0,0
2017,Prairie Gateway,Wheat,0.8,conventional,1052805.0,20437506.0,0.0515133793722189,0,0
2017,Prairie Gateway,Corn,0.5,conventional,1063438.0,36991323.0,0.028748309434620655,0,0
2017,Prairie Gateway,Corn,0.6,conventional,4219933.0,55721339.0,0.07573279960124432,0,0
2017,Prairie Gateway,Corn,0.65,conventional,5295129.0,133836401.0,0.039564191508706215,0,0
2017,Prairie Gateway,Corn,0.7,conventional,20957629.0,568424453.0,0.03686968231115138,0,0
2017,Prairie Gateway,Corn,0.7,certified,325476.0,4753564.0,0.06846988911898524,1,0
2017,Prairie Gateway,Corn,0.75,conventional,41109482.0,808117051.0,0.050870702392839376,0,0
2017,Prairie Gateway,Corn,0.8,conventional,38788466.0,420058849.0,0.09234055202584246,0,0
2017,Prairie Gateway,Corn,0.85,conventional,14179437.0,117425900.0,0.12075221054298924,0,0
2017,Basin and Range,Wheat,0.7,conventional,301693.0,2289714.0,0.13176012375344695,0,0
2017,Prairie Gateway,Corn,0.75,certified,1085599.0,12235714.0,0.08872379658432683,1,0
2017,Basin and Range,Wheat,0.55,conventional,0.0,42298.0,0.0,0,0
2017,Basin and Range,Wheat,0.6,conventional,1343.0,259428.0,0.005176773517122284,0,0
2017,Basin and Range,Wheat,0.65,conventional,36771.0,1232829.0,0.029826520953027548,0,0
2017,Basin and Range,Wheat,0.65,certified,86465.0,737745.0,0.1172017431497333,1,0
2017,Prairie Gateway,Soybeans,0.65,conventional,873882.0,24671032.0,0.0354213800217194,0,0
2017,Prairie Gateway,Soybeans,0.7,conventional,3843757.0,135368563.0,0.028394753662266476,0,0
2017,Prairie Gateway,Soybeans,0.7,certified,218438.0,602946.0,0.36228451635801545,1,0
2017,Prairie Gateway,Soybeans,0.75,conventional,7532897.0,229843621.0,0.032774009420953217,0,0
2017,Northern Great Plains,Wheat,0.6,conventional,448238.0,6141318.0,0.07298726429733812,0,0
2017,Northern Great Plains,Wheat,0.6,certified,0.0,347388.0,0.0,1,0
2017,Northern Great Plains,Wheat,0.65,conventional,1539049.0,29716077.0,0.051791796070524386,0,0
2017,Northern Great Plains,Wheat,0.7,conventional,8912218.0,149818942.0,0.0594865901536002,0,0
2017,Northern Great Plains,Wheat,0.7,certified,110521.0,700327.0,0.15781342144455376,1,0
2017,Northern Great Plains,Wheat,0.75,conventional,10015837.0,178962397.0,0.055966153604882704,0,0
2017,Northern Great Plains,Wheat,0.8,certified,126165.0,485733.0,0.25974146290245875,1,0
2017,Northern Great Plains,Wheat,0.85,conventional,157758.0,786861.0,0.2004903026074491,0,0
2017,Northern Great Plains,Corn,0.5,conventional,449728.0,19395602.0,0.02318711221234587,0,0
2017,Northern Great Plains,Corn,0.6,conventional,1225115.0,20388950.0,0.06008720409829834,0,0
2017,Northern Great Plains,Corn,0.65,conventional,1689786.0,67856705.0,0.024902270158859024,0,0
2017,Northern Great Plains,Corn,0.65,certified,20796.0,270509.0,0.07687729428595722,1,0
2017,Northern Great Plains,Corn,0.7,conventional,13594197.0,377328968.0,0.03602744064961373,0,0
2017,Northern Great Plains,Corn,0.7,certified,1132808.0,5470034.0,0.20709341111956525,1,0
2017,Northern Great Plains,Corn,0.8,certified,1010191.0,2074576.0,0.4869385358743184,1,0
2017,Northern Great Plains,Corn,0.85,conventional,823196.0,9961162.0,0.08264055940461565,0,0
2017,Basin and Range,Corn,0.5,conventional,0.0,4256332.0,0.0,0,0
2017,Basin and Range,Corn,0.5,certified,0.0,1322592.0,0.0,1,0
2017,Basin and Range,Corn,0.6,conventional,0.0,443282.0,0.0,0,0
2017,Basin and Range,Corn,0.65,conventional,0.0,183329.0,0.0,0,0
2017,Basin and Range,Corn,0.7,conventional,30978.0,910719.0,0.03401488274648931,0,0
2017,Basin and Range,Corn,0.75,conventional,18573.0,27027.0,0.6872016872016872,0,0
2017,Northern Great Plains,Corn,0.75,conventional,39614807.0,905810307.0,0.04373410933156891,0,0
2017,Northern Great Plains,Corn,0.75,transitional,0.0,35813.0,0.0,0,1
2017,Northern Great Plains,Corn,0.8,conventional,7757051.0,181440865.0,0.04275250230977459,0,0
2017,Prairie Gateway,Corn,0.6,certified,0.0,2385036.0,0.0,1,0
2017,Basin and Range,Wheat,0.7,certified,166671.0,534145.0,0.3120332493985715,1,0
2017,Northern Great Plains,Corn,0.55,conventional,126091.0,3106845.0,0.04058490204693185,0,0
2017,Northern Great Plains,Corn,0.6,certified,333652.0,950914.0,0.3508750528438955,1,0
2017,Northern Great Plains,Wheat,0.5,conventional,18580.0,5364234.0,0.0034636818602618753,0,0
2017,Northern Great Plains,Wheat,0.55,conventional,0.0,272946.0,0.0,0,0
2017,Northern Great Plains,Wheat,0.7,transitional,2321.0,43281.0,0.053626302534599476,0,1
2017,Northern Great Plains,Wheat,0.75,certified,80883.0,827674.0,0.0977232581910269,1,0
2017,Northern Great Plains,Wheat,0.8,conventional,2525643.0,24116118.0,0.10472842270882901,0,0
2017,Northern Great Plains,Corn,0.8,transitional,0.0,35747.0,0.0,0,1
2017,Northern Great Plains,Corn,0.5,certified,18303.0,271320.0,0.06745908889871738,1,0
2017,Northern Great Plains,Corn,0.7,transitional,24865.0,179323.0,0.13866040608287838,0,1
2017,Northern Great Plains,Corn,0.75,certified,1062485.0,2219527.0,0.4786988398879581,1,0
2017,Prairie Gateway,Wheat,0.75,certified,133063.0,3651777.0,0.03643787668305047,1,0
2017,Prairie Gateway,Corn,0.65,certified,17249.0,1199525.0,0.014379858694066402,1,0
2017,Southern Seaboard,Corn,0.5,conventional,9912.0,9072788.0,0.0010924976975104014,0,0
2017,Southern Seaboard,Corn,0.55,conventional,4216.0,1321020.0,0.0031914732555146782,0,0
2017,Southern Seaboard,Corn,0.6,conventional,43476.0,6116534.0,0.0071079470824489815,0,0
2017,Southern Seaboard,Corn,0.65,conventional,153443.0,6816973.0,0.02250896402259478,0,0
2017,Southern Seaboard,Corn,0.7,conventional,530617.0,27042157.0,0.01962184451484399,0,0
2017,Southern Seaboard,Corn,0.75,conventional,1552861.0,49699261.0,0.031245152719675248,0,0
2017,Southern Seaboard,Corn,0.75,certified,69603.0,1054173.0,0.06602616458588866,1,0
2017,Southern Seaboard,Corn,0.8,conventional,779740.0,39897758.0,0.019543454045713546,0,0
2017,Southern Seaboard,Corn,0.85,conventional,77534.0,4983864.0,0.015557005568370244,0,0
2017,Southern Seaboard,Soybeans,0.5,conventional,23941.0,4110831.0,0.005823883297561977,0,0
2017,Southern Seaboard,Soybeans,0.6,conventional,264830.0,5981992.0,0.04427120597954661,0,0
2017,Southern Seaboard,Soybeans,0.65,conventional,253091.0,12594013.0,0.020096136156124343,0,0
2017,Southern Seaboard,Soybeans,0.7,conventional,1529071.0,42847648.0,0.03568622949852463,0,0
2017,Southern Seaboard,Soybeans,0.7,transitional,0.0,56037.0,0.0,0,1
2017,Southern Seaboard,Soybeans,0.75,conventional,2206118.0,70719461.0,0.03119534522470413,0,0
2017,Southern Seaboard,Soybeans,0.55,conventional,2181.0,431870.0,0.0050501308264060945,0,0
2017,Southern Seaboard,Soybeans,0.75,transitional,0.0,92409.0,0.0,0,1
2017,Southern Seaboard,Soybeans,0.8,conventional,1021284.0,25778575.0,0.03961755062100989,0,0
2017,Southern Seaboard,Soybeans,0.85,conventional,77499.0,2571050.0,0.03014293771027401,0,0
2017,Southern Seaboard,Wheat,0.7,conventional,514548.0,3393968.0,0.15160661502995904,0,0
2017,Southern Seaboard,Wheat,0.75,conventional,392695.0,3866857.0,0.10155405281343478,0,0
2017,Southern Seaboard,Wheat,0.75,certified,85830.0,314848.0,0.27260773452586645,1,0
2017,Southern Seaboard,Wheat,0.65,conventional,61457.0,646076.0,0.09512348392449185,0,0
2017,Southern Seaboard,Wheat,0.6,conventional,10157.0,479440.0,0.02118513265476389,0,0
2017,Fruitful Rim,Soybeans,0.5,conventional,0.0,1579.0,0.0,0,0
2017,Fruitful Rim,Soybeans,0.55,conventional,0.0,8939.0,0.0,0,0
2017,Fruitful Rim,Soybeans,0.65,conventional,0.0,13588.0,0.0,0,0
2017,Fruitful Rim,Soybeans,0.65,certified,147949.0,285274.0,0.5186206944902094,1,0
2017,Fruitful Rim,Soybeans,0.7,conventional,4384.0,38463.0,0.11397966877258664,0,0
2017,Fruitful Rim,Wheat,0.75,certified,167615.0,1086177.0,0.15431646959933787,1,0
2017,Fruitful Rim,Wheat,0.7,certified,0.0,190459.0,0.0,1,0
2017,Fruitful Rim,Wheat,0.75,transitional,2480.0,3885.0,0.6383526383526383,0,1
2017,Basin and Range,Wheat,0.85,conventional,1438125.0,16812158.0,0.08554077352830017,0,0
2017,Basin and Range,Wheat,0.85,certified,12356.0,186411.0,0.0662836420597497,1,0
2017,Fruitful Rim,Wheat,0.55,conventional,0.0,152229.0,0.0,0,0
2017,Heartland,Wheat,0.5,conventional,14283.0,596904.0,0.02392847090989506,0,0
2017,Heartland,Wheat,0.6,conventional,77342.0,670906.0,0.11527993489400899,0,0
2017,Heartland,Wheat,0.65,conventional,30068.0,2561717.0,0.011737440162203709,0,0
2017,Heartland,Wheat,0.7,conventional,875387.0,9536499.0,0.09179333002603995,0,0
2017,Heartland,Wheat,0.75,conventional,681796.0,24457797.0,0.027876427300463733,0,0
2017,Heartland,Wheat,0.75,certified,48130.0,925320.0,0.05201443824838975,1,0
2017,Heartland,Wheat,0.75,transitional,0.0,235625.0,0.0,0,1
2017,Heartland,Wheat,0.8,conventional,243624.0,12084515.0,0.020160014696493818,0,0
2017,Heartland,Wheat,0.85,conventional,127787.0,4434857.0,0.0288142323416516,0,0
2017,Heartland,Corn,0.5,conventional,321720.0,58761149.0,0.0054750461057185935,0,0
2017,Heartland,Corn,0.55,conventional,72724.0,8195515.0,0.008873633932705877,0,0
2017,Heartland,Corn,0.6,conventional,413362.0,61353965.0,0.006737331482977506,0,0
2017,Heartland,Corn,0.65,conventional,1246389.0,196571417.0,0.006340642088366286,0,0
2017,Heartland,Corn,0.7,conventional,9374176.0,755713181.0,0.012404409815368828,0,0
2017,Heartland,Corn,0.75,conventional,38834762.0,2581232227.0,0.015045047707751249,0,0
2017,Heartland,Corn,0.8,conventional,83660452.0,5717998998.0,0.014631071469103465,0,0
2017,Heartland,Corn,0.8,certified,1855986.0,24850250.0,0.07468681401595557,1,0
2017,Heartland,Corn,0.85,conventional,103022287.0,6377125831.0,0.016154971648700403,0,0
2017,Heartland,Corn,0.75,certified,1106747.0,16928833.0,0.06537644975291564,1,0
2017,Heartland,Corn,0.75,transitional,111109.0,910616.0,0.12201520728825323,0,1
2017,Heartland,Corn,0.85,certified,1883969.0,24484258.0,0.07694613412421973,1,0
2017,Heartland,Corn,0.8,transitional,3326.0,1057321.0,0.0031456861255947815,0,1
2017,Heartland,Corn,0.5,certified,4313.0,621174.0,0.006943304130565671,1,0
2017,Heartland,Corn,0.7,transitional,4207.0,494812.0,0.008502219024599241,0,1
2017,Heartland,Corn,0.7,certified,375018.0,4374952.0,0.08571934046362109,1,0
2017,Heartland,Wheat,0.55,conventional,1124.0,165397.0,0.006795770177209986,0,0
2017,Heartland,Wheat,0.85,certified,25211.0,306397.0,0.08228213722719217,1,0
2017,Heartland,Wheat,0.8,certified,21321.0,847759.0,0.025149836215245136,1,0
2017,Heartland,Corn,0.65,certified,27976.0,1299117.0,0.021534626981249572,1,0
2017,Heartland,Corn,0.85,transitional,36051.0,1652545.0,0.021815442242117462,0,1
2017,Heartland,Wheat,0.85,transitional,0.0,78722.0,0.0,0,1
2017,Heartland,Wheat,0.65,certified,0.0,32186.0,0.0,1,0
2017,Heartland,Wheat,0.8,transitional,0.0,59621.0,0.0,0,1
2017,Heartland,Wheat,0.55,certified,0.0,24519.0,0.0,1,0
2017,Heartland,Wheat,0.7,certified,20638.0,332262.0,0.06211363321715995,1,0
2017,Heartland,Soybeans,0.65,conventional,1324324.0,102999056.0,0.012857632403931936,0,0
2017,Heartland,Soybeans,0.7,conventional,4355789.0,385553465.0,0.011297496703861811,0,0
2017,Heartland,Soybeans,0.7,certified,209936.0,1693785.0,0.12394489265166476,1,0
2017,Heartland,Soybeans,0.75,conventional,16396568.0,1269524685.0,0.012915517274876777,0,0
2017,Heartland,Soybeans,0.8,conventional,29171706.0,2244326131.0,0.012997979926830874,0,0
2017,Heartland,Soybeans,0.85,conventional,28940290.0,1959479287.0,0.014769377860741837,0,0
2017,Heartland,Soybeans,0.5,conventional,250749.0,24533816.0,0.010220546204471413,0,0
2017,Heartland,Soybeans,0.75,certified,259925.0,4706346.0,0.05522862110010611,1,0
2017,Heartland,Soybeans,0.75,transitional,55035.0,217411.0,0.25313806569124836,0,1
2017,Heartland,Soybeans,0.55,conventional,83637.0,3992771.0,0.020947106658508588,0,0
2017,Heartland,Soybeans,0.8,certified,882284.0,7298338.0,0.1208883447162902,1,0
2017,Heartland,Soybeans,0.6,conventional,360711.0,25565603.0,0.014109231063315816,0,0
2017,Heartland,Soybeans,0.85,certified,558988.0,6209579.0,0.09002027351612726,1,0
2017,Heartland,Soybeans,0.85,transitional,4950.0,386047.0,0.012822272935678817,0,1
2017,Heartland,Corn,0.55,certified,3651.0,31043.0,0.11761105563250975,1,0
2017,Heartland,Soybeans,0.55,certified,9674.0,27540.0,0.35127087872185914,1,0
2017,Heartland,Corn,0.5,transitional,0.0,38422.0,0.0,0,1
2017,Heartland,Corn,0.6,certified,36393.0,440382.0,0.08263961742305544,1,0
2017,Heartland,Soybeans,0.5,certified,0.0,12915.0,0.0,1,0
2017,Heartland,Soybeans,0.8,transitional,34583.0,581283.0,0.059494256670158945,0,1
2017,Heartland,Soybeans,0.7,transitional,1015.0,186307.0,0.00544799712302812,0,1
2017,Heartland,Soybeans,0.65,certified,4033.0,273584.0,0.01474135914380958,1,0
2017,Heartland,Corn,0.6,transitional,0.0,21406.0,0.0,0,1
2017,Heartland,Corn,0.65,transitional,2560.0,80593.0,0.03176454530790515,0,1
2017,Heartland,Soybeans,0.65,transitional,4471.0,29720.0,0.15043741588156123,0,1
2017,Heartland,Soybeans,0.5,transitional,0.0,4211.0,0.0,0,1
2017,Heartland,Soybeans,0.6,certified,16804.0,78243.0,0.21476681620081028,1,0
2017,Prairie Gateway,Soybeans,0.55,conventional,278.0,890888.0,0.0003120482035901258,0,0
2017,Prairie Gateway,Soybeans,0.6,conventional,71630.0,3899480.0,0.018369115882117617,0,0
2017,Prairie Gateway,Soybeans,0.65,certified,32623.0,178323.0,0.182943310733893,1,0
2017,Prairie Gateway,Soybeans,0.65,transitional,2726.0,175315.0,0.015549154379260188,0,1
2017,Prairie Gateway,Soybeans,0.8,conventional,3411679.0,122639515.0,0.027818758089511363,0,0
2017,Prairie Gateway,Wheat,0.8,certified,0.0,52670.0,0.0,1,0
2017,Prairie Gateway,Corn,0.55,conventional,123058.0,4161505.0,0.029570551999817375,0,0
2017,Prairie Gateway,Corn,0.8,certified,5552207.0,9897929.0,0.5609463353394433,1,0
2017,Prairie Gateway,Soybeans,0.5,conventional,52506.0,3509564.0,0.014960832741616907,0,0
2017,Prairie Gateway,Soybeans,0.8,certified,44545.0,346620.0,0.1285124920662397,1,0
2017,Prairie Gateway,Soybeans,0.85,conventional,688983.0,29885949.0,0.02305374341634592,0,0
2017,Prairie Gateway,Corn,0.5,certified,0.0,2600364.0,0.0,1,0
2017,Prairie Gateway,Soybeans,0.5,certified,6719.0,22709.0,0.2958738826016117,1,0
2017,Prairie Gateway,Soybeans,0.75,certified,504718.0,1042495.0,0.4841442884618152,1,0
2017,Prairie Gateway,Soybeans,0.7,transitional,0.0,101470.0,0.0,0,1
2017,Prairie Gateway,Soybeans,0.75,transitional,6867.0,371896.0,0.018464839632585453,0,1
2017,Prairie Gateway,Wheat,0.85,conventional,32205.0,656283.0,0.04907181810286111,0,0
2017,Prairie Gateway,Soybeans,0.8,transitional,0.0,31570.0,0.0,0,1
2017,Prairie Gateway,Wheat,0.7,transitional,16687.0,165140.0,0.1010475959791692,0,1
2017,Prairie Gateway,Wheat,0.6,certified,15133.0,346489.0,0.04367526819033216,1,0
2017,Prairie Gateway,Wheat,0.65,certified,18125.0,188502.0,0.09615282596471125,1,0
2017,Prairie Gateway,Wheat,0.65,transitional,6537.0,23552.0,0.27755604619565216,0,1
2017,Prairie Gateway,Corn,0.65,transitional,0.0,6709.0,0.0,0,1
2017,Prairie Gateway,Corn,0.7,transitional,0.0,540286.0,0.0,0,1
2017,Eastern Uplands,Corn,0.6,conventional,3705.0,227199.0,0.01630729008490354,0,0
2017,Eastern Uplands,Corn,0.75,conventional,1196589.0,20533332.0,0.05827544209580793,0,0
2017,Eastern Uplands,Corn,0.8,conventional,2017543.0,22021718.0,0.09161605829299967,0,0
2017,Eastern Uplands,Corn,0.8,certified,73698.0,394756.0,0.18669253918876472,1,0
2017,Eastern Uplands,Corn,0.85,conventional,151496.0,1219125.0,0.12426617451040706,0,0
2017,Eastern Uplands,Corn,0.65,conventional,9245.0,1030559.0,0.00897085950440489,0,0
2017,Eastern Uplands,Corn,0.5,conventional,469.0,440071.0,0.0010657371196920497,0,0
2017,Eastern Uplands,Corn,0.8,transitional,0.0,9409.0,0.0,0,1
2017,Mississippi Portal,Corn,0.75,certified,41203.0,617028.0,0.06677654822795724,1,0
2017,Northern Crescent,Wheat,0.6,conventional,46437.0,1042549.0,0.04454179132107939,0,0
2017,Northern Crescent,Wheat,0.7,certified,10039.0,281076.0,0.035716318718069136,1,0
2017,Northern Crescent,Wheat,0.75,conventional,1207481.0,22611481.0,0.05340123453213878,0,0
2017,Southern Seaboard,Corn,0.85,certified,14467.0,1088400.0,0.013291988239617787,1,0
2017,Southern Seaboard,Corn,0.85,transitional,16171.0,63415.0,0.25500275959946384,0,1
2017,Southern Seaboard,Soybeans,0.85,transitional,0.0,11619.0,0.0,0,1
2017,Southern Seaboard,Corn,0.5,transitional,0.0,35933.0,0.0,0,1
2017,Northern Crescent,Corn,0.5,certified,169616.0,1806711.0,0.0938810911097569,1,0
2017,Northern Crescent,Corn,0.6,conventional,938602.0,26803787.0,0.035017514502708146,0,0
2017,Northern Crescent,Corn,0.65,conventional,2091621.0,51632011.0,0.04051015948226382,0,0
2017,Northern Crescent,Corn,0.7,conventional,11508376.0,290466250.0,0.03962035520477852,0,0
2017,Northern Crescent,Corn,0.8,conventional,29684150.0,910923088.0,0.032586889487205534,0,0
2017,Northern Crescent,Soybeans,0.5,conventional,129730.0,6065548.0,0.021388009789057808,0,0
2017,Northern Crescent,Soybeans,0.5,certified,0.0,173732.0,0.0,1,0
2017,Northern Crescent,Soybeans,0.55,conventional,8951.0,1603563.0,0.005581944706880865,0,0
2017,Northern Crescent,Soybeans,0.6,conventional,200991.0,6380378.0,0.03150142515067289,0,0
2017,Northern Crescent,Soybeans,0.65,conventional,624313.0,14026345.0,0.0445100273806184,0,0
2017,Northern Crescent,Soybeans,0.7,conventional,2968039.0,82982489.0,0.035767052010213865,0,0
2017,Northern Crescent,Soybeans,0.75,conventional,9139656.0,281533947.0,0.032463779581081924,0,0
2017,Northern Crescent,Soybeans,0.8,conventional,10408882.0,305222260.0,0.03410263065347855,0,0
2017,Southern Seaboard,Wheat,0.8,conventional,21092.0,125694.0,0.1678043502474263,0,0
2017,Southern Seaboard,Corn,0.6,certified,0.0,177108.0,0.0,1,0
2017,Southern Seaboard,Corn,0.65,certified,23138.0,33464.0,0.6914295959837438,1,0
2017,Southern Seaboard,Corn,0.7,certified,116204.0,792788.0,0.14657638612087973,1,0
2017,Southern Seaboard,Soybeans,0.7,certified,191424.0,882319.0,0.21695554555665242,1,0
2017,Southern Seaboard,Soybeans,0.75,certified,26526.0,784492.0,0.03381296431321161,1,0
2017,Southern Seaboard,Corn,0.8,certified,0.0,163079.0,0.0,1,0
2017,Southern Seaboard,Soybeans,0.8,certified,34736.0,230985.0,0.15038205944108926,1,0
2017,Southern Seaboard,Soybeans,0.8,transitional,0.0,47295.0,0.0,0,1
2017,Southern Seaboard,Soybeans,0.85,certified,0.0,12650.0,0.0,1,0
2017,Southern Seaboard,Soybeans,0.5,certified,9675.0,43104.0,0.22445712694877507,1,0
2017,Southern Seaboard,Corn,0.7,transitional,0.0,8951.0,0.0,0,1
2017,Northern Crescent,Wheat,0.55,conventional,0.0,220724.0,0.0,0,0
2017,Northern Crescent,Wheat,0.65,conventional,108853.0,2400289.0,0.04534995577615862,0,0
2017,Northern Crescent,Wheat,0.7,conventional,466895.0,10810165.0,0.04319036758458358,0,0
2017,Northern Crescent,Wheat,0.8,conventional,923485.0,8595472.0,0.10743854438709124,0,0
2017,Northern Crescent,Wheat,0.85,conventional,113499.0,2142501.0,0.05297500444573888,0,0
2017,Northern Crescent,Corn,0.5,conventional,711041.0,54379437.0,0.013075549127145248,0,0
2017,Northern Crescent,Corn,0.55,conventional,222333.0,7199595.0,0.03088132040760626,0,0
2017,Northern Crescent,Corn,0.7,certified,580804.0,5385472.0,0.10784644317155488,1,0
2017,Northern Crescent,Corn,0.75,conventional,29793921.0,843538137.0,0.03532018256573502,0,0
2017,Northern Crescent,Corn,0.75,certified,1773672.0,16483819.0,0.10760079323850863,1,0
2017,Northern Crescent,Corn,0.75,transitional,33453.0,313669.0,0.10665064128109568,0,1
2017,Northern Crescent,Corn,0.8,transitional,27825.0,663812.0,0.04191698854494948,0,1
2017,Northern Crescent,Corn,0.85,conventional,12349952.0,317301986.0,0.03892176079855989,0,0
2017,Northern Crescent,Wheat,0.5,conventional,11416.0,2075909.0,0.005499277665832173,0,0
2017,Northern Crescent,Wheat,0.65,certified,20375.0,79569.0,0.2560670612927145,1,0
2017,Northern Crescent,Wheat,0.75,certified,198695.0,2249975.0,0.08830987010966788,1,0
2017,Northern Crescent,Wheat,0.8,certified,33840.0,198660.0,0.17034128662035639,1,0
2017,Northern Crescent,Corn,0.65,certified,193718.0,1240884.0,0.15611290015827425,1,0
2017,Northern Crescent,Corn,0.8,certified,1201161.0,9276121.0,0.12948957867194705,1,0
2017,Northern Crescent,Corn,0.5,transitional,1949.0,109805.0,0.01774964710168025,0,1
2017,Northern Crescent,Corn,0.7,transitional,12158.0,180037.0,0.0675305631620167,0,1
2017,Northern Crescent,Wheat,0.75,transitional,0.0,46664.0,0.0,0,1
2017,Northern Crescent,Corn,0.85,certified,385087.0,2432090.0,0.15833583461138362,1,0
2017,Northern Crescent,Wheat,0.8,transitional,2428.0,47604.0,0.05100411730106714,0,1
2017,Northern Crescent,Corn,0.6,certified,32033.0,382073.0,0.08383999916246372,1,0
2017,Northern Crescent,Wheat,0.7,transitional,2452.0,14498.0,0.16912677610704924,0,1
2017,Northern Crescent,Corn,0.65,transitional,1444.0,3347.0,0.43143113235733493,0,1
2017,Northern Crescent,Wheat,0.85,certified,28893.0,91545.0,0.3156152711781091,1,0
2017,Northern Crescent,Wheat,0.5,certified,0.0,134038.0,0.0,1,0
2017,Northern Crescent,Wheat,0.5,transitional,0.0,7446.0,0.0,0,1
2017,Northern Crescent,Wheat,0.65,transitional,0.0,8087.0,0.0,0,1
2017,Northern Crescent,Soybeans,0.8,certified,690814.0,2413490.0,0.286230313777973,1,0
2017,Northern Great Plains,Corn,0.6,transitional,0.0,2444.0,0.0,0,1
2017,Northern Great Plains,Soybeans,0.5,conventional,137053.0,5715995.0,0.02397710284911026,0,0
2017,Northern Great Plains,Soybeans,0.6,conventional,612911.0,12012653.0,0.05102211809497868,0,0
2017,Northern Great Plains,Soybeans,0.65,conventional,885742.0,39283667.0,0.022547335003119746,0,0
2017,Northern Great Plains,Soybeans,0.7,conventional,9324120.0,284576079.0,0.03276494648729769,0,0
2017,Northern Great Plains,Soybeans,0.7,certified,136018.0,1477164.0,0.09208050020173793,1,0
2017,Northern Great Plains,Soybeans,0.75,conventional,27625919.0,721591397.0,0.03828471225523771,0,0
2017,Northern Great Plains,Soybeans,0.8,conventional,6307353.0,140592219.0,0.04486274592479403,0,0
2017,Northern Crescent,Soybeans,0.85,conventional,8132414.0,164767049.0,0.04935704104283618,0,0
2017,Northern Great Plains,Soybeans,0.55,conventional,2378.0,1164160.0,0.0020426745464540955,0,0
2017,Northern Great Plains,Soybeans,0.7,transitional,12423.0,167996.0,0.07394818924260102,0,1
2017,Northern Great Plains,Soybeans,0.75,certified,364192.0,1135221.0,0.32081154242213633,1,0
2017,Northern Great Plains,Soybeans,0.75,transitional,0.0,69097.0,0.0,0,1
2017,Northern Great Plains,Soybeans,0.85,conventional,177638.0,1865491.0,0.09522318788994426,0,0
2017,Northern Crescent,Soybeans,0.85,certified,119251.0,372381.0,0.32023921736071387,1,0
2017,Northern Crescent,Soybeans,0.75,certified,438724.0,2371911.0,0.1849664679661252,1,0
2017,Northern Crescent,Soybeans,0.7,certified,81760.0,1291779.0,0.06329256010509537,1,0
2017,Northern Crescent,Soybeans,0.65,certified,43788.0,252749.0,0.1732469762491642,1,0
2017,Northern Great Plains,Corn,0.85,certified,190336.0,243162.0,0.7827538842417812,1,0
2017,Northern Great Plains,Soybeans,0.8,certified,233747.0,557144.0,0.41954503683069366,1,0
2017,Northern Great Plains,Wheat,0.5,certified,11778.0,158941.0,0.07410296902624244,1,0
2017,Northern Great Plains,Wheat,0.65,certified,1039.0,149566.0,0.006946765976224543,1,0
2017,Northern Great Plains,Soybeans,0.65,certified,36234.0,103322.0,0.35069007568572036,1,0
2017,Northern Crescent,Corn,0.85,transitional,15010.0,51017.0,0.2942156536056609,0,1
2017,Northern Crescent,Soybeans,0.8,transitional,4335.0,349589.0,0.012400275752383514,0,1
2017,Northern Crescent,Soybeans,0.7,transitional,10670.0,81538.0,0.1308592312786676,0,1
2017,Northern Crescent,Wheat,0.85,transitional,0.0,5878.0,0.0,0,1
2017,Northern Crescent,Soybeans,0.6,transitional,0.0,3595.0,0.0,0,1
2017,Heartland,Wheat,0.7,transitional,0.0,72755.0,0.0,0,1
2017,Southern Seaboard,Corn,0.5,certified,51864.0,56154.0,0.9236029490330163,1,0
2017,Heartland,Wheat,0.6,transitional,16232.0,98847.0,0.16421338027456575,0,1
2017,Prairie Gateway,Wheat,0.85,certified,0.0,25788.0,0.0,1,0
2017,Prairie Gateway,Wheat,0.85,transitional,0.0,25509.0,0.0,0,1
2017,Prairie Gateway,Corn,0.75,transitional,1400.0,964656.0,0.0014512945547428306,0,1
2017,Prairie Gateway,Corn,0.85,certified,3047656.0,7036551.0,0.4331178726623313,1,0
2017,Prairie Gateway,Soybeans,0.85,certified,92369.0,440501.0,0.20969078390287424,1,0
2017,Northern Great Plains,Wheat,0.75,transitional,-3965.0,53693.0,-0.07384575270519435,0,1
2017,Northern Great Plains,Corn,0.5,transitional,4490.0,5882.0,0.7633458007480449,0,1
2017,Prairie Gateway,Wheat,0.75,transitional,0.0,67500.0,0.0,0,1
2017,Prairie Gateway,Corn,0.8,transitional,95584.0,519804.0,0.18388469500042323,0,1
2017,Prairie Gateway,Soybeans,0.6,certified,73280.0,123805.0,0.591898550139332,1,0
2017,Prairie Gateway,Wheat,0.5,certified,1256.0,444628.0,0.002824833343828999,1,0
2017,Northern Crescent,Soybeans,0.6,certified,72974.0,178721.0,0.408312397535824,1,0
2017,Northern Crescent,Corn,0.55,certified,1927.0,96538.0,0.019961051606621226,1,0
2017,Northern Crescent,Soybeans,0.75,transitional,6521.0,38213.0,0.17064873210687462,0,1
2017,Southern Seaboard,Soybeans,0.6,certified,52358.0,135947.0,0.38513538364215466,1,0
2017,Southern Seaboard,Wheat,0.5,conventional,10928.0,214025.0,0.05105945567106646,0,0
2017,Southern Seaboard,Wheat,0.5,certified,0.0,33589.0,0.0,1,0
2017,Southern Seaboard,Wheat,0.7,certified,45149.0,356356.0,0.12669633737049468,1,0
2017,Southern Seaboard,Wheat,0.7,transitional,4875.0,18469.0,0.2639558178569495,0,1
2017,Southern Seaboard,Wheat,0.75,transitional,1600.0,5358.0,0.2986188876446435,0,1
2017,Southern Seaboard,Wheat,0.6,certified,6200.0,35559.0,0.174358109058185,1,0
2017,Southern Seaboard,Wheat,0.65,certified,5059.0,14750.0,0.3429830508474576,1,0
2017,Southern Seaboard,Soybeans,0.65,certified,6032.0,9785.0,0.6164537557485947,1,0
2017,Southern Seaboard,Soybeans,0.5,transitional,0.0,4458.0,0.0,0,1
2017,Southern Seaboard,Wheat,0.55,conventional,0.0,10610.0,0.0,0,0
2017,Southern Seaboard,Soybeans,0.6,transitional,909.0,6530.0,0.13920367534456354,0,1
2017,Northern Great Plains,Soybeans,0.5,certified,17954.0,65830.0,0.27273279659729605,1,0
2017,Northern Great Plains,Soybeans,0.65,transitional,0.0,8757.0,0.0,0,1
2017,Northern Great Plains,Soybeans,0.55,certified,37879.0,71707.0,0.5282468936087132,1,0
2017,Northern Great Plains,Soybeans,0.55,transitional,0.0,23488.0,0.0,0,1
2017,Eastern Uplands,Corn,0.55,conventional,0.0,21858.0,0.0,0,0
2017,Eastern Uplands,Corn,0.6,certified,6989.0,23267.0,0.30038251600979926,1,0
2017,Heartland,Wheat,0.5,certified,0.0,36907.0,0.0,1,0
2017,Eastern Uplands,Corn,0.75,transitional,0.0,3364.0,0.0,0,1
2017,Eastern Uplands,Soybeans,0.65,conventional,0.0,1885.0,0.0,0,0
2017,Eastern Uplands,Soybeans,0.7,conventional,8074.0,80215.0,0.10065449105528891,0,0
2017,Eastern Uplands,Soybeans,0.75,conventional,80612.0,499714.0,0.16131627290810344,0,0
2017,Eastern Uplands,Soybeans,0.75,transitional,0.0,2544.0,0.0,0,1
2017,Eastern Uplands,Soybeans,0.8,conventional,123248.0,930707.0,0.132424060418585,0,0
2017,Eastern Uplands,Soybeans,0.85,conventional,140754.0,745715.0,0.1887503939172472,0,0
2017,Northern Crescent,Corn,0.6,transitional,2825.0,3543.0,0.7973468811741462,0,1
2017,Northern Great Plains,Soybeans,0.6,certified,23108.0,23294.0,0.9920151111874302,1,0
2017,Mississippi Portal,Wheat,0.5,certified,0.0,527.0,0.0,1,0
2017,Mississippi Portal,Corn,0.65,certified,2900.0,61380.0,0.047246660149885954,1,0
2017,Mississippi Portal,Corn,0.75,transitional,1240.0,4348.0,0.28518859245630174,0,1
2017,Mississippi Portal,Corn,0.7,certified,17756.0,42020.0,0.42256068538791053,1,0
2017,Prairie Gateway,Wheat,0.55,certified,0.0,75623.0,0.0,1,0
2017,Prairie Gateway,Corn,0.55,certified,0.0,147891.0,0.0,1,0
2017,Prairie Gateway,Corn,0.85,transitional,0.0,31272.0,0.0,0,1
2017,Fruitful Rim,Corn,0.65,certified,0.0,40355.0,0.0,1,0
2017,Prairie Gateway,Wheat,0.5,transitional,0.0,27186.0,0.0,0,1
2017,Prairie Gateway,Wheat,0.6,transitional,262.0,2807.0,0.09333808336302102,0,1
2017,Fruitful Rim,Soybeans,0.6,conventional,19252.0,22821.0,0.843608956662723,0,0
2017,Fruitful Rim,Soybeans,0.65,transitional,4559.0,4559.0,1.0,0,1
2017,Prairie Gateway,Wheat,0.8,transitional,0.0,80244.0,0.0,0,1
2017,Fruitful Rim,Corn,0.8,certified,1035052.0,1554417.0,0.6658779465227156,1,0
2017,Fruitful Rim,Corn,0.8,transitional,4704.0,8457.0,0.5562256119191202,0,1
2017,Basin and Range,Corn,0.65,certified,0.0,42163.0,0.0,1,0
2017,Basin and Range,Wheat,0.65,transitional,1309.0,2256.0,0.5802304964539007,0,1
2017,Eastern Uplands,Corn,0.7,certified,26627.0,132364.0,0.20116496932700734,1,0
2017,Northern Crescent,Corn,0.55,transitional,0.0,11832.0,0.0,0,1
2017,Northern Crescent,Wheat,0.6,certified,0.0,13957.0,0.0,1,0
2017,Northern Crescent,Soybeans,0.85,transitional,608.0,689.0,0.8824383164005806,0,1
2017,Northern Crescent,Soybeans,0.5,transitional,0.0,5470.0,0.0,0,1
2017,Northern Crescent,Soybeans,0.55,certified,2142.0,2142.0,1.0,1,0
