fips,cty_name,st,liab,ind,org_liab,org_ind,org_share
01001,Autauga,01,47806649.0,1605170.0,0.0,0.0,0.0
01003,Baldwin,01,299616475.0,25380061.0,73807.0,54097.0,0.0002
01005,Barbour,01,60323502.0,5287362.0,0.0,0.0,0.0
01009,Blount,01,24316537.0,333277.0,0.0,0.0,0.0
01011,Bullock,01,37165674.0,3101088.0,0.0,0.0,0.0
01013,Butler,01,22876282.0,3285006.0,0.0,0.0,0.0
01015,Calhoun,01,37872758.0,1982533.0,0.0,0.0,0.0
01017,Chambers,01,32338660.0,3210700.0,0.0,0.0,0.0
01019,Cherokee,01,161116286.0,6381207.0,0.0,0.0,0.0
01021,Chilton,01,16473982.0,5580261.0,0.0,0.0,0.0
01027,Clay,01,1955316.0,110195.0,0.0,0.0,0.0
01031,Coffee,01,170842188.0,39791645.0,0.0,0.0,0.0
01033,Colbert,01,219252069.0,12564406.0,0.0,0.0,0.0
01035,Conecuh,01,45564337.0,6029344.0,0.0,0.0,0.0
01039,Covington,01,171289531.0,25968846.0,0.0,0.0,0.0
01041,Crenshaw,01,39877664.0,6984328.0,0.0,0.0,0.0
01043,Cullman,01,24341571.0,667894.0,0.0,0.0,0.0
01045,Dale,01,106478644.0,13891855.0,0.0,0.0,0.0
01047,Dallas,01,121784281.0,14992266.0,0.0,0.0,0.0
01049,De Kalb,01,112187122.0,5164845.0,0.0,0.0,0.0
01051,Elmore,01,63657298.0,3649784.0,0.0,0.0,0.0
01053,Escambia,01,222789352.0,25193382.0,0.0,0.0,0.0
01055,Etowah,01,37917463.0,1564635.0,0.0,0.0,0.0
01057,Fayette,01,14810339.0,788729.0,0.0,0.0,0.0
01059,Franklin,01,35314694.0,3401489.0,0.0,0.0,0.0
01061,Geneva,01,265227309.0,58362577.0,0.0,0.0,0.0
01063,Greene,01,12608157.0,3808620.0,0.0,0.0,0.0
01065,Hale,01,41250826.0,2295829.0,0.0,0.0,0.0
01067,Henry,01,182285097.0,31721406.0,0.0,0.0,0.0
01069,Houston,01,278442202.0,55629158.0,0.0,0.0,0.0
01071,Jackson,01,195029167.0,10309017.0,0.0,0.0,0.0
01075,Lamar,01,10776803.0,1121699.0,0.0,0.0,0.0
01077,Lauderdale,01,292642396.0,11817078.0,0.0,0.0,0.0
01079,Lawrence,01,368039254.0,18982526.0,0.0,0.0,0.0
01081,Lee,01,18097013.0,1240631.0,0.0,0.0,0.0
01083,Limestone,01,502322285.0,19187072.0,0.0,0.0,0.0
01085,Lowndes,01,60502399.0,5403769.0,0.0,0.0,0.0
01087,Macon,01,32812568.0,2056324.0,0.0,0.0,0.0
01089,Madison,01,396172778.0,11503144.0,0.0,0.0,0.0
01091,Marengo,01,60631936.0,6896172.0,0.0,0.0,0.0
01093,Marion,01,16694948.0,312719.0,0.0,0.0,0.0
01095,Marshall,01,49171420.0,1713859.0,0.0,0.0,0.0
01097,Mobile,01,338029292.0,13858915.0,0.0,0.0,0.0
01099,Monroe,01,142905411.0,13699736.0,0.0,0.0,0.0
01101,Montgomery,01,52104288.0,3470512.0,0.0,0.0,0.0
01103,Morgan,01,54416734.0,2970417.0,0.0,0.0,0.0
01105,Perry,01,51855939.0,7074434.0,0.0,0.0,0.0
01107,Pickens,01,50493914.0,2232772.0,0.0,0.0,0.0
01109,Pike,01,63453467.0,9709509.0,0.0,0.0,0.0
01111,Randolph,01,6478265.0,462192.0,0.0,0.0,0.0
01113,Russell,01,35267096.0,3348492.0,0.0,0.0,0.0
01115,St Clair,01,6515769.0,1637610.0,0.0,0.0,0.0
01117,Shelby,01,24994788.0,998498.0,0.0,0.0,0.0
01119,Sumter,01,6441962.0,695968.0,0.0,0.0,0.0
01121,Talladega,01,89817242.0,3617166.0,0.0,0.0,0.0
01125,Tuscaloosa,01,24016377.0,822054.0,0.0,0.0,0.0
01129,Washington,01,15518426.0,926417.0,0.0,0.0,0.0
01131,Wilcox,01,25625261.0,2726119.0,0.0,0.0,0.0
01999,All Other Counties,01,410798625.0,14294459.0,0.0,0.0,0.0
02999,All Other Counties,02,6746389.0,643246.0,0.0,0.0,0.0
04001,Apache,04,544855647.0,109018614.0,0.0,0.0,0.0
04003,Cochise,04,508216317.0,44616131.0,3517160.0,124366.0,0.0069
04005,Coconino,04,355996330.0,90436074.0,0.0,0.0,0.0
04007,Gila,04,122265954.0,29409049.0,0.0,0.0,0.0
04009,Graham,04,364661688.0,52923192.0,446194.0,100756.0,0.0012
04011,Greenlee,04,9412488.0,1315017.0,0.0,0.0,0.0
04012,La Paz,04,119016100.0,19095483.0,156336.0,0.0,0.0013
04013,Maricopa,04,1463595281.0,82884255.0,784287.0,224390.0,0.0005
04015,Mohave,04,125458140.0,35636550.0,0.0,0.0,0.0
04017,Navajo,04,418390254.0,116280283.0,0.0,0.0,0.0
04019,Pima,04,323761655.0,77486972.0,39533.0,0.0,0.0001
04021,Pinal,04,1761437616.0,259471778.0,19832150.0,4529665.0,0.0113
04025,Yavapai,04,119860486.0,27234620.0,0.0,0.0,0.0
04027,Yuma,04,154688560.0,8257100.0,863486.0,0.0,0.0056
04999,All Other Counties,04,624817925.0,87249846.0,41485930.0,2436206.0,0.0664
05001,Arkansas,05,541636320.0,19248630.0,0.0,0.0,0.0
05003,Ashley,05,480842662.0,37129890.0,1603609.0,1357878.0,0.0033
05007,Benton,05,18954244.0,1896591.0,0.0,0.0,0.0
05009,Boone,05,1096912.0,6382.0,0.0,0.0,0.0
05017,Chicot,05,890504274.0,58718121.0,4903000.0,2887433.0,0.0055
05019,Clark,05,27563390.0,6611101.0,0.0,0.0,0.0
05021,Clay,05,827068440.0,57322583.0,8551.0,0.0,0.0
05029,Conway,05,45039664.0,5078044.0,0.0,0.0,0.0
05031,Craighead,05,872983824.0,67297485.0,175638.0,7324.0,0.0002
05033,Crawford,05,21199915.0,3318908.0,0.0,0.0,0.0
05035,Crittenden,05,872999818.0,57480420.0,0.0,0.0,0.0
05037,Cross,05,933529108.0,94064010.0,1684.0,0.0,0.0
05041,Desha,05,885432522.0,72879123.0,0.0,0.0,0.0
05043,Drew,05,241669515.0,23000985.0,111277.0,106364.0,0.0005
05045,Faulkner,05,27431077.0,5381649.0,0.0,0.0,0.0
05047,Franklin,05,7448462.0,1256538.0,86149.0,45574.0,0.0116
05049,Fulton,05,903821.0,6267.0,0.0,0.0,0.0
05055,Greene,05,760554745.0,83431572.0,109540.0,0.0,0.0001
05059,Hot Spring,05,1969182.0,767380.0,0.0,0.0,0.0
05063,Independence,05,171102640.0,23456123.0,6704.0,2212.0,0.0
05067,Jackson,05,905636926.0,194683655.0,946499.0,602491.0,0.001
05069,Jefferson,05,772921412.0,93814115.0,0.0,0.0,0.0
05071,Johnson,05,7070839.0,965030.0,0.0,0.0,0.0
05073,Lafayette,05,135293935.0,21787974.0,0.0,0.0,0.0
05075,Lawrence,05,734866810.0,112643590.0,0.0,0.0,0.0
05077,Lee,05,648456376.0,60362922.0,0.0,0.0,0.0
05079,Lincoln,05,441678149.0,56307796.0,0.0,0.0,0.0
05081,Little River,05,64459354.0,17913472.0,15244.0,0.0,0.0002
05083,Logan,05,18580099.0,2782156.0,0.0,0.0,0.0
05085,Lonoke,05,592076424.0,57516377.0,507312.0,22526.0,0.0009
05091,Miller,05,150570164.0,62844543.0,0.0,0.0,0.0
05093,Mississippi,05,1455314647.0,58419174.0,186027.0,0.0,0.0001
05095,Monroe,05,567456697.0,73412236.0,0.0,0.0,0.0
05105,Perry,05,13691157.0,3839799.0,0.0,0.0,0.0
05107,Phillips,05,956585137.0,113645575.0,0.0,0.0,0.0
05111,Poinsett,05,1286006196.0,84369744.0,7745.0,0.0,0.0
05115,Pope,05,35817122.0,7779325.0,0.0,0.0,0.0
05117,Prairie,05,352276846.0,29423780.0,1977767.0,113105.0,0.0056
05119,Pulaski,05,83546238.0,15612270.0,0.0,0.0,0.0
05121,Randolph,05,317023837.0,37042829.0,0.0,0.0,0.0
05123,St Francis,05,621813764.0,48385885.0,41010.0,0.0,0.0001
05129,Searcy,05,8344702.0,298543.0,0.0,0.0,0.0
05131,Sebastian,05,7281306.0,1576049.0,0.0,0.0,0.0
05145,White,05,159743733.0,45968992.0,387819.0,212095.0,0.0024
05147,Woodruff,05,546910467.0,76476369.0,405622.0,124950.0,0.0007
05149,Yell,05,19456547.0,3180162.0,0.0,0.0,0.0
05999,All Other Counties,05,353327192.0,31272108.0,0.0,0.0,0.0
06001,Alameda,06,19282644.0,1947283.0,0.0,0.0,0.0
06005,Amador,06,49800276.0,5655066.0,0.0,0.0,0.0
06007,Butte,06,2508274680.0,147814686.0,42244264.0,3975748.0,0.0168
06009,Calaveras,06,31125225.0,4512188.0,23206.0,2853.0,0.0007
06011,Colusa,06,3668842678.0,344685576.0,55654249.0,13779479.0,0.0152
06013,Contra Costa,06,165568630.0,7802273.0,2255145.0,41024.0,0.0136
06017,El Dorado,06,33775039.0,6459740.0,0.0,0.0,0.0
06019,Fresno,06,16940213619.0,943098507.0,596383380.0,32704125.0,0.0352
06021,Glenn,06,2309972528.0,184281109.0,25619935.0,4186028.0,0.0111
06023,Humboldt,06,18696119.0,2464870.0,0.0,0.0,0.0
06025,Imperial,06,612272635.0,54019301.0,5055974.0,893296.0,0.0083
06029,Kern,06,14226464652.0,676778288.0,394630727.0,17353093.0,0.0277
06031,Kings,06,4720896931.0,308182622.0,129323129.0,10184138.0,0.0274
06033,Lake,06,464586022.0,48849096.0,25364984.0,1739695.0,0.0546
06035,Lassen,06,153119557.0,32448106.0,4191933.0,757312.0,0.0274
06037,Los Angeles,06,3073442.0,494664.0,0.0,0.0,0.0
06039,Madera,06,6292386468.0,230297575.0,103076647.0,7650590.0,0.0164
06041,Marin,06,898716.0,0.0,0.0,0.0,0.0
06043,Mariposa,06,8918488.0,1989082.0,0.0,0.0,0.0
06045,Mendocino,06,518785637.0,39809892.0,1309228.0,299615.0,0.0025
06047,Merced,06,6490695880.0,198404536.0,100041607.0,5004592.0,0.0154
06049,Modoc,06,342969460.0,75616407.0,49064316.0,18340095.0,0.1431
06051,Mono,06,39415991.0,1745734.0,0.0,0.0,0.0
06053,Monterey,06,1439136261.0,72867427.0,5109960.0,91713.0,0.0036
06055,Napa,06,3138604294.0,202476958.0,0.0,0.0,0.0
06061,Placer,06,160539445.0,23101121.0,42138529.0,5021124.0,0.2625
06063,Plumas,06,12417304.0,1567506.0,0.0,0.0,0.0
06065,Riverside,06,818892275.0,36277546.0,82965437.0,6189990.0,0.1013
06067,Sacramento,06,1119332670.0,63601386.0,24080852.0,4518220.0,0.0215
06069,San Benito,06,143009145.0,25518003.0,2375701.0,59315.0,0.0166
06071,San Bernardino,06,163484158.0,7913445.0,783078.0,22010.0,0.0048
06073,San Diego,06,581068907.0,27936820.0,75018724.0,5593322.0,0.1291
06077,San Joaquin,06,6261876223.0,353061365.0,62235432.0,4359877.0,0.0099
06079,San Luis Obispo,06,1209488063.0,82441667.0,5443027.0,296724.0,0.0045
06083,Santa Barbara,06,712736601.0,41284403.0,27401360.0,3072995.0,0.0384
06085,Santa Clara,06,79971137.0,22154035.0,1717961.0,215284.0,0.0215
06087,Santa Cruz,06,4912193.0,572179.0,36444.0,0.0,0.0074
06089,Shasta,06,74714029.0,9330009.0,1694675.0,160041.0,0.0227
06093,Siskiyou,06,353435199.0,77144666.0,99424948.0,33255001.0,0.2813
06095,Solano,06,739699786.0,45045266.0,31819303.0,3509795.0,0.043
06097,Sonoma,06,2815018037.0,185260852.0,0.0,0.0,0.0
06099,Stanislaus,06,4874319047.0,135777031.0,48560715.0,5551669.0,0.01
06101,Sutter,06,2490955667.0,308466966.0,79620007.0,13079175.0,0.032
06103,Tehama,06,801501755.0,70802779.0,5075612.0,1136780.0,0.0063
06107,Tulare,06,11143532662.0,413074629.0,411254669.0,22339378.0,0.0369
06109,Tuolumne,06,17182895.0,2024808.0,0.0,0.0,0.0
06111,Ventura,06,1698397776.0,82070269.0,128714673.0,14640494.0,0.0758
06113,Yolo,06,2249659059.0,184475984.0,112755121.0,14094535.0,0.0501
06115,Yuba,06,670559439.0,55663973.0,10691481.0,415133.0,0.0159
06999,All Other Counties,06,2441370959.0,172920983.0,83755878.0,20231733.0,0.0343
08001,Adams,08,395345092.0,71630610.0,2149784.0,591415.0,0.0054
08003,Alamosa,08,496962334.0,45653554.0,65519677.0,10143876.0,0.1318
08005,Arapahoe,08,64289973.0,19148082.0,33591.0,33591.0,0.0005
08009,Baca,08,810200975.0,222503271.0,1374542.0,0.0,0.0017
08011,Bent,08,201445369.0,45487831.0,1116122.0,347332.0,0.0055
08013,Boulder,08,11890342.0,1102093.0,90007.0,0.0,0.0076
08017,Cheyenne,08,483039719.0,99115259.0,228180.0,173243.0,0.0005
08021,Conejos,08,131837941.0,8260646.0,3405595.0,348514.0,0.0258
08023,Costilla,08,51894404.0,3813432.0,6508052.0,778680.0,0.1254
08025,Crowley,08,28978397.0,4148177.0,346679.0,255324.0,0.012
08029,Delta,08,96977765.0,17176539.0,15944052.0,3370560.0,0.1644
08033,Dolores,08,21754538.0,3704292.0,3900650.0,595466.0,0.1793
08039,Elbert,08,91921229.0,14878169.0,0.0,0.0,0.0
08041,El Paso,08,5973775.0,709135.0,0.0,0.0,0.0
08045,Garfield,08,21666789.0,1305109.0,0.0,0.0,0.0
08051,Gunnison,08,10527133.0,338491.0,0.0,0.0,0.0
08055,Huerfano,08,7082153.0,884485.0,0.0,0.0,0.0
08061,Kiowa,08,393651313.0,79964598.0,0.0,0.0,0.0
08063,Kit Carson,08,1674572328.0,203554987.0,11090091.0,6030478.0,0.0066
08067,La Plata,08,10384713.0,1156593.0,0.0,0.0,0.0
08069,Larimer,08,166919727.0,7535970.0,24372590.0,2769771.0,0.146
08071,Las Animas,08,125111489.0,22275183.0,0.0,0.0,0.0
08073,Lincoln,08,321877100.0,68210805.0,0.0,0.0,0.0
08075,Logan,08,640598116.0,61061224.0,520873.0,191783.0,0.0008
08077,Mesa,08,219814408.0,17437789.0,12085102.0,682309.0,0.055
08081,Moffat,08,78363246.0,16438547.0,0.0,0.0,0.0
08083,Montezuma,08,41162704.0,6584806.0,12259.0,0.0,0.0003
08085,Montrose,08,100480881.0,12297828.0,210124.0,44008.0,0.0021
08087,Morgan,08,891828515.0,60115944.0,1388089.0,125432.0,0.0016
08089,Otero,08,121086996.0,24995770.0,140210.0,125730.0,0.0012
08095,Phillips,08,680132883.0,92206127.0,5628030.0,2203467.0,0.0083
08099,Prowers,08,441611147.0,113311497.0,2613744.0,1084571.0,0.0059
08101,Pueblo,08,81924763.0,18969358.0,775086.0,617536.0,0.0095
08103,Rio Blanco,08,6848669.0,691216.0,0.0,0.0,0.0
08105,Rio Grande,08,454096364.0,23502242.0,12397679.0,2381524.0,0.0273
08107,Routt,08,14640772.0,761447.0,0.0,0.0,0.0
08109,Saguache,08,536695424.0,31300385.0,72962742.0,9432805.0,0.1359
08115,Sedgwick,08,361331590.0,44362273.0,1641517.0,737280.0,0.0045
08121,Washington,08,829663569.0,159175029.0,358318.0,101442.0,0.0004
08123,Weld,08,2692145079.0,137628913.0,22394573.0,1757306.0,0.0083
08125,Yuma,08,1800367757.0,141583113.0,31025104.0,5400456.0,0.0172
08999,All Other Counties,08,903097503.0,47709615.0,1747207.0,280635.0,0.0019
09003,Hartford,09,200223845.0,45211034.0,54361.0,33357.0,0.0003
09005,Litchfield,09,5155874.0,661727.0,0.0,0.0,0.0
09011,New London,09,4124878.0,18114.0,0.0,0.0,0.0
09013,Tolland,09,11879371.0,1800036.0,0.0,0.0,0.0
09015,Windham,09,18312580.0,1577823.0,0.0,0.0,0.0
09110,Capitol,09,1636744.0,0.0,0.0,0.0,0.0
09150,Northeastern CT,09,0.0,0.0,0.0,0.0,
09999,All Other Counties,09,193268741.0,6736987.0,0.0,0.0,0.0
10001,Kent,10,468139494.0,9133814.0,842738.0,115747.0,0.0018
10003,New Castle,10,152234997.0,3246568.0,0.0,0.0,0.0
10005,Sussex,10,580670689.0,18102638.0,719119.0,135190.0,0.0012
10999,All Other Counties,10,48494193.0,425155.0,0.0,0.0,0.0
12001,Alachua,12,253087201.0,20427863.0,1667461.0,502174.0,0.0066
12009,Brevard,12,90402163.0,7513920.2,0.0,0.0,0.0
12011,Broward,12,2335340.0,0.0,0.0,0.0,0.0
12013,Calhoun,12,75741111.0,19590916.0,0.0,0.0,0.0
12015,Charlotte,12,847463822.0,78163330.0,0.0,0.0,0.0
12017,Citrus,12,12705155.0,2081868.0,0.0,0.0,0.0
12021,Collier,12,2119410901.0,106226482.7,0.0,0.0,0.0
12023,Columbia,12,45178674.0,6532035.0,30942.0,0.0,0.0007
12027,De Soto,12,3825876538.0,156297810.0,0.0,0.0,0.0
12029,Dixie,12,7817775.0,387602.0,0.0,0.0,0.0
12033,Escambia,12,116781034.0,11758781.0,0.0,0.0,0.0
12035,Flagler,12,19326167.0,2827973.0,0.0,0.0,0.0
12039,Gadsden,12,86856091.0,9322437.0,0.0,0.0,0.0
12041,Gilchrist,12,240397479.0,14950013.0,1815391.0,993055.0,0.0076
12043,Glades,12,435071536.0,30027116.0,0.0,0.0,0.0
12047,Hamilton,12,48822705.0,3803047.0,379651.0,0.0,0.0078
12049,Hardee,12,2421325953.0,102068969.4,0.0,0.0,0.0
12051,Hendry,12,4025374869.0,185895635.0,0.0,0.0,0.0
12053,Hernando,12,13625026.0,1453566.0,0.0,0.0,0.0
12055,Highlands,12,2897616869.0,106601912.0,0.0,0.0,0.0
12057,Hillsborough,12,496981030.0,31645463.2,0.0,0.0,0.0
12059,Holmes,12,56284671.0,18278485.0,0.0,0.0,0.0
12061,Indian River,12,1147492965.0,51556135.0,0.0,0.0,0.0
12063,Jackson,12,372861772.0,94038375.0,25963.0,11930.0,0.0001
12065,Jefferson,12,52750406.0,3288313.0,0.0,0.0,0.0
12067,Lafayette,12,42849546.0,5787740.0,0.0,0.0,0.0
12069,Lake,12,747593491.0,20463620.7,0.0,0.0,0.0
12071,Lee,12,638638959.0,30945665.9,0.0,0.0,0.0
12073,Leon,12,1109650.0,156673.0,0.0,0.0,0.0
12075,Levy,12,179973528.0,15954646.0,0.0,0.0,0.0
12077,Liberty,12,4128646.0,353630.0,0.0,0.0,0.0
12079,Madison,12,131369063.0,6782307.0,250014.0,0.0,0.0019
12081,Manatee,12,823358376.0,44798310.0,0.0,0.0,0.0
12083,Marion,12,88596795.0,8980660.0,0.0,0.0,0.0
12085,Martin,12,436069105.0,17545029.3,0.0,0.0,0.0
12086,Miami - Dade,12,3877423685.0,193944948.7,1663688.0,185297.0,0.0004
12089,Nassau,12,1255888.0,145841.0,0.0,0.0,0.0
12091,Okaloosa,12,31366921.0,3727752.0,0.0,0.0,0.0
12093,Okeechobee,12,535260982.0,55075985.0,0.0,0.0,0.0
12095,Orange,12,219945357.0,6344995.4,0.0,0.0,0.0
12097,Osceola,12,495433009.0,44851466.0,0.0,0.0,0.0
12099,Palm Beach,12,1588280249.0,39436486.1,0.0,0.0,0.0
12101,Pasco,12,90194050.0,8521310.0,0.0,0.0,0.0
12105,Polk,12,3673215009.0,114337200.2,0.0,0.0,0.0
12107,Putnam,12,80447540.0,5008829.0,0.0,0.0,0.0
12109,St Johns,12,126061807.0,4391253.0,0.0,0.0,0.0
12111,St Lucie,12,1489103801.0,67275183.3,0.0,0.0,0.0
12113,Santa Rosa,12,228904770.0,22693308.0,0.0,0.0,0.0
12115,Sarasota,12,65771281.0,8731873.0,0.0,0.0,0.0
12117,Seminole,12,15694272.0,604309.0,0.0,0.0,0.0
12119,Sumter,12,200018295.0,13485760.1,0.0,0.0,0.0
12121,Suwannee,12,172601018.0,12555679.0,382191.0,0.0,0.0022
12127,Volusia,12,65281425.0,3830688.2,0.0,0.0,0.0
12131,Walton,12,46551738.0,6265376.0,0.0,0.0,0.0
12133,Washington,12,38767232.0,8223727.0,0.0,0.0,0.0
12999,All Other Counties,12,1945749422.0,89171263.7,982226.0,175022.0,0.0005
13001,Appling,13,308487408.0,48495805.0,0.0,0.0,0.0
13003,Atkinson,13,219286979.0,30856434.0,0.0,0.0,0.0
13005,Bacon,13,294296123.0,59171406.0,76261.0,37515.0,0.0003
13007,Baker,13,290652600.0,46460050.0,359023.0,193347.0,0.0012
13015,Bartow,13,17660981.0,583830.0,0.0,0.0,0.0
13017,Ben Hill,13,129297184.0,17700125.0,864383.0,205417.0,0.0067
13019,Berrien,13,353938976.0,54243383.0,3368605.0,1209262.0,0.0095
13023,Bleckley,13,90603796.0,7758146.0,0.0,0.0,0.0
13025,Brantley,13,24370818.0,6086879.0,0.0,0.0,0.0
13027,Brooks,13,474790760.0,26964274.0,78302.0,0.0,0.0002
13029,Bryan,13,10835802.0,1085685.0,0.0,0.0,0.0
13031,Bulloch,13,382404343.0,29505291.0,1091700.0,265658.0,0.0029
13033,Burke,13,372539837.0,29204178.0,0.0,0.0,0.0
13037,Calhoun,13,177497905.0,16635556.0,0.0,0.0,0.0
13043,Candler,13,122073805.0,12196468.0,0.0,0.0,0.0
13055,Chattooga,13,11340036.0,765914.0,0.0,0.0,0.0
13061,Clay,13,72084287.0,7800296.0,0.0,0.0,0.0
13065,Clinch,13,200735986.0,28944814.0,0.0,0.0,0.0
13069,Coffee,13,440664371.0,59332300.0,0.0,0.0,0.0
13071,Colquitt,13,550788492.0,52889292.0,0.0,0.0,0.0
13075,Cook,13,210208604.0,27307826.0,0.0,0.0,0.0
13079,Crawford,13,63357884.0,7635052.0,600445.0,34056.0,0.0095
13081,Crisp,13,236640362.0,17190626.0,0.0,0.0,0.0
13087,Decatur,13,604054097.0,69837343.0,0.0,0.0,0.0
13091,Dodge,13,93058715.0,12472316.0,0.0,0.0,0.0
13093,Dooly,13,467300664.0,50857223.0,0.0,0.0,0.0
13095,Dougherty,13,215627647.0,36801508.0,57827.0,38848.0,0.0003
13099,Early,13,402020328.0,63584317.0,165983.0,136816.0,0.0004
13101,Echols,13,2023382.0,184809.0,0.0,0.0,0.0
13103,Effingham,13,55625118.0,7266068.0,0.0,0.0,0.0
13105,Elbert,13,0.0,0.0,0.0,0.0,
13107,Emanuel,13,125514107.0,9712463.0,2772244.0,295658.0,0.0221
13109,Evans,13,71891676.0,6650363.0,0.0,0.0,0.0
13115,Floyd,13,31026500.0,1720964.0,0.0,0.0,0.0
13125,Glascock,13,11435476.0,1187939.0,0.0,0.0,0.0
13129,Gordon,13,25328453.0,2979508.0,0.0,0.0,0.0
13131,Grady,13,370913999.0,26092358.0,0.0,0.0,0.0
13147,Hart,13,2235863.0,235470.0,0.0,0.0,0.0
13153,Houston,13,112210443.0,8232063.0,0.0,0.0,0.0
13155,Irwin,13,339991809.0,46658042.0,0.0,0.0,0.0
13161,Jeff Davis,13,156713458.0,22504130.0,0.0,0.0,0.0
13163,Jefferson,13,131975224.0,9355734.0,0.0,0.0,0.0
13165,Jenkins,13,170563748.0,15819733.0,0.0,0.0,0.0
13167,Johnson,13,34851165.0,3661085.0,1538892.0,171267.0,0.0442
13173,Lanier,13,108101759.0,17183253.0,1741596.0,1645290.0,0.0161
13175,Laurens,13,78164247.0,10507302.0,984896.0,236036.0,0.0126
13177,Lee,13,294642416.0,41845745.0,33720.0,18399.0,0.0001
13179,Liberty,13,46499.0,23697.0,0.0,0.0,0.0
13183,Long,13,2842467.0,396074.0,0.0,0.0,0.0
13185,Lowndes,13,81604384.0,10092899.0,879105.0,280044.0,0.0108
13193,Macon,13,469247045.0,29208085.0,0.0,0.0,0.0
13195,Madison,13,631523.0,0.0,0.0,0.0,0.0
13197,Marion,13,17365245.0,1943370.0,0.0,0.0,0.0
13201,Miller,13,438655954.0,65432412.0,98725.0,59273.0,0.0002
13205,Mitchell,13,780170572.0,84598617.0,95348.0,51215.0,0.0001
13209,Montgomery,13,40066233.0,4980175.0,0.0,0.0,0.0
13211,Morgan,13,10156843.0,1076238.0,0.0,0.0,0.0
13213,Murray,13,11513588.0,1278410.0,0.0,0.0,0.0
13221,Oglethorpe,13,18745946.0,1336313.0,214947.0,0.0,0.0115
13225,Peach,13,204786306.0,16204063.0,0.0,0.0,0.0
13229,Pierce,13,190113487.0,32473939.0,0.0,0.0,0.0
13233,Polk,13,13910791.0,1160447.0,0.0,0.0,0.0
13235,Pulaski,13,173185922.0,13293109.0,0.0,0.0,0.0
13239,Quitman,13,7796385.0,959573.0,0.0,0.0,0.0
13243,Randolph,13,202008373.0,18623650.0,18610.0,0.0,0.0001
13245,Richmond,13,6997203.0,634313.0,0.0,0.0,0.0
13249,Schley,13,11764980.0,2100987.0,0.0,0.0,0.0
13251,Screven,13,215302348.0,23262547.0,0.0,0.0,0.0
13253,Seminole,13,368279870.0,46628657.0,114428.0,94931.0,0.0003
13259,Stewart,13,39431206.0,7911517.0,0.0,0.0,0.0
13261,Sumter,13,301327506.0,35806316.0,754107.0,641691.0,0.0025
13267,Tattnall,13,319140447.0,49828308.0,235051.0,12170.0,0.0007
13269,Taylor,13,22661143.0,3992977.0,0.0,0.0,0.0
13271,Telfair,13,85304811.0,19420068.0,0.0,0.0,0.0
13273,Terrell,13,272643374.0,37659480.0,0.0,0.0,0.0
13275,Thomas,13,290356152.0,20622965.0,0.0,0.0,0.0
13277,Tift,13,216549551.0,29670841.0,0.0,0.0,0.0
13279,Toombs,13,187318660.0,23129933.0,907522.0,114498.0,0.0048
13283,Treutlen,13,23670421.0,4442535.0,0.0,0.0,0.0
13287,Turner,13,237401290.0,23631854.0,0.0,0.0,0.0
13289,Twiggs,13,26108596.0,4667238.0,0.0,0.0,0.0
13295,Walker,13,17334441.0,1249260.0,0.0,0.0,0.0
13297,Walton,13,1178661.0,254978.0,0.0,0.0,0.0
13299,Ware,13,131434073.0,24154783.0,0.0,0.0,0.0
13301,Warren,13,9460425.0,1088930.0,0.0,0.0,0.0
13303,Washington,13,68750353.0,5803065.0,1266232.0,203558.0,0.0184
13305,Wayne,13,153258488.0,19226272.0,0.0,0.0,0.0
13307,Webster,13,85564725.0,13432349.0,0.0,0.0,0.0
13309,Wheeler,13,36878112.0,13433739.0,0.0,0.0,0.0
13311,White,13,1104774.0,87778.0,0.0,0.0,0.0
13313,Whitfield,13,492792.0,47627.0,0.0,0.0,0.0
13315,Wilcox,13,204357113.0,17012549.0,0.0,0.0,0.0
13319,Wilkinson,13,4276036.0,482371.0,0.0,0.0,0.0
13321,Worth,13,583037458.0,54765018.0,0.0,0.0,0.0
13999,All Other Counties,13,1435095243.0,73308469.0,358743.0,10730.0,0.0002
15001,Hawaii,15,1185807056.0,17970064.0,11151324.0,2016880.0,0.0094
15999,All Other Counties,15,314672632.0,2097247.0,0.0,0.0,0.0
16001,Ada,16,278356341.0,9068001.0,1401587.0,419751.0,0.005
16003,Adams,16,17406530.0,269297.0,0.0,0.0,0.0
16005,Bannock,16,94615696.0,7289827.0,3924380.0,1344436.0,0.0415
16007,Bear Lake,16,12329724.0,1676914.0,1348787.0,322412.0,0.1094
16009,Benewah,16,100551435.0,15583445.0,0.0,0.0,0.0
16011,Bingham,16,1817377162.0,70921497.0,5045568.0,483285.0,0.0028
16013,Blaine,16,82802704.0,5690791.0,682566.0,0.0,0.0082
16019,Bonneville,16,474596121.0,25790081.0,1950729.0,311832.0,0.0041
16021,Boundary,16,42193853.0,2949078.0,0.0,0.0,0.0
16023,Butte,16,129634126.0,9756966.0,1552754.0,177779.0,0.012
16025,Camas,16,16922790.0,1749017.0,666760.0,33592.0,0.0394
16027,Canyon,16,1206502638.0,36127525.0,1375943.0,132856.0,0.0011
16029,Caribou,16,328342228.0,24994132.0,501508.0,57089.0,0.0015
16031,Cassia,16,1969695140.0,61330980.0,9670069.0,161057.0,0.0049
16033,Clark,16,17337696.0,942391.0,0.0,0.0,0.0
16035,Clearwater,16,51711057.0,12418988.0,0.0,0.0,0.0
16037,Custer,16,46031852.0,4171256.0,1316202.0,167999.0,0.0286
16039,Elmore,16,381010219.0,19329734.0,13742644.0,4630471.0,0.0361
16041,Franklin,16,52634061.0,3932887.0,895683.0,273274.0,0.017
16043,Fremont,16,443881770.0,25008634.0,154575.0,0.0,0.0003
16045,Gem,16,13613833.0,1121682.0,0.0,0.0,0.0
16047,Gooding,16,637167583.0,14210582.0,3458874.0,12015.0,0.0054
16049,Idaho,16,467938407.0,73971700.0,0.0,0.0,0.0
16051,Jefferson,16,699640949.0,23495160.0,265397.0,0.0,0.0004
16053,Jerome,16,1468599823.0,33161319.0,1996784.0,106747.0,0.0014
16055,Kootenai,16,42141905.0,6732558.0,0.0,0.0,0.0
16057,Latah,16,602298800.0,62684990.0,0.0,0.0,0.0
16059,Lemhi,16,30635926.0,3110250.0,0.0,0.0,0.0
16061,Lewis,16,390725133.0,51338279.0,0.0,0.0,0.0
16063,Lincoln,16,431887843.0,20810794.0,7461541.0,2737863.0,0.0173
16065,Madison,16,421297559.0,9558550.0,1203138.0,109277.0,0.0029
16067,Minidoka,16,984235033.0,14835131.0,1061777.0,0.0,0.0011
16069,Nez Perce,16,501397754.0,59198134.0,191486.0,50912.0,0.0004
16071,Oneida,16,82595427.0,14654350.0,3441467.0,1112760.0,0.0417
16073,Owyhee,16,447005005.0,16093635.0,69184.0,0.0,0.0002
16075,Payette,16,171955300.0,6195666.0,0.0,0.0,0.0
16077,Power,16,899536211.0,44033056.0,2082296.0,467272.0,0.0023
16081,Teton,16,97415874.0,4303186.0,3255416.0,407078.0,0.0334
16083,Twin Falls,16,1066540726.0,34179256.0,27020959.0,3533963.0,0.0253
16087,Washington,16,54359477.0,5587298.0,0.0,0.0,0.0
16999,All Other Counties,16,846901760.0,44845434.0,6301677.0,636621.0,0.0074
17001,Adams,17,1394997742.0,37804473.0,1063004.0,253492.0,0.0008
17003,Alexander,17,151192319.0,22939873.0,0.0,0.0,0.0
17005,Bond,17,693540264.0,27354053.0,168618.0,0.0,0.0002
17007,Boone,17,676678603.0,15445992.0,4411101.0,216638.0,0.0065
17009,Brown,17,367191620.0,9348807.0,2735437.0,937766.0,0.0074
17011,Bureau,17,2332382089.0,47156513.0,18145594.0,754891.0,0.0078
17013,Calhoun,17,187761809.0,16002704.0,0.0,0.0,0.0
17015,Carroll,17,1094368423.0,9990094.0,41385.0,2292.0,0.0
17017,Cass,17,643246350.0,8520625.0,614422.0,54543.0,0.001
17019,Champaign,17,2877831373.0,26002948.0,1701585.0,205736.0,0.0006
17021,Christian,17,1939682689.0,10377391.0,1849097.0,554916.0,0.001
17023,Clark,17,815799731.0,13322582.0,223772.0,64264.0,0.0003
17025,Clay,17,742456482.0,35686397.0,522522.0,0.0,0.0007
17027,Clinton,17,894137774.0,39435383.0,0.0,0.0,0.0
17029,Coles,17,1223894731.0,6781721.0,228705.0,14467.0,0.0002
17031,Cook,17,31739479.0,4201029.0,1154515.0,342497.0,0.0364
17033,Crawford,17,682307661.0,14009188.0,13924.0,0.0,0.0
17035,Cumberland,17,647253955.0,12419095.0,150704.0,40547.0,0.0002
17037,De Kalb,17,1856783138.0,37362502.0,38038340.0,1287470.0,0.0205
17039,De Witt,17,1077848889.0,5373515.0,2171370.0,81272.0,0.002
17041,Douglas,17,1155832490.0,5413698.0,207581.0,76130.0,0.0002
17043,Du Page,17,19072776.0,966634.0,0.0,0.0,0.0
17045,Edgar,17,1636317528.0,9979098.0,1325316.0,406980.0,0.0008
17047,Edwards,17,364433537.0,17103253.0,0.0,0.0,0.0
17049,Effingham,17,776454870.0,18258587.0,0.0,0.0,0.0
17051,Fayette,17,1110117888.0,44159166.0,151490.0,43534.0,0.0001
17053,Ford,17,1473956868.0,23140078.0,3451767.0,333210.0,0.0023
17055,Franklin,17,418393610.0,21868828.0,0.0,0.0,0.0
17057,Fulton,17,1174762415.0,26415918.0,0.0,0.0,0.0
17059,Gallatin,17,664452888.0,33062232.0,0.0,0.0,0.0
17061,Greene,17,1069322599.0,25967635.0,567876.0,167252.0,0.0005
17063,Grundy,17,1006405603.0,27571524.0,220852.0,0.0,0.0002
17065,Hamilton,17,733779870.0,40420168.0,356523.0,265611.0,0.0005
17067,Hancock,17,1694710568.0,29049621.0,635551.0,279280.0,0.0004
17069,Hardin,17,25462930.0,3048819.0,186289.0,125925.0,0.0073
17071,Henderson,17,815653186.0,13284519.0,4736181.0,588546.0,0.0058
17073,Henry,17,2214593146.0,38672199.0,2841183.0,267271.0,0.0013
17075,Iroquois,17,3259824668.0,108939132.0,14577621.0,1848879.0,0.0045
17077,Jackson,17,432109714.0,22276757.0,0.0,0.0,0.0
17079,Jasper,17,887076035.0,18889651.0,1546177.0,298569.0,0.0017
17081,Jefferson,17,536148201.0,29691778.0,0.0,0.0,0.0
17083,Jersey,17,538590969.0,9760725.0,0.0,0.0,0.0
17085,Jo Daviess,17,971568278.0,19655068.0,1537595.0,25659.0,0.0016
17087,Johnson,17,79929254.0,8083340.0,0.0,0.0,0.0
17089,Kane,17,732287658.0,23983770.0,4467079.0,622971.0,0.0061
17091,Kankakee,17,1582528405.0,68755290.0,4083127.0,591763.0,0.0026
17093,Kendall,17,677405487.0,18773291.0,379677.0,178918.0,0.0006
17095,Knox,17,1467232036.0,13397757.0,102202.0,82225.0,0.0001
17097,Lake,17,67626785.0,4213699.0,0.0,0.0,0.0
17099,La Salle,17,2799406292.0,47680600.0,1628926.0,204025.0,0.0006
17101,Lawrence,17,644468447.0,13382097.0,1772054.0,0.0,0.0027
17103,Lee,17,2097796990.0,30485528.0,4614357.0,189457.0,0.0022
17105,Livingston,17,3206966072.0,51634870.0,20814554.0,449579.0,0.0065
17107,Logan,17,2002146385.0,21051856.0,4113879.0,395416.0,0.0021
17109,Mcdonough,17,1420963870.0,20730384.0,334231.0,92540.0,0.0002
17111,Mchenry,17,812796549.0,25099069.0,574877.0,306134.0,0.0007
17113,Mclean,17,3576983438.0,22103831.0,7297777.0,353701.0,0.002
17115,Macon,17,1587228371.0,5517258.0,3800350.0,59713.0,0.0024
17117,Macoupin,17,1887178059.0,34962483.0,901352.0,193217.0,0.0005
17119,Madison,17,980081643.0,14319860.0,279365.0,151417.0,0.0003
17121,Marion,17,751357322.0,37745907.0,199828.0,90168.0,0.0003
17123,Marshall,17,1010724552.0,9360483.0,877061.0,69919.0,0.0009
17125,Mason,17,968154344.0,16744609.0,921034.0,30824.0,0.001
17127,Massac,17,169303940.0,8456353.0,0.0,0.0,0.0
17129,Menard,17,770431223.0,8647403.0,1103520.0,-85015.0,0.0014
17131,Mercer,17,1415181935.0,14652692.0,3962988.0,704109.0,0.0028
17133,Monroe,17,471482894.0,28830212.0,0.0,0.0,0.0
17135,Montgomery,17,1589985899.0,18846928.0,342806.0,89684.0,0.0002
17137,Morgan,17,1318585457.0,18711183.0,340285.0,1568.0,0.0003
17139,Moultrie,17,880612280.0,3769768.0,1108970.0,114258.0,0.0013
17141,Ogle,17,2071852419.0,28056054.0,2049958.0,88943.0,0.001
17143,Peoria,17,1033389637.0,13675184.0,1458987.0,73959.0,0.0014
17145,Perry,17,506016053.0,23658682.0,0.0,0.0,0.0
17147,Piatt,17,1422033233.0,3731960.0,6686539.0,120293.0,0.0047
17149,Pike,17,1344546650.0,52504842.0,88255.0,6101.0,0.0001
17151,Pope,17,64447811.0,3868919.0,57794.0,57794.0,0.0009
17153,Pulaski,17,201793933.0,9134862.0,0.0,0.0,0.0
17155,Putnam,17,297795088.0,6594714.0,1262450.0,209035.0,0.0042
17157,Randolph,17,561037756.0,25346904.0,0.0,0.0,0.0
17159,Richland,17,631088407.0,16658322.0,32912.0,2371.0,0.0001
17161,Rock Island,17,596369435.0,9012484.0,653864.0,15173.0,0.0011
17163,St Clair,17,853118442.0,21779604.0,0.0,0.0,0.0
17165,Saline,17,422274791.0,11885619.0,0.0,0.0,0.0
17167,Sangamon,17,2296314029.0,21396360.0,9776950.0,402061.0,0.0043
17169,Schuyler,17,578167813.0,18585222.0,0.0,0.0,0.0
17171,Scott,17,498267933.0,12066393.0,0.0,0.0,0.0
17173,Shelby,17,1654932995.0,21547727.0,4025962.0,1124164.0,0.0024
17175,Stark,17,961282990.0,6644426.0,749397.0,3059.0,0.0008
17177,Stephenson,17,1499727788.0,21382900.0,2601591.0,348662.0,0.0017
17179,Tazewell,17,1241834114.0,17348767.0,6308791.0,210189.0,0.0051
17181,Union,17,150807244.0,14005352.0,0.0,0.0,0.0
17183,Vermilion,17,2333440277.0,32157406.0,4043463.0,525661.0,0.0017
17185,Wabash,17,410118593.0,10461176.0,78486.0,0.0,0.0002
17187,Warren,17,1449467896.0,9929541.0,917687.0,202248.0,0.0006
17189,Washington,17,1149026294.0,36735299.0,0.0,0.0,0.0
17191,Wayne,17,1161567179.0,84858008.0,0.0,0.0,0.0
17193,White,17,961338531.0,43782250.0,109203.0,29996.0,0.0001
17195,Whiteside,17,1668240601.0,35093643.0,2732622.0,147963.0,0.0016
17197,Will,17,880706616.0,34780683.0,1532154.0,125064.0,0.0017
17199,Williamson,17,194182443.0,12005312.0,0.0,0.0,0.0
17201,Winnebago,17,782349770.0,19881619.0,2927476.0,7104.0,0.0037
17203,Woodford,17,1390673800.0,12145363.0,33003483.0,369783.0,0.0237
17999,All Other Counties,17,1618616264.0,47063267.0,4541891.0,445093.0,0.0028
18001,Adams,18,607681540.0,26639055.0,2336023.0,353889.0,0.0038
18003,Allen,18,713564136.0,26753283.0,859204.0,211967.0,0.0012
18005,Bartholomew,18,519625878.0,14862258.0,3270.0,0.0,0.0
18007,Benton,18,1216677780.0,12631283.0,613018.0,0.0,0.0005
18009,Blackford,18,335015353.0,11587804.0,1366722.0,111.0,0.0041
18011,Boone,18,1112798019.0,28415667.0,1692993.0,123164.0,0.0015
18013,Brown,18,991268.0,65212.0,0.0,0.0,0.0
18015,Carroll,18,904733096.0,12530705.0,353218.0,9618.0,0.0004
18017,Cass,18,772172740.0,15559882.0,424053.0,84150.0,0.0005
18019,Clark,18,172237220.0,8339155.0,0.0,0.0,0.0
18021,Clay,18,460170452.0,11521390.0,138770.0,-426.0,0.0003
18023,Clinton,18,1069291297.0,22379705.0,673028.0,55851.0,0.0006
18025,Crawford,18,39932211.0,2255665.0,0.0,0.0,0.0
18027,Daviess,18,778375875.0,28708676.0,8765415.0,2041853.0,0.0113
18029,Dearborn,18,56364277.0,4970004.0,20203.0,8199.0,0.0004
18031,Decatur,18,752210450.0,13095736.0,780811.0,241496.0,0.001
18033,De Kalb,18,461407388.0,15041062.0,851888.0,130668.0,0.0018
18035,Delaware,18,706571722.0,21973014.0,92388.0,5648.0,0.0001
18037,Dubois,18,466244750.0,17478828.0,0.0,0.0,0.0
18039,Elkhart,18,306557145.0,6037114.0,198471.0,45726.0,0.0006
18041,Fayette,18,331098885.0,3606547.0,71897.0,0.0,0.0002
18043,Floyd,18,21518610.0,860920.0,0.0,0.0,0.0
18045,Fountain,18,777319001.0,12694092.0,5600796.0,688060.0,0.0072
18047,Franklin,18,313683722.0,10119982.0,0.0,0.0,0.0
18049,Fulton,18,637722159.0,9659643.0,547302.0,0.0,0.0009
18051,Gibson,18,947816765.0,37681364.0,279265.0,41714.0,0.0003
18053,Grant,18,892059207.0,17603353.0,3882425.0,72473.0,0.0044
18055,Greene,18,385827608.0,28939458.0,15479753.0,3916357.0,0.0401
18057,Hamilton,18,426007234.0,14295916.0,629386.0,225232.0,0.0015
18059,Hancock,18,617652720.0,20332668.0,742722.0,168888.0,0.0012
18061,Harrison,18,233125732.0,5271288.0,0.0,0.0,0.0
18063,Hendricks,18,881256780.0,12817999.0,3134.0,0.0,0.0
18065,Henry,18,787571523.0,21171203.0,276933.0,137451.0,0.0004
18067,Howard,18,568008796.0,6129399.0,351867.0,0.0,0.0006
18069,Huntington,18,832110769.0,27843832.0,2591694.0,660901.0,0.0031
18071,Jackson,18,449108080.0,34085974.0,0.0,0.0,0.0
18073,Jasper,18,1981675738.0,76345914.0,4029192.0,111987.0,0.002
18075,Jay,18,769651401.0,33461360.0,516171.0,221763.0,0.0007
18077,Jefferson,18,196965660.0,17251606.0,0.0,0.0,0.0
18079,Jennings,18,326685547.0,24897683.0,0.0,0.0,0.0
18081,Johnson,18,425538886.0,9921437.0,0.0,0.0,0.0
18083,Knox,18,1054693787.0,34592582.0,0.0,0.0,0.0
18085,Kosciusko,18,930336298.0,10289561.0,2651239.0,405425.0,0.0028
18087,Lagrange,18,329318381.0,4486407.0,1366710.0,71316.0,0.0042
18089,Lake,18,486131064.0,18191771.0,0.0,0.0,0.0
18091,La Porte,18,657336587.0,11519368.0,770571.0,0.0,0.0012
18093,Lawrence,18,169494384.0,11335295.0,0.0,0.0,0.0
18095,Madison,18,762716318.0,27493818.0,1848297.0,699360.0,0.0024
18097,Marion,18,52742493.0,2598018.0,0.0,0.0,0.0
18099,Marshall,18,642957565.0,13733970.0,0.0,0.0,0.0
18101,Martin,18,151936294.0,8853593.0,0.0,0.0,0.0
18103,Miami,18,662150030.0,14225272.0,32250.0,0.0,0.0
18105,Monroe,18,48055386.0,3345692.0,376584.0,292297.0,0.0078
18107,Montgomery,18,1263943002.0,15714637.0,3596522.0,488010.0,0.0028
18109,Morgan,18,388465446.0,5778933.0,0.0,0.0,0.0
18111,Newton,18,890616050.0,33666295.0,1499340.0,178476.0,0.0017
18113,Noble,18,517909099.0,6188362.0,2775575.0,15149.0,0.0054
18115,Ohio,18,19811519.0,1079572.0,0.0,0.0,0.0
18117,Orange,18,221502583.0,5119299.0,0.0,0.0,0.0
18119,Owen,18,197008789.0,9558032.0,53888.0,51073.0,0.0003
18121,Parke,18,564341695.0,11897197.0,1339992.0,23761.0,0.0024
18123,Perry,18,97348123.0,3158096.0,0.0,0.0,0.0
18125,Pike,18,310407836.0,17665636.0,0.0,0.0,0.0
18127,Porter,18,520433811.0,13100553.0,1853117.0,280683.0,0.0036
18129,Posey,18,784852953.0,20647766.0,0.0,0.0,0.0
18131,Pulaski,18,883466345.0,36072358.0,1319229.0,49399.0,0.0015
18133,Putnam,18,770590538.0,11357702.0,308606.0,0.0,0.0004
18135,Randolph,18,978096628.0,22449386.0,1049590.0,325304.0,0.0011
18137,Ripley,18,380506300.0,27370246.0,152990.0,52448.0,0.0004
18139,Rush,18,974121596.0,11422553.0,191495.0,87957.0,0.0002
18141,St Joseph,18,416495748.0,13353258.0,27670.0,0.0,0.0001
18143,Scott,18,120569138.0,11102915.0,0.0,0.0,0.0
18145,Shelby,18,918045349.0,13789859.0,82390.0,76863.0,0.0001
18147,Spencer,18,503890646.0,9243157.0,0.0,0.0,0.0
18149,Starke,18,352741874.0,21295631.0,515959.0,237494.0,0.0015
18151,Steuben,18,364744658.0,12056566.0,91310.0,5014.0,0.0003
18153,Sullivan,18,559752546.0,17070146.0,31592.0,17953.0,0.0001
18155,Switzerland,18,59735113.0,4375567.0,85427.0,30894.0,0.0014
18157,Tippecanoe,18,930347159.0,17255932.0,249947.0,3032.0,0.0003
18159,Tipton,18,590796449.0,7656786.0,24818.0,0.0,0.0
18161,Union,18,316609115.0,2978295.0,0.0,0.0,0.0
18163,Vanderburgh,18,266441519.0,5794390.0,0.0,0.0,0.0
18165,Vermillion,18,403402073.0,9888482.0,974268.0,459087.0,0.0024
18167,Vigo,18,358643846.0,17368594.0,246368.0,184732.0,0.0007
18169,Wabash,18,785815764.0,19959099.0,513364.0,81381.0,0.0007
18171,Warren,18,847103666.0,8527985.0,56768.0,52301.0,0.0001
18173,Warrick,18,334041293.0,19346858.0,1276690.0,408996.0,0.0038
18175,Washington,18,419919870.0,14778568.0,0.0,0.0,0.0
18177,Wayne,18,621065939.0,12096983.0,1481642.0,360173.0,0.0024
18179,Wells,18,839802431.0,34234450.0,2544229.0,501728.0,0.003
18181,White,18,1456199785.0,45650187.0,4025302.0,199706.0,0.0028
18183,Whitley,18,666570260.0,14204645.0,476172.0,47262.0,0.0007
18999,All Other Counties,18,1938335815.0,65639560.0,2506682.0,436505.0,0.0013
19001,Adair,19,1038382696.0,32187776.0,213519.0,44166.0,0.0002
19003,Adams,19,630939454.0,14825998.0,0.0,0.0,0.0
19005,Allamakee,19,675405654.0,15131316.0,12116207.0,1408171.0,0.0179
19007,Appanoose,19,314570570.0,20322000.0,332250.0,77308.0,0.0011
19009,Audubon,19,1174359795.0,25166563.0,7315188.0,185414.0,0.0062
19011,Benton,19,2011773600.0,89978584.0,4905203.0,515848.0,0.0024
19013,Black Hawk,19,1363470048.0,40313340.0,1480197.0,207366.0,0.0011
19015,Boone,19,1509980711.0,32697402.0,817001.0,203668.0,0.0005
19017,Bremer,19,1104613307.0,18429437.0,555620.0,41135.0,0.0005
19019,Buchanan,19,1674693564.0,30507012.0,2661202.0,95585.0,0.0016
19021,Buena Vista,19,1904653642.0,35333587.0,1022514.0,203629.0,0.0005
19023,Butler,19,1537276733.0,40723035.0,5964159.0,97478.0,0.0039
19025,Calhoun,19,1762480591.0,28225238.0,488137.0,77041.0,0.0003
19027,Carroll,19,1801274671.0,48858883.0,14479995.0,560126.0,0.008
19029,Cass,19,1268799242.0,20319305.0,495272.0,23742.0,0.0004
19031,Cedar,19,1592493097.0,25861801.0,1986922.0,494930.0,0.0012
19033,Cerro Gordo,19,1506842122.0,23696165.0,3325168.0,1401760.0,0.0022
19035,Cherokee,19,1693787405.0,28771207.0,4127931.0,178715.0,0.0024
19037,Chickasaw,19,1763942568.0,38007712.0,1996563.0,178734.0,0.0011
19039,Clarke,19,275610595.0,24802174.0,1301390.0,767745.0,0.0047
19041,Clay,19,1427917763.0,38075554.0,110738.0,27804.0,0.0001
19043,Clayton,19,1212720248.0,17975584.0,2601790.0,386657.0,0.0021
19045,Clinton,19,1790579562.0,34702520.0,115586.0,109823.0,0.0001
19047,Crawford,19,2080830968.0,57120909.0,2941076.0,74618.0,0.0014
19049,Dallas,19,1187588754.0,33368111.0,4197090.0,209518.0,0.0035
19051,Davis,19,421355039.0,26130103.0,21656810.0,1807286.0,0.0514
19053,Decatur,19,319817685.0,18269378.0,527835.0,249036.0,0.0017
19055,Delaware,19,1671537322.0,34440956.0,403899.0,27508.0,0.0002
19057,Des Moines,19,695213481.0,11486159.0,2295046.0,164704.0,0.0033
19059,Dickinson,19,918760160.0,19704215.0,2323154.0,8125.0,0.0025
19061,Dubuque,19,1290801485.0,29426909.0,5089203.0,596577.0,0.0039
19063,Emmet,19,1109783587.0,23378083.0,3750440.0,13563.0,0.0034
19065,Fayette,19,2109135346.0,37436038.0,5712784.0,420031.0,0.0027
19067,Floyd,19,1281024132.0,27033642.0,6950707.0,136237.0,0.0054
19069,Franklin,19,1840746016.0,26953797.0,10519062.0,1528833.0,0.0057
19071,Fremont,19,1105315692.0,37823336.0,0.0,0.0,0.0
19073,Greene,19,1744669584.0,41703679.0,23620959.0,1436373.0,0.0135
19075,Grundy,19,1748384185.0,23746360.0,264544.0,7697.0,0.0002
19077,Guthrie,19,1040190910.0,27730665.0,5475560.0,867554.0,0.0053
19079,Hamilton,19,1854428378.0,20719625.0,13621011.0,393223.0,0.0073
19081,Hancock,19,1749377961.0,25158374.0,11225712.0,536617.0,0.0064
19083,Hardin,19,3509572542.0,44193010.0,2248688.0,165547.0,0.0006
19085,Harrison,19,1575363667.0,57046559.0,170666.0,0.0,0.0001
19087,Henry,19,729700215.0,13297204.0,2758236.0,439022.0,0.0038
19089,Howard,19,1214030227.0,26627619.0,7512475.0,994076.0,0.0062
19091,Humboldt,19,1265740465.0,20351710.0,8472910.0,28707.0,0.0067
19093,Ida,19,1331253485.0,34608031.0,12731987.0,726641.0,0.0096
19095,Iowa,19,1208816105.0,35064351.0,7724487.0,553548.0,0.0064
19097,Jackson,19,924612596.0,18783029.0,175163.0,7120.0,0.0002
19099,Jasper,19,1747932333.0,26970215.0,770171.0,368240.0,0.0004
19101,Jefferson,19,656235124.0,24591462.0,7999465.0,2842950.0,0.0122
19103,Johnson,19,1122855312.0,27131852.0,1443297.0,211357.0,0.0013
19105,Jones,19,1356122253.0,46142206.0,343360.0,294355.0,0.0003
19107,Keokuk,19,1152474590.0,19824728.0,5519108.0,791837.0,0.0048
19109,Kossuth,19,2941113781.0,36197842.0,68719500.0,1413116.0,0.0234
19111,Lee,19,638179799.0,18355962.0,900237.0,190646.0,0.0014
19113,Linn,19,1391300936.0,57781580.0,1184970.0,192160.0,0.0009
19115,Louisa,19,727460433.0,10440775.0,873477.0,64392.0,0.0012
19117,Lucas,19,280628944.0,17051689.0,1117017.0,24689.0,0.004
19119,Lyon,19,2431982827.0,56758927.0,5682258.0,672601.0,0.0023
19121,Madison,19,618518082.0,10636561.0,147038.0,24081.0,0.0002
19123,Mahaska,19,1260839077.0,15285600.0,3825980.0,490641.0,0.003
19125,Marion,19,662785909.0,10249284.0,4335592.0,487238.0,0.0065
19127,Marshall,19,1617773853.0,59214328.0,355446.0,0.0,0.0002
19129,Mills,19,922716672.0,19691573.0,0.0,0.0,0.0
19131,Mitchell,19,1409500665.0,49176183.0,5133605.0,416645.0,0.0036
19133,Monona,19,1545636269.0,56330130.0,103772.0,0.0,0.0001
19135,Monroe,19,246244888.0,16130334.0,165161.0,42598.0,0.0007
19137,Montgomery,19,912452171.0,9341298.0,516376.0,115411.0,0.0006
19139,Muscatine,19,855497458.0,10777274.0,621508.0,168636.0,0.0007
19141,O Brien,19,1997033151.0,26832002.0,14700830.0,608287.0,0.0074
19143,Osceola,19,1228121802.0,23712669.0,3118225.0,25527.0,0.0025
19145,Page,19,1081669664.0,13946385.0,111307.0,10023.0,0.0001
19147,Palo Alto,19,1614774847.0,36925724.0,141143205.0,3480295.0,0.0874
19149,Plymouth,19,2644490949.0,102778488.0,3424853.0,370868.0,0.0013
19151,Pocahontas,19,1750792544.0,29373157.0,12379102.0,204765.0,0.0071
19153,Polk,19,714573228.0,14614009.0,2950708.0,150817.0,0.0041
19155,Pottawattamie,19,2342672499.0,47673318.0,1250124.0,53368.0,0.0005
19157,Poweshiek,19,1441964053.0,40281258.0,704834.0,144095.0,0.0005
19159,Ringgold,19,446993597.0,21761272.0,1008760.0,144154.0,0.0023
19161,Sac,19,1865771161.0,36557707.0,12649105.0,239384.0,0.0068
19163,Scott,19,1107785597.0,12636303.0,503332.0,102752.0,0.0005
19165,Shelby,19,1758553481.0,48125020.0,5827916.0,466896.0,0.0033
19167,Sioux,19,4291193414.0,118111657.0,11716142.0,314282.0,0.0027
19169,Story,19,1495836408.0,32924280.0,3134211.0,246936.0,0.0021
19171,Tama,19,1830113899.0,72587803.0,8009622.0,816308.0,0.0044
19173,Taylor,19,709027541.0,21991953.0,1985633.0,585043.0,0.0028
19175,Union,19,486314563.0,23566822.0,2074381.0,692510.0,0.0043
19177,Van Buren,19,445270648.0,25495804.0,3871250.0,454488.0,0.0087
19179,Wapello,19,520054345.0,17810881.0,288944.0,105649.0,0.0006
19181,Warren,19,564884704.0,12451583.0,438654.0,31581.0,0.0008
19183,Washington,19,1608441120.0,24093499.0,5502037.0,773399.0,0.0034
19185,Wayne,19,498859630.0,26310242.0,381790.0,77427.0,0.0008
19187,Webster,19,2162974160.0,29204739.0,243745.0,868.0,0.0001
19189,Winnebago,19,1115567266.0,12228419.0,3741348.0,201256.0,0.0034
19191,Winneshiek,19,1364854179.0,29441985.0,25364829.0,2729606.0,0.0186
19193,Woodbury,19,2064221740.0,115551571.0,1406636.0,264437.0,0.0007
19195,Worth,19,1089607027.0,18167508.0,567814.0,147964.0,0.0005
19197,Wright,19,1739590106.0,23118937.0,2155462.0,35625.0,0.0012
19999,All Other Counties,19,3601986769.0,127530871.0,2369809.0,709656.0,0.0007
20001,Allen,20,280689804.0,35935730.0,319638.0,229344.0,0.0011
20003,Anderson,20,399758307.0,39928492.0,237610.0,15198.0,0.0006
20005,Atchison,20,537867995.0,12981012.0,0.0,0.0,0.0
20007,Barber,20,279759455.0,41049389.0,0.0,0.0,0.0
20009,Barton,20,617838675.0,82124408.0,6123.0,0.0,0.0
20011,Bourbon,20,174725093.0,20495156.0,0.0,0.0,0.0
20013,Brown,20,1106683163.0,26217665.0,758810.0,196836.0,0.0007
20015,Butler,20,558512737.0,76049609.0,97585.0,18767.0,0.0002
20017,Chase,20,185023820.0,16076994.0,0.0,0.0,0.0
20019,Chautauqua,20,41076305.0,5620458.0,0.0,0.0,0.0
20021,Cherokee,20,542144557.0,65459830.0,358304.0,72423.0,0.0007
20023,Cheyenne,20,563572755.0,73656930.0,532715.0,74269.0,0.0009
20025,Clark,20,199588238.0,28378616.0,0.0,0.0,0.0
20027,Clay,20,615404494.0,57429968.0,386157.0,218460.0,0.0006
20029,Cloud,20,584518719.0,72082702.0,297814.0,39863.0,0.0005
20031,Coffey,20,322982008.0,28458274.0,164044.0,78173.0,0.0005
20033,Comanche,20,111636185.0,20518941.0,2735.0,773.0,0.0
20035,Cowley,20,367323096.0,59793341.0,6954.0,0.0,0.0
20037,Crawford,20,369279255.0,57247042.0,2465253.0,1336867.0,0.0067
20039,Decatur,20,525856517.0,103554500.0,2058081.0,1552674.0,0.0039
20041,Dickinson,20,690465774.0,76116914.0,331554.0,118183.0,0.0005
20043,Doniphan,20,735115281.0,11404034.0,0.0,0.0,0.0
20045,Douglas,20,208041701.0,10948045.0,21073.0,739.0,0.0001
20047,Edwards,20,610214787.0,53108139.0,0.0,0.0,0.0
20049,Elk,20,78645390.0,11198177.0,0.0,0.0,0.0
20051,Ellis,20,262351654.0,35377642.0,0.0,0.0,0.0
20053,Ellsworth,20,266035161.0,39774493.0,0.0,0.0,0.0
20055,Finney,20,1074213130.0,141130583.0,156115.0,42499.0,0.0001
20057,Ford,20,894636446.0,68982814.0,70678.0,0.0,0.0001
20059,Franklin,20,330263435.0,25249285.0,0.0,0.0,0.0
20061,Geary,20,110299563.0,8279662.0,0.0,0.0,0.0
20063,Gove,20,581375799.0,119357784.0,383467.0,10365.0,0.0007
20065,Graham,20,405391952.0,76337972.0,8342.0,7971.0,0.0
20067,Grant,20,447114057.0,67691469.0,4038870.0,183856.0,0.009
20069,Gray,20,924249826.0,86282034.0,401500.0,178072.0,0.0004
20071,Greeley,20,510320579.0,82478522.0,701068.0,247627.0,0.0014
20073,Greenwood,20,209519938.0,23681243.0,0.0,0.0,0.0
20075,Hamilton,20,1233242885.0,111116217.0,0.0,0.0,0.0
20077,Harper,20,435314830.0,66751947.0,51753.0,0.0,0.0001
20079,Harvey,20,630462719.0,70767212.0,763176.0,198416.0,0.0012
20081,Haskell,20,815040144.0,74109333.0,1544.0,0.0,0.0
20083,Hodgeman,20,327202128.0,40307237.0,87297.0,0.0,0.0003
20085,Jackson,20,327074007.0,14979064.0,4115.0,0.0,0.0
20087,Jefferson,20,357663215.0,11082179.0,0.0,0.0,0.0
20089,Jewell,20,790404532.0,78468873.0,51394.0,27390.0,0.0001
20091,Johnson,20,112475918.0,8276255.0,0.0,0.0,0.0
20093,Kearny,20,518762601.0,77002874.0,914774.0,407778.0,0.0018
20095,Kingman,20,412123814.0,46794993.0,3779.0,0.0,0.0
20097,Kiowa,20,337804464.0,25839382.0,0.0,0.0,0.0
20099,Labette,20,363831841.0,56858224.0,0.0,0.0,0.0
20101,Lane,20,372827210.0,77773274.0,0.0,0.0,0.0
20103,Leavenworth,20,170589900.0,6781031.0,0.0,0.0,0.0
20105,Lincoln,20,356510085.0,49900444.0,0.0,0.0,0.0
20107,Linn,20,256047833.0,28022361.0,188597.0,15633.0,0.0007
20109,Logan,20,550203942.0,98556683.0,21209.0,0.0,0.0
20111,Lyon,20,393369334.0,36007028.0,0.0,0.0,0.0
20113,Mcpherson,20,862466471.0,81075423.0,459337.0,153190.0,0.0005
20115,Marion,20,653659268.0,70370983.0,664061.0,216507.0,0.001
20117,Marshall,20,1079068167.0,48748445.0,743536.0,154412.0,0.0007
20119,Meade,20,658103503.0,42052518.0,0.0,0.0,0.0
20121,Miami,20,218230923.0,18416587.0,0.0,0.0,0.0
20123,Mitchell,20,641854480.0,94670415.0,161774.0,74845.0,0.0003
20125,Montgomery,20,306866804.0,46674601.0,0.0,0.0,0.0
20127,Morris,20,254631062.0,27255040.0,0.0,0.0,0.0
20129,Morton,20,290667668.0,71270074.0,28395.0,17610.0,0.0001
20131,Nemaha,20,1041004529.0,65536485.0,610215.0,106719.0,0.0006
20133,Neosho,20,280567339.0,35460304.0,417.0,42.0,0.0
20135,Ness,20,368125591.0,66214023.0,0.0,0.0,0.0
20137,Norton,20,519326537.0,100645199.0,247679.0,103597.0,0.0005
20139,Osage,20,352267402.0,35277508.0,0.0,0.0,0.0
20141,Osborne,20,490473848.0,89326597.0,0.0,0.0,0.0
20143,Ottawa,20,459160504.0,46732601.0,0.0,0.0,0.0
20145,Pawnee,20,610351846.0,56204236.0,0.0,0.0,0.0
20147,Phillips,20,475818889.0,55002416.0,0.0,0.0,0.0
20149,Pottawatomie,20,331076093.0,12304189.0,0.0,0.0,0.0
20151,Pratt,20,715551135.0,73417341.0,27067.0,0.0,0.0
20153,Rawlins,20,647212275.0,123571316.0,77021.0,60005.0,0.0001
20155,Reno,20,798117515.0,87642400.0,7269106.0,2681174.0,0.0091
20157,Republic,20,914401300.0,64990584.0,89707.0,0.0,0.0001
20159,Rice,20,678394489.0,76324062.0,32424.0,12327.0,0.0
20161,Riley,20,180571411.0,11467554.0,630742.0,82054.0,0.0035
20163,Rooks,20,353724816.0,61645655.0,0.0,0.0,0.0
20165,Rush,20,334495875.0,28568545.0,0.0,0.0,0.0
20167,Russell,20,227604844.0,34233567.0,0.0,0.0,0.0
20169,Saline,20,411956468.0,51115077.0,0.0,0.0,0.0
20171,Scott,20,821427177.0,125336968.0,21103309.0,1684788.0,0.0257
20173,Sedgwick,20,637234798.0,73702567.0,0.0,0.0,0.0
20175,Seward,20,576824657.0,51205647.0,45149.0,42468.0,0.0001
20177,Shawnee,20,252375807.0,9380647.0,107361.0,16271.0,0.0004
20179,Sheridan,20,841956368.0,141742534.0,4922072.0,715692.0,0.0058
20181,Sherman,20,1052145370.0,186788878.0,3433132.0,752687.0,0.0033
20183,Smith,20,789085545.0,79012109.0,455153.0,17723.0,0.0006
20185,Stafford,20,625598959.0,61448643.0,407378.0,65196.0,0.0007
20187,Stanton,20,597458176.0,126974687.0,0.0,0.0,0.0
20189,Stevens,20,923612188.0,91668151.0,885.0,0.0,0.0
20191,Sumner,20,1033010535.0,164911334.0,16498.0,707.0,0.0
20193,Thomas,20,1258603411.0,222294146.0,0.0,0.0,0.0
20195,Trego,20,334102661.0,65332218.0,7777.0,0.0,0.0
20197,Wabaunsee,20,239271203.0,12994972.0,3880.0,202.0,0.0
20199,Wallace,20,543940274.0,88999315.0,2044552.0,1114192.0,0.0038
20201,Washington,20,871477205.0,42972628.0,0.0,0.0,0.0
20203,Wichita,20,634920220.0,90399817.0,26034863.0,4427534.0,0.041
20205,Wilson,20,400030796.0,54701607.0,0.0,0.0,0.0
20207,Woodson,20,211936524.0,24928392.0,0.0,0.0,0.0
20209,Wyandotte,20,19821431.0,1182385.0,0.0,0.0,0.0
20999,All Other Counties,20,2200581007.0,60635005.0,80357.0,25121.0,0.0
21001,Adair,21,97290320.0,5913610.0,9130.0,0.0,0.0001
21003,Allen,21,129910930.0,29995612.0,204745.0,31563.0,0.0016
21005,Anderson,21,7478400.0,616775.0,0.0,0.0,0.0
21007,Ballard,21,332848888.0,13083508.0,0.0,0.0,0.0
21009,Barren,21,388211803.0,95835348.0,0.0,0.0,0.0
21011,Bath,21,25280689.0,2887859.0,4028.0,2248.0,0.0002
21015,Boone,21,14133156.0,1148634.0,0.0,0.0,0.0
21017,Bourbon,21,98339746.0,6950055.0,4865.0,3050.0,0.0
21021,Boyle,21,81167338.0,4344655.0,98140.0,0.0,0.0012
21023,Bracken,21,14322262.0,1735822.0,0.0,0.0,0.0
21027,Breckinridge,21,282401368.0,19095660.0,24665.0,16113.0,0.0001
21029,Bullitt,21,18922567.0,947067.0,0.0,0.0,0.0
21031,Butler,21,177331781.0,7033149.0,125318.0,0.0,0.0007
21033,Caldwell,21,333556301.0,10578705.0,416457.0,261080.0,0.0012
21035,Calloway,21,442582333.0,33622044.0,0.0,0.0,0.0
21039,Carlisle,21,261852069.0,10675772.0,0.0,0.0,0.0
21041,Carroll,21,16716457.0,2284749.0,0.0,0.0,0.0
21043,Carter,21,2371849.0,618734.0,0.0,0.0,0.0
21045,Casey,21,60999990.0,4816434.0,0.0,0.0,0.0
21047,Christian,21,1124332587.0,53675206.0,9108220.0,3071847.0,0.0081
21049,Clark,21,41778993.0,2663239.0,0.0,0.0,0.0
21051,Clay,21,1997471.0,547143.0,0.0,0.0,0.0
21053,Clinton,21,13619077.0,850686.0,0.0,0.0,0.0
21055,Crittenden,21,182861087.0,10116465.0,0.0,0.0,0.0
21057,Cumberland,21,17445142.0,1023073.0,0.0,0.0,0.0
21059,Daviess,21,628133264.0,21145577.0,0.0,0.0,0.0
21061,Edmonson,21,58363768.0,4776197.0,0.0,0.0,0.0
21067,Fayette,21,46367036.0,2332945.0,0.0,0.0,0.0
21069,Fleming,21,48990087.0,6304793.0,0.0,0.0,0.0
21073,Franklin,21,19613427.0,1825757.0,0.0,0.0,0.0
21075,Fulton,21,313242592.0,17087732.0,0.0,0.0,0.0
21077,Gallatin,21,12845924.0,2065149.0,0.0,0.0,0.0
21079,Garrard,21,39769203.0,5533031.0,0.0,0.0,0.0
21081,Grant,21,4130556.0,1494490.0,0.0,0.0,0.0
21083,Graves,21,794751833.0,34775557.0,60227.0,47781.0,0.0001
21085,Grayson,21,124969708.0,9052546.0,505781.0,255214.0,0.004
21087,Green,21,139409554.0,32542488.0,0.0,0.0,0.0
21089,Greenup,21,9929968.0,1278516.0,0.0,0.0,0.0
21091,Hancock,21,105007441.0,4138289.0,0.0,0.0,0.0
21093,Hardin,21,317997131.0,11799159.0,0.0,0.0,0.0
21097,Harrison,21,58072086.0,5800278.0,0.0,0.0,0.0
21099,Hart,21,106257626.0,16572071.0,0.0,0.0,0.0
21101,Henderson,21,740424542.0,20959745.0,0.0,0.0,0.0
21103,Henry,21,89726256.0,6067704.0,0.0,0.0,0.0
21105,Hickman,21,409543753.0,18405768.0,0.0,0.0,0.0
21107,Hopkins,21,323795963.0,12224192.0,424634.0,146636.0,0.0013
21111,Jefferson,21,10290287.0,701584.0,0.0,0.0,0.0
21113,Jessamine,21,11281848.0,1075745.0,0.0,0.0,0.0
21123,Larue,21,259198186.0,9184917.0,0.0,0.0,0.0
21135,Lewis,21,27165666.0,2604085.0,0.0,0.0,0.0
21137,Lincoln,21,89079218.0,4527478.0,0.0,0.0,0.0
21139,Livingston,21,160817284.0,11452381.0,0.0,0.0,0.0
21141,Logan,21,884171114.0,29534824.0,0.0,0.0,0.0
21143,Lyon,21,94633810.0,2940938.0,0.0,0.0,0.0
21145,Mccracken,21,155644279.0,7654270.0,18306.0,7164.0,0.0001
21149,Mclean,21,432225050.0,12720317.0,0.0,0.0,0.0
21151,Madison,21,14563695.0,1082350.0,0.0,0.0,0.0
21155,Marion,21,153088707.0,9235395.0,0.0,0.0,0.0
21157,Marshall,21,113025016.0,5126716.0,0.0,0.0,0.0
21161,Mason,21,97328844.0,8113960.0,0.0,0.0,0.0
21163,Meade,21,171747363.0,5584448.0,0.0,0.0,0.0
21167,Mercer,21,105883035.0,4372915.0,29495.0,0.0,0.0003
21169,Metcalfe,21,83527290.0,20625186.0,115459.0,0.0,0.0014
21171,Monroe,21,120343244.0,45484083.0,0.0,0.0,0.0
21173,Montgomery,21,20183913.0,3017970.0,0.0,0.0,0.0
21175,Morgan,21,1158656.0,514983.0,0.0,0.0,0.0
21177,Muhlenberg,21,172178731.0,11283336.0,18125.0,3149.0,0.0001
21179,Nelson,21,198108561.0,8766095.0,0.0,0.0,0.0
21181,Nicholas,21,19646305.0,5660155.0,50619.0,28636.0,0.0026
21183,Ohio,21,301666718.0,9254547.0,0.0,0.0,0.0
21185,Oldham,21,25684920.0,519125.0,0.0,0.0,0.0
21187,Owen,21,42515315.0,7083141.0,0.0,0.0,0.0
21191,Pendleton,21,18068770.0,1900310.0,0.0,0.0,0.0
21197,Powell,21,9408228.0,2595262.0,0.0,0.0,0.0
21199,Pulaski,21,118805850.0,6663611.0,0.0,0.0,0.0
21201,Robertson,21,2012213.0,627058.0,0.0,0.0,0.0
21203,Rockcastle,21,7928303.0,137616.0,0.0,0.0,0.0
21205,Rowan,21,6476152.0,1273138.0,0.0,0.0,0.0
21207,Russell,21,42176820.0,1674772.0,0.0,0.0,0.0
21209,Scott,21,55800155.0,3178437.0,0.0,0.0,0.0
21211,Shelby,21,237066505.0,11026149.0,0.0,0.0,0.0
21213,Simpson,21,490538274.0,37824251.0,355584.0,25551.0,0.0007
21215,Spencer,21,55518862.0,3727388.0,0.0,0.0,0.0
21217,Taylor,21,137738789.0,14005153.0,205354.0,46805.0,0.0015
21219,Todd,21,646820863.0,19658405.0,540819.0,136824.0,0.0008
21221,Trigg,21,297259209.0,26143330.0,0.0,0.0,0.0
21223,Trimble,21,22233907.0,1909461.0,0.0,0.0,0.0
21225,Union,21,657669085.0,14794165.0,0.0,0.0,0.0
21227,Warren,21,386364789.0,27569121.0,0.0,0.0,0.0
21229,Washington,21,84928527.0,4868064.0,0.0,0.0,0.0
21231,Wayne,21,70596280.0,1833696.0,0.0,0.0,0.0
21233,Webster,21,365170977.0,8680357.0,0.0,0.0,0.0
21239,Woodford,21,36813154.0,2754731.0,0.0,0.0,0.0
21999,All Other Counties,21,384905300.0,14049056.0,540246.0,278130.0,0.0014
22001,Acadia,22,412676199.0,24836514.0,23395.0,3315.0,0.0001
22003,Allen,22,101596835.0,9732801.0,0.0,0.0,0.0
22005,Ascension,22,0.0,0.0,0.0,0.0,
22007,Assumption,22,156944429.0,3162218.0,0.0,0.0,0.0
22009,Avoyelles,22,545834674.0,68402232.0,1005017.0,772776.0,0.0018
22011,Beauregard,22,13253413.0,1160226.0,0.0,0.0,0.0
22015,Bossier,22,30844353.0,10614663.0,0.0,0.0,0.0
22017,Caddo,22,186613776.0,24245778.0,0.0,0.0,0.0
22019,Calcasieu,22,55799834.0,6133072.0,0.0,0.0,0.0
22021,Caldwell,22,63513312.0,9772014.0,2641570.0,1093169.0,0.0416
22023,Cameron,22,65450947.0,12208849.0,0.0,0.0,0.0
22025,Catahoula,22,516376153.0,62037596.0,0.0,0.0,0.0
22029,Concordia,22,559576875.0,49805664.0,1277288.0,764446.0,0.0023
22035,East Carroll,22,719780562.0,41274953.0,282104.0,81579.0,0.0004
22039,Evangeline,22,309844891.0,24338071.0,0.0,0.0,0.0
22041,Franklin,22,660650008.0,47546961.0,0.0,0.0,0.0
22043,Grant,22,35562452.0,6677406.0,0.0,0.0,0.0
22045,Iberia,22,197720306.0,2993543.0,0.0,0.0,0.0
22047,Iberville,22,188601183.0,5983650.0,0.0,0.0,0.0
22053,Jefferson Davis,22,497933106.0,43876123.0,0.0,0.0,0.0
22055,Lafayette,22,81196885.0,4548474.0,0.0,0.0,0.0
22057,Lafourche,22,44464549.0,83543.0,0.0,0.0,0.0
22065,Madison,22,798978075.0,67468089.0,0.0,0.0,0.0
22067,Morehouse,22,836706112.0,97622861.0,0.0,0.0,0.0
22069,Natchitoches,22,176831638.0,35806934.0,0.0,0.0,0.0
22073,Ouachita,22,90636112.0,10540160.0,0.0,0.0,0.0
22077,Pointe Coupee,22,571620782.0,25663456.0,0.0,0.0,0.0
22079,Rapides,22,341573043.0,39500941.0,4671290.0,1745104.0,0.0137
22081,Red River,22,45870012.0,6758383.0,0.0,0.0,0.0
22083,Richland,22,538855082.0,62583329.0,4287617.0,729350.0,0.008
22097,St Landry,22,518426505.0,57609124.0,0.0,0.0,0.0
22099,St Martin,22,148246921.0,8487201.0,0.0,0.0,0.0
22101,St Mary,22,180200941.0,2618151.0,0.0,0.0,0.0
22107,Tensas,22,645413886.0,49855823.0,0.0,0.0,0.0
22111,Union,22,1831241.0,126908.0,0.0,0.0,0.0
22113,Vermilion,22,490480069.0,52745327.0,0.0,0.0,0.0
22117,Washington,22,16592420.0,5727952.0,4413110.0,1674641.0,0.266
22121,West Baton Rouge,22,91348295.0,1052266.0,0.0,0.0,0.0
22123,West Carroll,22,341634663.0,33302540.0,0.0,0.0,0.0
22999,All Other Counties,22,512468725.0,26312037.0,14419.0,6205.0,0.0
23003,Aroostook,23,676862797.0,47695008.0,2359156.0,440977.0,0.0035
23009,Hancock,23,3028968.0,45620.0,11702.0,0.0,0.0039
23019,Penobscot,23,25583523.0,248058.0,0.0,0.0,0.0
23999,All Other Counties,23,178946505.0,10877968.0,1961395.0,191539.0,0.011
24003,Anne Arundel,24,11865457.0,188323.0,0.0,0.0,0.0
24005,Baltimore,24,77825421.0,2129113.0,0.0,0.0,0.0
24009,Calvert,24,15201182.0,828194.0,0.0,0.0,0.0
24011,Caroline,24,294782582.0,8928264.0,2037892.0,763471.0,0.0069
24013,Carroll,24,163442573.0,5851326.0,0.0,0.0,0.0
24015,Cecil,24,137679925.0,2143905.0,0.0,0.0,0.0
24017,Charles,24,41283178.0,1981899.0,0.0,0.0,0.0
24019,Dorchester,24,212988124.0,8166068.0,5452279.0,1491173.0,0.0256
24021,Frederick,24,236671409.0,17938751.0,34562.0,8338.0,0.0001
24023,Garrett,24,13395750.0,1738841.0,0.0,0.0,0.0
24025,Harford,24,81391942.0,931264.0,0.0,0.0,0.0
24027,Howard,24,19895423.0,202357.0,0.0,0.0,0.0
24029,Kent,24,392124758.0,5722192.0,9483420.0,897078.0,0.0242
24031,Montgomery,24,61175610.0,1593946.0,87651.0,0.0,0.0014
24033,Prince George'S,24,10429435.0,1055813.0,0.0,0.0,0.0
24035,Queen Anne'S,24,445423721.0,7817160.0,12447785.0,1006948.0,0.0279
24037,St Mary'S,24,67834269.0,2295022.0,0.0,0.0,0.0
24039,Somerset,24,109590545.0,3659854.0,0.0,0.0,0.0
24041,Talbot,24,280770942.0,6685777.0,596826.0,215986.0,0.0021
24043,Washington,24,117419374.0,8799333.0,98198.0,0.0,0.0008
24045,Wicomico,24,129516691.0,8063312.0,1272085.0,116525.0,0.0098
24047,Worcester,24,245667646.0,6495224.0,107864.0,0.0,0.0004
24999,All Other Counties,24,452954032.0,6148130.0,0.0,0.0,0.0
25001,Barnstable,25,23012290.0,2291191.0,0.0,0.0,0.0
25003,Berkshire,25,5893212.0,513619.0,294388.0,22759.0,0.05
25005,Bristol,25,10758217.0,712707.0,0.0,0.0,0.0
25011,Franklin,25,31687626.0,6299939.0,0.0,0.0,0.0
25013,Hampden,25,47816824.0,13479612.0,0.0,0.0,0.0
25015,Hampshire,25,33706077.0,6547289.0,0.0,0.0,0.0
25023,Plymouth,25,255313172.0,3992519.0,0.0,0.0,0.0
25027,Worcester,25,24509875.0,3878039.0,0.0,0.0,0.0
25999,All Other Counties,25,56593045.0,5055439.0,490166.0,109268.0,0.0087
26001,Alcona,26,19806306.0,2033331.0,0.0,0.0,0.0
26005,Allegan,26,676565295.0,26247482.0,1732873.0,642337.0,0.0026
26007,Alpena,26,40522026.0,2382790.0,64246.0,7042.0,0.0016
26009,Antrim,26,48303589.0,6089287.0,0.0,0.0,0.0
26011,Arenac,26,188049064.0,7722024.0,4912213.0,363189.0,0.0261
26015,Barry,26,291103893.0,12015731.0,4807171.0,679454.0,0.0165
26017,Bay,26,668082561.0,20063717.0,4579367.0,370441.0,0.0069
26019,Benzie,26,12516158.0,1670367.0,0.0,0.0,0.0
26021,Berrien,26,454015550.0,34230613.0,2447273.0,861608.0,0.0054
26023,Branch,26,531798578.0,17688152.0,466819.0,23916.0,0.0009
26025,Calhoun,26,616850922.0,30236459.0,461896.0,95233.0,0.0007
26027,Cass,26,342346581.0,9621623.0,2823984.0,82341.0,0.0082
26033,Chippewa,26,467833.0,174361.0,0.0,0.0,0.0
26035,Clare,26,30096441.0,2531374.0,606365.0,2625.0,0.0201
26037,Clinton,26,688066481.0,30143586.0,5872816.0,944239.0,0.0085
26041,Delta,26,11465841.0,1987577.0,0.0,0.0,0.0
26045,Eaton,26,517077089.0,32959866.0,5028381.0,1050619.0,0.0097
26049,Genesee,26,232468179.0,14937185.0,1031884.0,215200.0,0.0044
26051,Gladwin,26,47881946.0,4194672.0,774359.0,371985.0,0.0162
26055,Grand Traverse,26,80092852.0,8116148.0,2174684.0,273920.0,0.0272
26057,Gratiot,26,1008145176.0,27320560.0,21192610.0,2719455.0,0.021
26059,Hillsdale,26,603207634.0,24507776.0,281144.0,54653.0,0.0005
26063,Huron,26,1783928194.0,32168999.0,21888481.0,1024376.0,0.0123
26065,Ingham,26,446164838.0,19276454.0,3286657.0,597860.0,0.0074
26067,Ionia,26,722997430.0,22737789.0,8484445.0,2136087.0,0.0117
26069,Iosco,26,26674790.0,1692093.0,0.0,0.0,0.0
26073,Isabella,26,424929786.0,26382804.0,14528409.0,1708351.0,0.0342
26075,Jackson,26,388162311.0,19789049.0,1132875.0,1734.0,0.0029
26077,Kalamazoo,26,225360161.0,5848727.0,0.0,0.0,0.0
26081,Kent,26,589640784.0,44875927.0,2034189.0,138468.0,0.0034
26087,Lapeer,26,278833343.0,16118788.0,6359120.0,823702.0,0.0228
26089,Leelanau,26,129161928.0,15255834.0,317157.0,70398.0,0.0025
26091,Lenawee,26,1139361627.0,54355696.0,3719881.0,515233.0,0.0033
26093,Livingston,26,158091315.0,9228164.0,64816.0,49603.0,0.0004
26099,Macomb,26,107092216.0,11727680.0,314432.0,126409.0,0.0029
26101,Manistee,26,18029545.0,3110739.0,3073138.0,589399.0,0.1705
26105,Mason,26,118522302.0,7417452.0,3487957.0,879767.0,0.0294
26107,Mecosta,26,125302665.0,6195392.0,622070.0,264887.0,0.005
26109,Menominee,26,80498301.0,10338306.0,3035727.0,453877.0,0.0377
26111,Midland,26,186338136.0,8332746.0,6242796.0,712947.0,0.0335
26113,Missaukee,26,366865598.0,8352724.0,701020.0,19519.0,0.0019
26115,Monroe,26,613404007.0,41657218.0,722087.0,100341.0,0.0012
26117,Montcalm,26,486123728.0,14838995.0,435553.0,92645.0,0.0009
26121,Muskegon,26,299932456.0,22025207.0,70047.0,0.0,0.0002
26123,Newaygo,26,226712602.0,9822601.0,206730.0,0.0,0.0009
26125,Oakland,26,19679825.0,2788902.0,344226.0,46331.0,0.0175
26127,Oceana,26,179343164.0,17915230.0,0.0,0.0,0.0
26129,Ogemaw,26,65261725.0,2820807.0,39819.0,8045.0,0.0006
26133,Osceola,26,54075316.0,2547426.0,38042.0,34093.0,0.0007
26139,Ottawa,26,662185302.0,27721225.0,611564.0,6421.0,0.0009
26141,Presque Isle,26,35266944.0,3431553.0,75749.0,11380.0,0.0021
26145,Saginaw,26,926087861.0,34814326.0,5202438.0,750303.0,0.0056
26147,St Clair,26,276935628.0,27740791.0,2850447.0,1060092.0,0.0103
26149,St Joseph,26,305602217.0,5291104.0,91478.0,0.0,0.0003
26151,Sanilac,26,1221398764.0,39574840.0,28883464.0,2759789.0,0.0236
26155,Shiawassee,26,565465890.0,27763163.0,4655626.0,595309.0,0.0082
26157,Tuscola,26,1081164882.0,32466965.0,125522384.0,8021624.0,0.1161
26159,Van Buren,26,509864549.0,45361974.0,2946382.0,299887.0,0.0058
26161,Washtenaw,26,331625893.0,26790818.0,976693.0,324551.0,0.0029
26163,Wayne,26,13722574.0,3900511.0,0.0,0.0,0.0
26165,Wexford,26,17859640.0,736426.0,1649033.0,118404.0,0.0923
26999,All Other Counties,26,1473953151.0,52388513.0,6131490.0,351276.0,0.0042
27001,Aitkin,27,27399494.0,4671237.0,407176.0,137554.0,0.0149
27003,Anoka,27,30772094.0,3087598.0,0.0,0.0,0.0
27005,Becker,27,765215886.0,30978784.0,5651034.0,3981277.0,0.0074
27007,Beltrami,27,114582757.0,10263082.0,20491.0,3920.0,0.0002
27009,Benton,27,463311270.0,44463982.0,517098.0,9264.0,0.0011
27011,Big Stone,27,958538538.0,41822155.0,2004319.0,181557.0,0.0021
27013,Blue Earth,27,2138676892.0,55879111.0,6332613.0,472121.0,0.003
27015,Brown,27,1556933165.0,59678034.0,3355169.0,260173.0,0.0022
27017,Carlton,27,145451.0,0.0,0.0,0.0,0.0
27019,Carver,27,504166113.0,10835522.0,1697463.0,188000.0,0.0034
27021,Cass,27,41310622.0,4092570.0,161565.0,2919.0,0.0039
27023,Chippewa,27,1628323796.0,54279428.0,6874113.0,1699425.0,0.0042
27025,Chisago,27,176565122.0,11138620.0,663136.0,195353.0,0.0038
27027,Clay,27,1771502036.0,69828345.0,16322462.0,2037326.0,0.0092
27029,Clearwater,27,119424658.0,14915963.0,3935470.0,1012790.0,0.033
27033,Cottonwood,27,1891061544.0,48352247.0,29763811.0,1275844.0,0.0157
27035,Crow Wing,27,37843359.0,6622422.0,34494.0,30961.0,0.0009
27037,Dakota,27,683358370.0,27606559.0,3521568.0,1024541.0,0.0052
27039,Dodge,27,1176499585.0,27208854.0,1767589.0,327065.0,0.0015
27041,Douglas,27,604011837.0,21538278.0,4926269.0,1095378.0,0.0082
27043,Faribault,27,2273602247.0,44576444.0,20484350.0,915270.0,0.009
27045,Fillmore,27,1658461070.0,42015659.0,18865993.0,4219011.0,0.0114
27047,Freeborn,27,1916577031.0,48263576.0,25759607.0,2989146.0,0.0134
27049,Goodhue,27,1627547671.0,29785122.0,8112907.0,516900.0,0.005
27051,Grant,27,1221699973.0,35607131.0,999888.0,113113.0,0.0008
27053,Hennepin,27,99857593.0,2950863.0,0.0,0.0,0.0
27055,Houston,27,428526984.0,16376246.0,7816488.0,1834163.0,0.0182
27057,Hubbard,27,160296056.0,5942735.0,10304002.0,2350182.0,0.0643
27059,Isanti,27,203542355.0,16212087.0,283340.0,155444.0,0.0014
27061,Itasca,27,1039131.0,144489.0,0.0,0.0,0.0
27063,Jackson,27,2084283045.0,59242130.0,336329.0,24552.0,0.0002
27065,Kanabec,27,99462265.0,6891838.0,6196.0,0.0,0.0001
27067,Kandiyohi,27,1563776723.0,44551096.0,5345173.0,919414.0,0.0034
27069,Kittson,27,1004528431.0,60592396.0,13662.0,0.0,0.0
27071,Koochiching,27,22343010.0,2284062.0,89767.0,11734.0,0.004
27073,Lac Qui Parle,27,1697964285.0,61684879.0,23070785.0,3274745.0,0.0136
27077,Lake Of The Woods,27,106174901.0,10102611.0,18555.0,11999.0,0.0002
27079,Le Sueur,27,857434661.0,16734939.0,1962176.0,67703.0,0.0023
27081,Lincoln,27,1054230272.0,64920616.0,1442014.0,165677.0,0.0014
27083,Lyon,27,1951119219.0,112874672.0,12865618.0,930602.0,0.0066
27085,Mcleod,27,1135495198.0,24911026.0,14576009.0,1074699.0,0.0128
27087,Mahnomen,27,505570259.0,24001133.0,417939.0,92018.0,0.0008
27089,Marshall,27,1875364851.0,180538192.0,2735034.0,765824.0,0.0015
27091,Martin,27,2434456239.0,68448480.0,9296182.0,550130.0,0.0038
27093,Meeker,27,1181534233.0,33343716.0,6787211.0,797476.0,0.0057
27095,Mille Lacs,27,151449219.0,12899426.0,695655.0,110836.0,0.0046
27097,Morrison,27,791939375.0,72489895.0,1907270.0,334871.0,0.0024
27099,Mower,27,2016973290.0,86355705.0,9743252.0,1483135.0,0.0048
27101,Murray,27,1807336916.0,77362807.0,4300106.0,690869.0,0.0024
27103,Nicollet,27,1251246412.0,26222053.0,3296491.0,339959.0,0.0026
27105,Nobles,27,2174922790.0,83427708.0,598885.0,12597.0,0.0003
27107,Norman,27,1580243914.0,99327338.0,4645440.0,2452760.0,0.0029
27109,Olmsted,27,1107460882.0,35561464.0,3454367.0,1251094.0,0.0031
27111,Otter Tail,27,1712391137.0,78543841.0,14551735.0,1949581.0,0.0085
27113,Pennington,27,594963311.0,64308876.0,498257.0,137368.0,0.0008
27115,Pine,27,127498252.0,7708456.0,534055.0,16659.0,0.0042
27117,Pipestone,27,1408039080.0,79329345.0,6314989.0,1131885.0,0.0045
27119,Polk,27,3156778126.0,224191499.0,37670137.0,7699532.0,0.0119
27121,Pope,27,1063709395.0,32646340.0,4637887.0,245489.0,0.0044
27125,Red Lake,27,501760295.0,40234746.0,18739342.0,4278898.0,0.0373
27127,Redwood,27,2445956650.0,104547316.0,4669771.0,442153.0,0.0019
27129,Renville,27,2964924023.0,89180303.0,6686224.0,793293.0,0.0023
27131,Rice,27,977215792.0,27985336.0,5582206.0,1574510.0,0.0057
27133,Rock,27,1438851719.0,46564484.0,8668099.0,27351.0,0.006
27135,Roseau,27,849602628.0,78705443.0,793223.0,297568.0,0.0009
27139,Scott,27,328328372.0,10849105.0,1972845.0,365987.0,0.006
27141,Sherburne,27,184550832.0,9099751.0,0.0,0.0,0.0
27143,Sibley,27,1534889793.0,51353975.0,1362024.0,173385.0,0.0009
27145,Stearns,27,1654814017.0,94757634.0,25716840.0,2061091.0,0.0155
27147,Steele,27,1029550520.0,27151458.0,8557789.0,1600693.0,0.0083
27149,Stevens,27,1354401826.0,43870474.0,31609368.0,7289748.0,0.0233
27151,Swift,27,1764529458.0,55981450.0,4149070.0,138211.0,0.0024
27153,Todd,27,510146722.0,31121933.0,5715801.0,2520912.0,0.0112
27155,Traverse,27,1387744758.0,76844826.0,1715774.0,299126.0,0.0012
27157,Wabasha,27,972621673.0,31044587.0,8898920.0,1367241.0,0.0091
27159,Wadena,27,169511716.0,9943951.0,1525420.0,520863.0,0.009
27161,Waseca,27,1149995146.0,17740064.0,9353174.0,807211.0,0.0081
27163,Washington,27,210387843.0,4550198.0,101957.0,-167.0,0.0005
27165,Watonwan,27,1281556032.0,43141022.0,4115343.0,151338.0,0.0032
27167,Wilkin,27,1613646041.0,65021015.0,9266284.0,1371984.0,0.0057
27169,Winona,27,791541411.0,18432357.0,18967536.0,1334160.0,0.024
27171,Wright,27,713691450.0,26153648.0,9809920.0,965116.0,0.0137
27173,Yellow Medicine,27,1945469698.0,80050411.0,28831760.0,2478666.0,0.0148
27999,All Other Counties,27,2101985305.0,55457572.0,6330853.0,1907491.0,0.003
28001,Adams,28,19915885.0,5043846.0,0.0,0.0,0.0
28003,Alcorn,28,56329890.0,5967427.0,0.0,0.0,0.0
28007,Attala,28,26123827.0,3114951.0,0.0,0.0,0.0
28009,Benton,28,60872512.0,2609910.0,0.0,0.0,0.0
28011,Bolivar,28,1413955977.0,116010049.0,1297292.0,656810.0,0.0009
28013,Calhoun,28,234329496.0,10324180.0,0.0,0.0,0.0
28015,Carroll,28,121118691.0,10864779.0,0.0,0.0,0.0
28017,Chickasaw,28,154974942.0,12550539.0,12494.0,9056.0,0.0001
28019,Choctaw,28,632964.0,29024.0,0.0,0.0,0.0
28021,Claiborne,28,31399334.0,2233689.0,0.0,0.0,0.0
28025,Clay,28,46725336.0,3844094.0,0.0,0.0,0.0
28027,Coahoma,28,997420904.0,96752372.0,318658.0,0.0,0.0003
28029,Copiah,28,10266097.0,1382569.0,0.0,0.0,0.0
28031,Covington,28,104275529.0,5109944.0,0.0,0.0,0.0
28033,De Soto,28,186338393.0,16121492.0,0.0,0.0,0.0
28039,George,28,47022210.0,5297356.0,0.0,0.0,0.0
28041,Greene,28,462096.0,68353.0,0.0,0.0,0.0
28043,Grenada,28,57819968.0,8027118.0,0.0,0.0,0.0
28049,Hinds,28,91720214.0,9166546.0,0.0,0.0,0.0
28051,Holmes,28,375223259.0,27146105.0,0.0,0.0,0.0
28053,Humphreys,28,668083485.0,69288715.0,0.0,0.0,0.0
28055,Issaquena,28,306562239.0,31077960.0,0.0,0.0,0.0
28057,Itawamba,28,37455149.0,2421694.0,0.0,0.0,0.0
28063,Jefferson,28,16701164.0,3976392.0,0.0,0.0,0.0
28067,Jones,28,2346455.0,297499.0,0.0,0.0,0.0
28071,Lafayette,28,40126269.0,1889150.0,0.0,0.0,0.0
28077,Lawrence,28,1157745.0,774830.0,0.0,0.0,0.0
28079,Leake,28,4498649.0,451853.0,0.0,0.0,0.0
28081,Lee,28,122978952.0,11985209.0,0.0,0.0,0.0
28083,Leflore,28,991827142.0,58975693.0,0.0,0.0,0.0
28087,Lowndes,28,124801495.0,13562333.0,0.0,0.0,0.0
28089,Madison,28,97366255.0,6535875.0,0.0,0.0,0.0
28093,Marshall,28,85178862.0,5127836.0,0.0,0.0,0.0
28095,Monroe,28,188623601.0,19736144.0,0.0,0.0,0.0
28097,Montgomery,28,70928259.0,9436594.0,0.0,0.0,0.0
28103,Noxubee,28,405227744.0,24281516.0,0.0,0.0,0.0
28105,Oktibbeha,28,7101280.0,1572103.0,0.0,0.0,0.0
28107,Panola,28,326708374.0,41904730.0,0.0,0.0,0.0
28109,Pearl River,28,1719478.0,0.0,0.0,0.0,0.0
28115,Pontotoc,28,66629891.0,4154894.0,0.0,0.0,0.0
28117,Prentiss,28,53516421.0,4334879.0,0.0,0.0,0.0
28119,Quitman,28,561734759.0,76848373.0,0.0,0.0,0.0
28121,Rankin,28,37347860.0,3277070.0,0.0,0.0,0.0
28123,Scott,28,23346970.0,1510730.0,0.0,0.0,0.0
28125,Sharkey,28,513442185.0,36918285.0,0.0,0.0,0.0
28129,Smith,28,540019.0,216941.0,0.0,0.0,0.0
28131,Stone,28,5775087.0,198821.0,0.0,0.0,0.0
28133,Sunflower,28,1141381542.0,111435634.0,36959.0,0.0,0.0
28135,Tallahatchie,28,667831058.0,67508319.0,0.0,0.0,0.0
28137,Tate,28,94644571.0,4814008.0,0.0,0.0,0.0
28139,Tippah,28,44151917.0,1979541.0,0.0,0.0,0.0
28141,Tishomingo,28,19109398.0,987647.0,0.0,0.0,0.0
28143,Tunica,28,762290590.0,76887235.0,0.0,0.0,0.0
28145,Union,28,67087982.0,2109957.0,0.0,0.0,0.0
28147,Walthall,28,6925834.0,705938.0,500285.0,155213.0,0.0722
28149,Warren,28,102955652.0,21479998.0,0.0,0.0,0.0
28151,Washington,28,1109249025.0,47107953.0,1169438.0,478042.0,0.0011
28155,Webster,28,51811511.0,3292782.0,0.0,0.0,0.0
28161,Yalobusha,28,40885750.0,2650517.0,0.0,0.0,0.0
28163,Yazoo,28,576304368.0,73377447.0,0.0,0.0,0.0
28999,All Other Counties,28,753419668.0,32303403.0,256503.0,106452.0,0.0003
29001,Adair,29,229656174.0,14940116.0,13841.0,0.0,0.0001
29003,Andrew,29,510903663.0,27640341.0,46749.0,0.0,0.0001
29005,Atchison,29,1263005623.0,44611435.0,0.0,0.0,0.0
29007,Audrain,29,972425959.0,66119635.0,6482909.0,1960928.0,0.0067
29009,Barry,29,65847013.0,7596114.0,0.0,0.0,0.0
29011,Barton,29,623791145.0,81632861.0,1496046.0,338729.0,0.0024
29013,Bates,29,748068032.0,61483795.0,1920738.0,494819.0,0.0026
29015,Benton,29,159994387.0,13351414.0,0.0,0.0,0.0
29017,Bollinger,29,125995415.0,10993668.0,0.0,0.0,0.0
29019,Boone,29,213621713.0,18088825.0,1498463.0,41079.0,0.007
29021,Buchanan,29,423049141.0,23066880.0,90132.0,0.0,0.0002
29023,Butler,29,561820930.0,41025616.0,622219.0,126841.0,0.0011
29025,Caldwell,29,281774283.0,27102326.0,262216.0,71137.0,0.0009
29027,Callaway,29,336452907.0,28968261.0,0.0,0.0,0.0
29029,Camden,29,1264285.0,0.0,0.0,0.0,0.0
29031,Cape Girardeau,29,342845858.0,20237421.0,21655.0,0.0,0.0001
29033,Carroll,29,834110568.0,68058843.0,1380085.0,575252.0,0.0017
29037,Cass,29,342225821.0,24019090.0,2156938.0,310592.0,0.0063
29039,Cedar,29,38038680.0,7736040.0,0.0,0.0,0.0
29041,Chariton,29,745262806.0,63409371.0,963970.0,301872.0,0.0013
29043,Christian,29,14517744.0,1581814.0,0.0,0.0,0.0
29045,Clark,29,506503482.0,30318638.0,50920.0,38551.0,0.0001
29047,Clay,29,163123196.0,11611923.0,0.0,0.0,0.0
29049,Clinton,29,426382458.0,30326180.0,0.0,0.0,0.0
29051,Cole,29,46394869.0,5089199.0,0.0,0.0,0.0
29053,Cooper,29,544066729.0,50586931.0,1108320.0,297142.0,0.002
29055,Crawford,29,2010907.0,100063.0,0.0,0.0,0.0
29057,Dade,29,142522179.0,17108516.0,0.0,0.0,0.0
29059,Dallas,29,5142079.0,1236785.0,104672.0,54862.0,0.0204
29061,Daviess,29,426763935.0,36382443.0,2931258.0,492594.0,0.0069
29063,De Kalb,29,379623004.0,26106606.0,0.0,0.0,0.0
29069,Dunklin,29,814669210.0,59855000.0,161822.0,4017.0,0.0002
29071,Franklin,29,140439552.0,11518447.0,153751.0,43628.0,0.0011
29073,Gasconade,29,53327016.0,6954853.0,0.0,0.0,0.0
29075,Gentry,29,381803987.0,36647490.0,761513.0,254835.0,0.002
29077,Greene,29,35528187.0,5346385.0,0.0,0.0,0.0
29079,Grundy,29,383665980.0,23769525.0,2771443.0,1070849.0,0.0072
29081,Harrison,29,482166857.0,31557240.0,18636.0,13495.0,0.0
29083,Henry,29,291637266.0,26340596.0,374332.0,2348.0,0.0013
29085,Hickory,29,16511733.0,3647281.0,314770.0,92860.0,0.0191
29087,Holt,29,860902096.0,53808936.0,2140290.0,61137.0,0.0025
29089,Howard,29,281962317.0,23207222.0,1322906.0,688679.0,0.0047
29091,Howell,29,14275348.0,1696374.0,0.0,0.0,0.0
29095,Jackson,29,238848718.0,12914159.0,430943.0,300518.0,0.0018
29097,Jasper,29,346350489.0,43062875.0,1758096.0,241055.0,0.0051
29099,Jefferson,29,24853832.0,1203678.0,0.0,0.0,0.0
29101,Johnson,29,473503704.0,41281050.0,16122.0,10101.0,0.0
29103,Knox,29,544363153.0,39691947.0,59003.0,0.0,0.0001
29105,Laclede,29,30121324.0,3153165.0,27562.0,597.0,0.0009
29107,Lafayette,29,985784352.0,21807495.0,232104.0,921.0,0.0002
29109,Lawrence,29,262542217.0,25582376.0,5460685.0,2673629.0,0.0208
29111,Lewis,29,581149101.0,44008147.0,238326.0,76927.0,0.0004
29113,Lincoln,29,342648675.0,25263899.0,122629.0,32454.0,0.0004
29115,Linn,29,386463080.0,47212172.0,1402587.0,377057.0,0.0036
29117,Livingston,29,488730386.0,47630951.0,458081.0,53413.0,0.0009
29119,Mcdonald,29,19157985.0,2522285.0,0.0,0.0,0.0
29121,Macon,29,490926249.0,32356447.0,272515.0,142413.0,0.0006
29125,Maries,29,12231912.0,2089337.0,0.0,0.0,0.0
29127,Marion,29,519581815.0,37633547.0,0.0,0.0,0.0
29129,Mercer,29,214456446.0,17904659.0,560778.0,62650.0,0.0026
29131,Miller,29,19037228.0,2366836.0,0.0,0.0,0.0
29133,Mississippi,29,831599426.0,44191815.0,0.0,0.0,0.0
29135,Moniteau,29,151068759.0,12269241.0,0.0,0.0,0.0
29137,Monroe,29,618068315.0,56271420.0,6578903.0,1533082.0,0.0106
29139,Montgomery,29,419901451.0,24109178.0,1368050.0,350370.0,0.0033
29141,Morgan,29,81934705.0,7969489.0,0.0,0.0,0.0
29143,New Madrid,29,1179880693.0,72294452.0,758335.0,479991.0,0.0006
29145,Newton,29,83964310.0,10981841.0,0.0,0.0,0.0
29147,Nodaway,29,1144191467.0,33990665.0,1772993.0,552212.0,0.0015
29149,Oregon,29,2257029.0,103118.0,0.0,0.0,0.0
29151,Osage,29,64770577.0,6478048.0,0.0,0.0,0.0
29155,Pemiscot,29,830836988.0,41977947.0,0.0,0.0,0.0
29157,Perry,29,276295746.0,13552663.0,9905.0,0.0,0.0
29159,Pettis,29,626748022.0,50222736.0,1907118.0,305863.0,0.003
29163,Pike,29,533108594.0,50342828.0,143425.0,35908.0,0.0003
29165,Platte,29,323947691.0,16650534.0,0.0,0.0,0.0
29167,Polk,29,27414953.0,4191377.0,1083773.0,318471.0,0.0395
29169,Pulaski,29,2286435.0,143701.0,0.0,0.0,0.0
29171,Putnam,29,222897834.0,18269770.0,1694976.0,113714.0,0.0076
29173,Ralls,29,495066310.0,48143442.0,1215431.0,287069.0,0.0025
29175,Randolph,29,253707223.0,14752143.0,484637.0,216130.0,0.0019
29177,Ray,29,429385021.0,28173715.0,371161.0,346392.0,0.0009
29181,Ripley,29,64059410.0,9659831.0,0.0,0.0,0.0
29183,St Charles,29,332775882.0,28402141.0,0.0,0.0,0.0
29185,St Clair,29,172515905.0,29015707.0,0.0,0.0,0.0
29186,St Genevieve,29,101010693.0,7549369.0,0.0,0.0,0.0
29187,St Francois,29,13668324.0,448458.0,0.0,0.0,0.0
29189,St Louis,29,33266682.0,4140575.0,0.0,0.0,0.0
29195,Saline,29,1218722245.0,40658066.0,3271101.0,689503.0,0.0027
29197,Schuyler,29,137608481.0,12556294.0,9416.0,0.0,0.0001
29199,Scotland,29,442403688.0,25572049.0,72228.0,4882.0,0.0002
29201,Scott,29,580612326.0,29437640.0,0.0,0.0,0.0
29205,Shelby,29,602823524.0,40209737.0,547740.0,127548.0,0.0009
29207,Stoddard,29,1292886721.0,81478530.0,0.0,0.0,0.0
29211,Sullivan,29,225395981.0,24233566.0,41807.0,40395.0,0.0002
29215,Texas,29,5433462.0,407253.0,0.0,0.0,0.0
29217,Vernon,29,564651488.0,111372989.0,340397.0,82360.0,0.0006
29219,Warren,29,175169290.0,8643366.0,0.0,0.0,0.0
29223,Wayne,29,12105183.0,1849335.0,0.0,0.0,0.0
29225,Webster,29,18363639.0,3637189.0,60807.0,41023.0,0.0033
29227,Worth,29,137555235.0,9025509.0,276457.0,122372.0,0.002
29229,Wright,29,7404279.0,700277.0,27298.0,24169.0,0.0037
29999,All Other Counties,29,715301442.0,18718421.0,227205.0,48699.0,0.0003
30001,Beaverhead,30,139285196.0,11601773.0,0.0,0.0,0.0
30003,Big Horn,30,358150792.0,31555487.0,17440.0,17440.0,0.0
30005,Blaine,30,447900192.0,100805527.0,4056993.0,2248484.0,0.0091
30007,Broadwater,30,50849604.0,4343797.0,0.0,0.0,0.0
30009,Carbon,30,83173335.0,4895058.0,0.0,0.0,0.0
30011,Carter,30,128519280.0,20149036.0,560776.0,310157.0,0.0044
30013,Cascade,30,378352377.0,35945984.0,378450.0,145521.0,0.001
30015,Chouteau,30,1181434027.0,127387319.0,3092449.0,1405196.0,0.0026
30017,Custer,30,116037327.0,7068328.0,0.0,0.0,0.0
30019,Daniels,30,535201973.0,90778511.0,843445.0,315431.0,0.0016
30021,Dawson,30,329049252.0,44993085.0,0.0,0.0,0.0
30025,Fallon,30,109998565.0,19057456.0,10440.0,10440.0,0.0001
30027,Fergus,30,398699655.0,48325712.0,152690.0,24418.0,0.0004
30029,Flathead,30,20669135.0,1616344.0,0.0,0.0,0.0
30031,Gallatin,30,103348116.0,3924439.0,83204.0,48401.0,0.0008
30033,Garfield,30,82331801.0,15594019.0,44484.0,4168.0,0.0005
30035,Glacier,30,353438952.0,58718939.0,923561.0,692736.0,0.0026
30037,Golden Valley,30,45327623.0,5873228.0,0.0,0.0,0.0
30041,Hill,30,936599288.0,181680974.0,4462066.0,2285261.0,0.0048
30045,Judith Basin,30,188370401.0,19669728.0,2141356.0,1101263.0,0.0114
30047,Lake,30,39581921.0,3109389.0,0.0,0.0,0.0
30049,Lewis And Clark,30,42873660.0,4105104.0,57150.0,0.0,0.0013
30051,Liberty,30,523024669.0,114701625.0,5815939.0,3411092.0,0.0111
30055,Mccone,30,401308408.0,79606507.0,487847.0,268555.0,0.0012
30057,Madison,30,76265378.0,4843448.0,0.0,0.0,0.0
30059,Meagher,30,20382090.0,1879990.0,120499.0,0.0,0.0059
30065,Musselshell,30,39062532.0,6877823.0,0.0,0.0,0.0
30067,Park,30,18705015.0,1222410.0,0.0,0.0,0.0
30069,Petroleum,30,20340703.0,3179976.0,0.0,0.0,0.0
30071,Phillips,30,260080875.0,77105775.0,5200960.0,4010599.0,0.02
30073,Pondera,30,591121002.0,62189283.0,1477494.0,680960.0,0.0025
30075,Powder River,30,79918653.0,9332276.0,0.0,0.0,0.0
30079,Prairie,30,73696077.0,10048592.0,96341.0,0.0,0.0013
30083,Richland,30,291309976.0,34967273.0,0.0,0.0,0.0
30085,Roosevelt,30,697124196.0,177181564.0,5689997.0,2931412.0,0.0082
30087,Rosebud,30,110210770.0,12927579.0,0.0,0.0,0.0
30089,Sanders,30,3689287.0,0.0,0.0,0.0,0.0
30091,Sheridan,30,775779970.0,127340867.0,1348895.0,850840.0,0.0017
30095,Stillwater,30,60028314.0,4412255.0,0.0,0.0,0.0
30097,Sweet Grass,30,15550925.0,541844.0,0.0,0.0,0.0
30099,Teton,30,542867288.0,48308482.0,1562970.0,350327.0,0.0029
30101,Toole,30,582030660.0,126926535.0,5912883.0,4790960.0,0.0102
30103,Treasure,30,89154824.0,4748706.0,0.0,0.0,0.0
30105,Valley,30,750593445.0,204780015.0,2756574.0,1597530.0,0.0037
30107,Wheatland,30,84420993.0,16011139.0,10933.0,0.0,0.0001
30109,Wibaux,30,105590721.0,22007150.0,0.0,0.0,0.0
30111,Yellowstone,30,287584474.0,20190888.0,0.0,0.0,0.0
30999,All Other Counties,30,423022767.0,26105116.0,366454.0,162558.0,0.0009
31001,Adams,31,1550499395.0,63004530.0,71450616.0,16117466.0,0.0461
31003,Antelope,31,1954662174.0,44742320.0,16947148.0,2397369.0,0.0087
31005,Arthur,31,28084458.0,2848895.0,0.0,0.0,0.0
31007,Banner,31,173046410.0,22361634.0,2922169.0,1042619.0,0.0169
31009,Blaine,31,40451487.0,4498327.0,0.0,0.0,0.0
31011,Boone,31,1431279041.0,40503853.0,2035776.0,26508.0,0.0014
31013,Box Butte,31,796249371.0,70738183.0,985018.0,359738.0,0.0012
31015,Boyd,31,284931370.0,29194782.0,0.0,0.0,0.0
31017,Brown,31,346269356.0,10872214.0,0.0,0.0,0.0
31019,Buffalo,31,1704633972.0,45958264.0,4862262.0,309755.0,0.0029
31021,Burt,31,1199073846.0,38101263.0,4875182.0,642661.0,0.0041
31023,Butler,31,1350764465.0,52379200.0,15849222.0,1502180.0,0.0117
31025,Cass,31,1197739613.0,26394481.0,0.0,0.0,0.0
31027,Cedar,31,1601578919.0,63547794.0,16901951.0,2533061.0,0.0106
31029,Chase,31,1091471889.0,71943582.0,9220702.0,2765787.0,0.0084
31031,Cherry,31,313222196.0,18746815.0,34212903.0,2470993.0,0.1092
31033,Cheyenne,31,588173707.0,76801506.0,854491.0,268971.0,0.0015
31035,Clay,31,1508604481.0,40201214.0,7144240.0,1437624.0,0.0047
31037,Colfax,31,1085181005.0,43235233.0,4878065.0,884669.0,0.0045
31039,Cuming,31,1657653008.0,94194395.0,6796554.0,864847.0,0.0041
31041,Custer,31,1918054725.0,75653712.0,15089894.0,1040666.0,0.0079
31043,Dakota,31,655070654.0,43818502.0,0.0,0.0,0.0
31045,Dawes,31,104558414.0,16158535.0,0.0,0.0,0.0
31047,Dawson,31,1702425034.0,37049851.0,38172604.0,2814526.0,0.0224
31049,Deuel,31,284208883.0,41785591.0,75261.0,8832.0,0.0003
31051,Dixon,31,1176804009.0,41863655.0,313114.0,178653.0,0.0003
31053,Dodge,31,1266721523.0,35069894.0,740472.0,106136.0,0.0006
31055,Douglas,31,225824149.0,8464471.0,148928.0,15120.0,0.0007
31057,Dundy,31,662383655.0,66324611.0,1183563.0,92229.0,0.0018
31059,Fillmore,31,1638908749.0,43623495.0,0.0,0.0,0.0
31061,Franklin,31,824620683.0,44372628.0,586035.0,143406.0,0.0007
31063,Frontier,31,699621967.0,71232839.0,76201.0,16742.0,0.0001
31065,Furnas,31,790411984.0,106916235.0,3284936.0,772020.0,0.0042
31067,Gage,31,1426831185.0,50207565.0,450487.0,68922.0,0.0003
31069,Garden,31,272808046.0,31141639.0,661640.0,185344.0,0.0024
31071,Garfield,31,103459156.0,5683114.0,100297.0,1566.0,0.001
31073,Gosper,31,695891152.0,29335138.0,8258211.0,1175443.0,0.0119
31077,Greeley,31,636264733.0,19333185.0,372283.0,40046.0,0.0006
31079,Hall,31,1344592828.0,46539006.0,4420713.0,330894.0,0.0033
31081,Hamilton,31,1721969182.0,38323069.0,19208399.0,415883.0,0.0112
31083,Harlan,31,839219574.0,52970313.0,2011433.0,956687.0,0.0024
31085,Hayes,31,484562268.0,55292950.0,4966180.0,2086800.0,0.0102
31087,Hitchcock,31,441247492.0,88328497.0,2507301.0,1239037.0,0.0057
31089,Holt,31,1597944670.0,68473849.0,17897185.0,5028035.0,0.0112
31093,Howard,31,789025634.0,37030313.0,784075.0,140455.0,0.001
31095,Jefferson,31,878704177.0,43298517.0,0.0,0.0,0.0
31097,Johnson,31,468734531.0,17975351.0,1166061.0,310074.0,0.0025
31099,Kearney,31,1495727486.0,34822493.0,3362660.0,360223.0,0.0022
31101,Keith,31,754841873.0,50654123.0,14690921.0,2011488.0,0.0195
31103,Keya Paha,31,164449652.0,6298177.0,7517280.0,287623.0,0.0457
31105,Kimball,31,261875743.0,28941182.0,2906426.0,907337.0,0.0111
31107,Knox,31,1354464001.0,90535969.0,26507051.0,2264919.0,0.0196
31109,Lancaster,31,1140692063.0,57690262.0,3588520.0,2356218.0,0.0031
31111,Lincoln,31,1439129404.0,73177149.0,17517512.0,3942005.0,0.0122
31113,Logan,31,185903911.0,6568125.0,0.0,0.0,0.0
31115,Loup,31,73550124.0,3967076.0,0.0,0.0,0.0
31117,Mcpherson,31,36733212.0,2453122.0,472737.0,345302.0,0.0129
31119,Madison,31,1453175154.0,57231482.0,1782057.0,529951.0,0.0012
31121,Merrick,31,944972730.0,31338654.0,11337794.0,518315.0,0.012
31123,Morrill,31,521689406.0,28401099.0,31888.0,22397.0,0.0001
31125,Nance,31,678686247.0,59998099.0,1826756.0,354059.0,0.0027
31127,Nemaha,31,770573973.0,22278493.0,574020.0,297573.0,0.0007
31129,Nuckolls,31,963707530.0,90127942.0,1000021.0,173888.0,0.001
31131,Otoe,31,1145244618.0,37571019.0,795423.0,250200.0,0.0007
31133,Pawnee,31,490530150.0,26284666.0,0.0,0.0,0.0
31135,Perkins,31,1197356064.0,137897242.0,2297321.0,173099.0,0.0019
31137,Phelps,31,1736461659.0,22323740.0,465911.0,290614.0,0.0003
31139,Pierce,31,1254558947.0,52590766.0,13956634.0,1269234.0,0.0111
31141,Platte,31,1986725990.0,57360728.0,5973452.0,1391585.0,0.003
31143,Polk,31,1032446522.0,26972150.0,7653303.0,239167.0,0.0074
31145,Red Willow,31,647688482.0,89675016.0,24472.0,23998.0,0.0
31147,Richardson,31,935426838.0,20947202.0,1435188.0,224063.0,0.0015
31149,Rock,31,240491138.0,10942544.0,614328.0,342557.0,0.0026
31151,Saline,31,1090930025.0,56995468.0,3648076.0,207996.0,0.0033
31153,Sarpy,31,285120222.0,8690373.0,0.0,0.0,0.0
31155,Saunders,31,1473556613.0,45628172.0,9198234.0,1606698.0,0.0062
31157,Scotts Bluff,31,660187413.0,40269691.0,0.0,0.0,0.0
31159,Seward,31,1258809735.0,51756331.0,9514395.0,530244.0,0.0076
31161,Sheridan,31,360079723.0,35088565.0,1031052.0,164213.0,0.0029
31163,Sherman,31,598398727.0,25953112.0,1383135.0,153112.0,0.0023
31165,Sioux,31,250612583.0,18939425.0,0.0,0.0,0.0
31167,Stanton,31,927896749.0,64817691.0,2654028.0,781285.0,0.0029
31169,Thayer,31,1193520858.0,52245002.0,3238.0,0.0,0.0
31171,Thomas,31,9972914.0,714263.0,0.0,0.0,0.0
31173,Thurston,31,939758406.0,82491403.0,9552829.0,2150676.0,0.0102
31175,Valley,31,684488520.0,26778968.0,12934875.0,2650505.0,0.0189
31177,Washington,31,740926416.0,31779627.0,5484731.0,851619.0,0.0074
31179,Wayne,31,1159837351.0,84975087.0,3492104.0,276237.0,0.003
31181,Webster,31,765097418.0,62510249.0,13337164.0,3290888.0,0.0174
31183,Wheeler,31,610903613.0,23352517.0,32801358.0,3550176.0,0.0537
31185,York,31,1793836461.0,95164981.0,6726328.0,532788.0,0.0037
31999,All Other Counties,31,1677762052.0,41470267.0,3545705.0,635706.0,0.0021
32001,Churchill,32,252216450.0,37413181.0,0.0,0.0,0.0
32007,Elko,32,476699249.0,87581319.0,0.0,0.0,0.0
32011,Eureka,32,81104089.0,11243365.0,0.0,0.0,0.0
32013,Humboldt,32,273731561.0,44120803.0,3205230.0,309445.0,0.0117
32015,Lander,32,245921647.0,42700270.0,0.0,0.0,0.0
32017,Lincoln,32,127249356.0,38348734.0,0.0,0.0,0.0
32019,Lyon,32,54339256.0,10289100.0,0.0,0.0,0.0
32023,Nye,32,64695088.0,27367818.0,0.0,0.0,0.0
32027,Pershing,32,319072526.0,98368722.0,0.0,0.0,0.0
32031,Washoe,32,129980515.0,35398548.0,0.0,0.0,0.0
32033,White Pine,32,274269622.0,68923870.0,0.0,0.0,0.0
32999,All Other Counties,32,936939633.0,172130194.0,1046233.0,20180.0,0.0011
33999,All Other Counties,33,67230787.0,4909082.0,0.0,0.0,0.0
34001,Atlantic,34,190368095.0,10360368.0,0.0,0.0,0.0
34005,Burlington,34,98609688.0,7526034.0,0.0,0.0,0.0
34011,Cumberland,34,69327317.0,4778341.0,0.0,0.0,0.0
34015,Gloucester,34,60352480.0,6907342.0,53062.0,-38751.0,0.0009
34019,Hunterdon,34,41123912.0,4064942.0,300002.0,84373.0,0.0073
34021,Mercer,34,17394378.0,1323903.0,0.0,0.0,0.0
34023,Middlesex,34,9059713.0,207959.0,0.0,0.0,0.0
34025,Monmouth,34,17144716.0,1497370.0,0.0,0.0,0.0
34033,Salem,34,136186538.0,9198836.0,0.0,0.0,0.0
34035,Somerset,34,3423454.0,320382.0,0.0,0.0,0.0
34037,Sussex,34,11058856.0,981867.0,0.0,0.0,0.0
34041,Warren,34,108763987.0,7353182.0,0.0,0.0,0.0
34999,All Other Counties,34,96715973.0,5019205.0,0.0,0.0,0.0
35003,Catron,35,62872638.0,14224479.0,0.0,0.0,0.0
35005,Chaves,35,1024433035.0,94900483.0,0.0,0.0,0.0
35006,Cibola,35,35021422.0,2178517.0,0.0,0.0,0.0
35007,Colfax,35,45556681.0,2779202.0,0.0,0.0,0.0
35009,Curry,35,1397605830.0,166062646.0,8154245.0,3195697.0,0.0058
35011,De Baca,35,47935699.0,11102221.0,0.0,0.0,0.0
35013,Dona Ana,35,784544735.0,61277576.0,2774405.0,143921.0,0.0035
35015,Eddy,35,241827706.0,40101912.0,0.0,0.0,0.0
35017,Grant,35,16486400.0,2477618.0,0.0,0.0,0.0
35019,Guadalupe,35,38443852.0,5318348.0,0.0,0.0,0.0
35021,Harding,35,21778533.0,3713130.0,0.0,0.0,0.0
35023,Hidalgo,35,74344804.0,13551578.0,0.0,0.0,0.0
35025,Lea,35,652662150.0,103229426.0,26920696.0,15863145.0,0.0412
35027,Lincoln,35,65762720.0,11320486.0,0.0,0.0,0.0
35029,Luna,35,125621392.0,23905592.0,1852499.0,1075616.0,0.0147
35031,Mckinley,35,105917173.0,13926049.0,0.0,0.0,0.0
35035,Otero,35,113288468.0,23409527.0,0.0,0.0,0.0
35037,Quay,35,231804759.0,81379207.0,9816515.0,4352354.0,0.0423
35039,Rio Arriba,35,12746133.0,1201496.0,0.0,0.0,0.0
35041,Roosevelt,35,593457085.0,116519039.0,67982033.0,43097884.0,0.1146
35047,San Miguel,35,32149718.0,3400786.0,0.0,0.0,0.0
35051,Sierra,35,37866950.0,8853566.0,0.0,0.0,0.0
35053,Socorro,35,27584612.0,3660676.0,0.0,0.0,0.0
35057,Torrance,35,43942471.0,4855945.0,0.0,0.0,0.0
35059,Union,35,255338622.0,37847993.0,9937423.0,2323630.0,0.0389
35999,All Other Counties,35,972495318.0,118667721.0,11335051.0,3103670.0,0.0117
36003,Allegany,36,77809034.0,5721663.0,2164101.0,1032902.0,0.0278
36009,Cattaraugus,36,132512048.0,6628025.0,7713128.0,795274.0,0.0582
36011,Cayuga,36,741359261.0,26955933.0,7495512.0,1647979.0,0.0101
36013,Chautauqua,36,252336139.0,12425818.0,4332217.0,238049.0,0.0172
36017,Chenango,36,37583776.0,1105018.0,0.0,0.0,0.0
36019,Clinton,36,179042847.0,19386429.0,0.0,0.0,0.0
36021,Columbia,36,137887908.0,9263091.0,1448403.0,150151.0,0.0105
36023,Cortland,36,125168467.0,3428045.0,492314.0,0.0,0.0039
36027,Dutchess,36,19159214.0,4344548.0,232933.0,33833.0,0.0122
36029,Erie,36,135616751.0,12547415.0,21026046.0,3370459.0,0.155
36033,Franklin,36,124078345.0,2133465.0,11375.0,0.0,0.0001
36037,Genesee,36,316287737.0,17017570.0,7672948.0,1198539.0,0.0243
36043,Herkimer,36,71279491.0,3050671.0,1799445.0,403193.0,0.0252
36045,Jefferson,36,309889027.0,30243058.0,13707156.0,2669687.0,0.0442
36049,Lewis,36,44936036.0,863832.0,0.0,0.0,0.0
36051,Livingston,36,579906748.0,28673435.0,2817803.0,548407.0,0.0049
36053,Madison,36,95034436.0,6472106.0,2055065.0,265038.0,0.0216
36055,Monroe,36,266308109.0,22546916.0,2557595.0,31243.0,0.0096
36057,Montgomery,36,99299812.0,3742736.0,299499.0,5917.0,0.003
36063,Niagara,36,343906885.0,35425031.0,378336.0,54436.0,0.0011
36065,Oneida,36,141446328.0,4855463.0,417155.0,70788.0,0.0029
36067,Onondaga,36,218249593.0,14133117.0,5869801.0,1447475.0,0.0269
36069,Ontario,36,312904901.0,21253418.0,6191957.0,1198717.0,0.0198
36071,Orange,36,123092916.0,17489795.0,0.0,0.0,0.0
36073,Orleans,36,619439498.0,40425750.0,281854.0,10390.0,0.0005
36075,Oswego,36,64149372.0,6487059.0,1259478.0,191595.0,0.0196
36077,Otsego,36,34369603.0,1383405.0,11222.0,0.0,0.0003
36083,Rensselaer,36,32744495.0,1471062.0,27301.0,0.0,0.0008
36089,St Lawrence,36,369610234.0,21313381.0,399873.0,101338.0,0.0011
36091,Saratoga,36,69764812.0,1590154.0,0.0,0.0,0.0
36095,Schoharie,36,7184805.0,217804.0,7552.0,0.0,0.0011
36097,Schuyler,36,27021882.0,2044181.0,376206.0,95715.0,0.0139
36099,Seneca,36,196235198.0,13217943.0,3292274.0,495006.0,0.0168
36101,Steuben,36,194076721.0,14038736.0,1343808.0,205609.0,0.0069
36103,Suffolk,36,9923068.0,340945.0,0.0,0.0,0.0
36109,Tompkins,36,60817413.0,1820925.0,2577785.0,222492.0,0.0424
36111,Ulster,36,190850221.0,16257132.0,0.0,0.0,0.0
36115,Washington,36,200559703.0,7633276.0,0.0,0.0,0.0
36117,Wayne,36,722762592.0,48278033.0,4111332.0,694643.0,0.0057
36121,Wyoming,36,338701139.0,13765162.0,6722963.0,548809.0,0.0198
36123,Yates,36,129045760.0,8829343.0,10302507.0,714368.0,0.0798
36999,All Other Counties,36,544481647.0,23672898.0,335432.0,40217.0,0.0006
37001,Alamance,37,50930364.0,8725254.0,385721.0,175333.0,0.0076
37003,Alexander,37,32702391.0,6080266.0,0.0,0.0,0.0
37007,Anson,37,114026002.0,12878516.0,0.0,0.0,0.0
37013,Beaufort,37,553247173.0,59666462.0,0.0,0.0,0.0
37015,Bertie,37,461631947.0,33848170.0,19200.0,0.0,0.0
37017,Bladen,37,466067592.0,117271446.0,959276.0,476012.0,0.0021
37019,Brunswick,37,48504910.0,11809114.0,27715.0,27671.0,0.0006
37021,Buncombe,37,0.0,0.0,0.0,0.0,
37023,Burke,37,17916542.0,1506854.0,0.0,0.0,0.0
37025,Cabarrus,37,34790822.0,2928638.0,0.0,0.0,0.0
37029,Camden,37,174927682.0,3891379.0,0.0,0.0,0.0
37031,Carteret,37,150429810.0,19659282.0,0.0,0.0,0.0
37033,Caswell,37,79917219.0,14225562.0,452254.0,96093.0,0.0057
37035,Catawba,37,33337135.0,2136855.0,0.0,0.0,0.0
37037,Chatham,37,20812429.0,4978815.0,179813.0,67448.0,0.0086
37039,Cherokee,37,2118711.0,51120.0,0.0,0.0,0.0
37041,Chowan,37,124298093.0,7873571.0,0.0,0.0,0.0
37045,Cleveland,37,61213653.0,4011723.0,0.0,0.0,0.0
37047,Columbus,37,361281483.0,93896176.0,229096.0,92685.0,0.0006
37049,Craven,37,204959217.0,34794006.0,0.0,0.0,0.0
37051,Cumberland,37,191331479.0,49830509.0,30480.0,3953.0,0.0002
37053,Currituck,37,88630448.0,2938031.0,0.0,0.0,0.0
37057,Davidson,37,54575495.0,7501021.0,28476.0,0.0,0.0005
37059,Davie,37,47802921.0,2359487.0,0.0,0.0,0.0
37061,Duplin,37,492011051.0,61924539.0,1751965.0,226922.0,0.0036
37063,Durham,37,6873713.0,1109972.0,8207.0,0.0,0.0012
37065,Edgecombe,37,628155613.0,57939591.0,1031579.0,90917.0,0.0016
37067,Forsyth,37,31759466.0,7680696.0,1138789.0,109018.0,0.0359
37069,Franklin,37,209155873.0,33491554.0,14116305.0,1359545.0,0.0675
37071,Gaston,37,11946598.0,1051974.0,0.0,0.0,0.0
37073,Gates,37,178217259.0,9484563.0,0.0,0.0,0.0
37077,Granville,37,108792115.0,15266119.0,2826261.0,549104.0,0.026
37079,Greene,37,371796999.0,51271705.0,192547.0,88786.0,0.0005
37081,Guilford,37,97120596.0,20988246.0,3856963.0,993226.0,0.0397
37083,Halifax,37,529907860.0,38110629.0,176084.0,11133.0,0.0003
37085,Harnett,37,315335231.0,61709864.0,249306.0,51489.0,0.0008
37089,Henderson,37,143113512.0,89516884.0,0.0,0.0,0.0
37091,Hertford,37,272198521.0,26362248.0,0.0,0.0,0.0
37093,Hoke,37,67813952.0,4866089.0,0.0,0.0,0.0
37095,Hyde,37,404996103.0,32169614.0,499184.0,154656.0,0.0012
37097,Iredell,37,188340278.0,6955981.0,0.0,0.0,0.0
37101,Johnston,37,512950876.0,75681100.0,4159327.0,219167.0,0.0081
37103,Jones,37,238846907.0,63176994.0,276332.0,53190.0,0.0012
37105,Lee,37,75042480.0,17300984.0,366737.0,212175.0,0.0049
37107,Lenoir,37,388890827.0,66727433.0,432659.0,73329.0,0.0011
37109,Lincoln,37,21230500.0,2821075.0,885.0,0.0,0.0
37117,Martin,37,473103941.0,48625677.0,0.0,0.0,0.0
37119,Mecklenburg,37,5680438.0,592678.0,0.0,0.0,0.0
37123,Montgomery,37,14951835.0,1347861.0,325743.0,118070.0,0.0218
37125,Moore,37,56315763.0,10613620.0,768856.0,120703.0,0.0137
37127,Nash,37,607856255.0,44423451.0,4704951.0,466828.0,0.0077
37131,Northampton,37,432034181.0,20620568.0,635486.0,40408.0,0.0015
37133,Onslow,37,136888599.0,44891148.0,1258.0,0.0,0.0
37135,Orange,37,52620471.0,5414403.0,183235.0,48359.0,0.0035
37137,Pamlico,37,125567621.0,13027502.0,0.0,0.0,0.0
37139,Pasquotank,37,296845081.0,12164438.0,3084782.0,835054.0,0.0104
37141,Pender,37,193382571.0,28077790.0,144473.0,0.0,0.0007
37143,Perquimans,37,277326441.0,14976456.0,1433190.0,75468.0,0.0052
37145,Person,37,214156940.0,35414098.0,1857763.0,568309.0,0.0087
37147,Pitt,37,517096283.0,74115026.0,1551516.0,233628.0,0.003
37149,Polk,37,390772.0,0.0,0.0,0.0,0.0
37151,Randolph,37,61576583.0,5144007.0,2596115.0,622913.0,0.0422
37153,Richmond,37,30489468.0,4932688.0,291272.0,83473.0,0.0096
37155,Robeson,37,583399975.0,98737847.0,0.0,0.0,0.0
37157,Rockingham,37,119393623.0,29045291.0,2085780.0,679064.0,0.0175
37159,Rowan,37,106697543.0,9185473.0,474564.0,121874.0,0.0044
37161,Rutherford,37,6670368.0,512835.0,0.0,0.0,0.0
37163,Sampson,37,867673777.0,147613759.0,6157667.0,740489.0,0.0071
37165,Scotland,37,82230779.0,12438495.0,0.0,0.0,0.0
37167,Stanly,37,165705156.0,14262854.0,26507.0,0.0,0.0002
37169,Stokes,37,35151826.0,10787455.0,0.0,0.0,0.0
37171,Surry,37,128245851.0,13686458.0,0.0,0.0,0.0
37177,Tyrrell,37,303267964.0,15136059.0,0.0,0.0,0.0
37179,Union,37,416174895.0,30260114.0,0.0,0.0,0.0
37181,Vance,37,63743507.0,4956873.0,376034.0,42716.0,0.0059
37183,Wake,37,115520656.0,18563600.0,3669874.0,36222.0,0.0318
37185,Warren,37,69909440.0,11388207.0,7653173.0,1438717.0,0.1095
37187,Washington,37,391048039.0,31569993.0,0.0,0.0,0.0
37191,Wayne,37,546085722.0,76052070.0,1041234.0,127850.0,0.0019
37193,Wilkes,37,50679224.0,8886880.0,0.0,0.0,0.0
37195,Wilson,37,533640728.0,44675291.0,4931616.0,252019.0,0.0092
37197,Yadkin,37,154370144.0,13180584.0,0.0,0.0,0.0
37999,All Other Counties,37,1422312573.0,70835646.5,270459.0,165433.0,0.0002
38001,Adams,38,483031273.0,78442274.0,0.0,0.0,0.0
38003,Barnes,38,2119501909.0,288633968.0,6640553.0,4005289.0,0.0031
38005,Benson,38,1248691433.0,145614863.0,1128383.0,625005.0,0.0009
38007,Billings,38,170211564.0,26469350.0,322558.0,92137.0,0.0019
38009,Bottineau,38,1738830813.0,183026390.0,736066.0,362391.0,0.0004
38011,Bowman,38,349108350.0,69714717.0,0.0,0.0,0.0
38013,Burke,38,713322132.0,109956979.0,0.0,0.0,0.0
38015,Burleigh,38,843680491.0,119832664.0,5291506.0,2737290.0,0.0063
38017,Cass,38,3322102425.0,233613339.0,3832895.0,600092.0,0.0012
38019,Cavalier,38,2082635531.0,247316000.0,138394.0,40248.0,0.0001
38021,Dickey,38,1575385145.0,239118850.0,12487645.0,4923729.0,0.0079
38023,Divide,38,768965094.0,103361543.0,178023.0,109096.0,0.0002
38025,Dunn,38,510731854.0,68066626.0,86693.0,16004.0,0.0002
38027,Eddy,38,487901468.0,71608630.0,2495595.0,1695918.0,0.0051
38029,Emmons,38,1248430225.0,173755343.0,7149067.0,3503217.0,0.0057
38031,Foster,38,829325933.0,117925407.0,0.0,0.0,0.0
38033,Golden Valley,38,274945235.0,57917749.0,139161.0,119435.0,0.0005
38035,Grand Forks,38,2293712889.0,225178653.0,239479.0,102440.0,0.0001
38037,Grant,38,575461449.0,99647119.0,5621.0,0.0,0.0
38039,Griggs,38,724517502.0,92608867.0,580426.0,323874.0,0.0008
38041,Hettinger,38,946364314.0,120116514.0,0.0,0.0,0.0
38043,Kidder,38,703562657.0,92935920.0,45085246.0,12549923.0,0.0641
38045,La Moure,38,1849669842.0,254943311.0,16121732.0,9031649.0,0.0087
38047,Logan,38,626466791.0,79722294.0,1917145.0,600463.0,0.0031
38049,Mchenry,38,1138411288.0,140307083.0,44172.0,0.0,0.0
38051,Mcintosh,38,757999941.0,107248621.0,4680444.0,2896253.0,0.0062
38053,Mckenzie,38,400493671.0,56066919.0,440.0,272.0,0.0
38055,Mclean,38,1721843885.0,239627559.0,0.0,0.0,0.0
38057,Mercer,38,361842201.0,62794504.0,0.0,0.0,0.0
38059,Morton,38,768888144.0,116935017.0,3483.0,0.0,0.0
38061,Mountrail,38,1022863029.0,118301889.0,11188.0,0.0,0.0
38063,Nelson,38,859810283.0,98826053.0,2982444.0,2753973.0,0.0035
38065,Oliver,38,319021103.0,35934265.0,22080.0,0.0,0.0001
38067,Pembina,38,2057029012.0,166267379.0,41248.0,0.0,0.0
38069,Pierce,38,834978255.0,128059934.0,2782663.0,978788.0,0.0033
38071,Ramsey,38,1321958750.0,188575288.0,7949.0,3785.0,0.0
38073,Ransom,38,1181056474.0,124606960.0,335058.0,83824.0,0.0003
38075,Renville,38,1052676472.0,169344097.0,0.0,0.0,0.0
38077,Richland,38,2654357272.0,111034079.0,2943217.0,768121.0,0.0011
38079,Rolette,38,637693594.0,86689077.0,0.0,0.0,0.0
38081,Sargent,38,1349688796.0,142224829.0,0.0,0.0,0.0
38083,Sheridan,38,651453978.0,77966376.0,707670.0,383201.0,0.0011
38085,Sioux,38,204257223.0,31230114.0,0.0,0.0,0.0
38087,Slope,38,393109954.0,64761211.0,0.0,0.0,0.0
38089,Stark,38,773880116.0,101711387.0,19123.0,2648.0,0.0
38091,Steele,38,1180112791.0,92954955.0,0.0,0.0,0.0
38093,Stutsman,38,2517037272.0,330630934.0,7906074.0,3620173.0,0.0031
38095,Towner,38,1173123452.0,154432959.0,864639.0,485264.0,0.0007
38097,Traill,38,1827294868.0,156164743.0,13887022.0,1206163.0,0.0076
38099,Walsh,38,1985216420.0,181124889.0,4587644.0,536898.0,0.0023
38101,Ward,38,1847320068.0,226168007.0,56833.0,1585.0,0.0
38103,Wells,38,1613704262.0,192842385.0,665864.0,277946.0,0.0004
38105,Williams,38,1138721917.0,154278861.0,324156.0,110141.0,0.0003
38999,All Other Counties,38,410709764.0,21914748.0,334591.0,156210.0,0.0008
39001,Adams,39,130431795.0,6326245.0,0.0,0.0,0.0
39003,Allen,39,613205303.0,25191557.0,97572.0,33825.0,0.0002
39005,Ashland,39,316827912.0,13415386.0,1342953.0,249072.0,0.0042
39007,Ashtabula,39,155362909.0,11232824.0,455936.0,192846.0,0.0029
39009,Athens,39,15590600.0,1026197.0,0.0,0.0,0.0
39011,Auglaize,39,746761037.0,24310018.0,1406555.0,202029.0,0.0019
39015,Brown,39,336033636.0,13307697.0,0.0,0.0,0.0
39017,Butler,39,254603865.0,8887160.0,13852.0,0.0,0.0001
39019,Carroll,39,62233054.0,6804795.0,0.0,0.0,0.0
39021,Champaign,39,813498870.0,15522591.0,181599.0,15944.0,0.0002
39023,Clark,39,680890482.0,15596818.0,176091.0,82916.0,0.0003
39025,Clermont,39,204434554.0,6567762.0,0.0,0.0,0.0
39027,Clinton,39,811499564.0,13093675.0,387183.0,87984.0,0.0005
39029,Columbiana,39,140804501.0,4475923.0,32593.0,14709.0,0.0002
39031,Coshocton,39,123399381.0,6637328.0,281842.0,123156.0,0.0023
39033,Crawford,39,760039027.0,15868293.0,995316.0,225932.0,0.0013
39037,Darke,39,1237489674.0,23676699.0,3448377.0,631938.0,0.0028
39039,Defiance,39,550426553.0,42604267.0,138123.0,99871.0,0.0003
39041,Delaware,39,440989545.0,18122059.0,785446.0,204674.0,0.0018
39043,Erie,39,181539141.0,6034480.0,68318.0,0.0,0.0004
39045,Fairfield,39,509021343.0,5354925.0,242985.0,42766.0,0.0005
39047,Fayette,39,866233916.0,17003580.0,881914.0,108799.0,0.001
39049,Franklin,39,172301905.0,5468688.0,0.0,0.0,0.0
39051,Fulton,39,710194251.0,27922990.0,411124.0,-3668.0,0.0006
39053,Gallia,39,21694831.0,1467925.0,0.0,0.0,0.0
39055,Geauga,39,21311912.0,2036218.0,0.0,0.0,0.0
39057,Greene,39,556271761.0,8212618.0,152437.0,119451.0,0.0003
39059,Guernsey,39,22125160.0,1585993.0,0.0,0.0,0.0
39061,Hamilton,39,19024643.0,585380.0,0.0,0.0,0.0
39063,Hancock,39,923034209.0,37642336.0,2628119.0,206639.0,0.0028
39065,Hardin,39,910397416.0,60147609.0,1773546.0,629581.0,0.0019
39067,Harrison,39,34510490.0,1628632.0,0.0,0.0,0.0
39069,Henry,39,759741666.0,28435403.0,1369713.0,54785.0,0.0018
39071,Highland,39,561093668.0,14698914.0,235832.0,43778.0,0.0004
39073,Hocking,39,20922663.0,1494235.0,0.0,0.0,0.0
39075,Holmes,39,142802526.0,5166855.0,104944.0,0.0,0.0007
39077,Huron,39,658638153.0,28236042.0,797532.0,115765.0,0.0012
39079,Jackson,39,25015332.0,1046016.0,0.0,0.0,0.0
39081,Jefferson,39,9489937.0,1520135.0,0.0,0.0,0.0
39083,Knox,39,421308643.0,9281603.0,5189935.0,279810.0,0.0123
39087,Lawrence,39,5903742.0,626552.0,0.0,0.0,0.0
39089,Licking,39,514132885.0,13892078.0,29337.0,15849.0,0.0001
39091,Logan,39,707357911.0,35407391.0,5024728.0,239384.0,0.0071
39093,Lorain,39,270168745.0,16360146.0,1113748.0,189689.0,0.0041
39095,Lucas,39,194805497.0,9498436.0,627233.0,161967.0,0.0032
39097,Madison,39,1021823197.0,27565571.0,12498808.0,1496260.0,0.0122
39099,Mahoning,39,98981965.0,5423966.0,0.0,0.0,0.0
39101,Marion,39,671744452.0,22915997.0,313441.0,117964.0,0.0005
39103,Medina,39,140800716.0,9801098.0,59706.0,9678.0,0.0004
39105,Meigs,39,18373011.0,1502124.0,0.0,0.0,0.0
39107,Mercer,39,1049056117.0,27466425.0,6215784.0,347885.0,0.0059
39109,Miami,39,641275039.0,11809866.0,1986801.0,160988.0,0.0031
39113,Montgomery,39,300910762.0,3688799.0,102456.0,38859.0,0.0003
39115,Morgan,39,9271110.0,697116.0,0.0,0.0,0.0
39117,Morrow,39,489321981.0,22505253.0,0.0,0.0,0.0
39119,Muskingum,39,120328732.0,4844763.0,164231.0,88299.0,0.0014
39123,Ottawa,39,305891445.0,25287804.0,1430422.0,141383.0,0.0047
39125,Paulding,39,675826495.0,37548615.0,2071325.0,211103.0,0.0031
39127,Perry,39,141953504.0,6295750.0,41551.0,32796.0,0.0003
39129,Pickaway,39,922734609.0,15931131.0,898607.0,99511.0,0.001
39131,Pike,39,102200830.0,3013497.0,43835.0,0.0,0.0004
39133,Portage,39,74492288.0,3353725.0,46623.0,14584.0,0.0006
39135,Preble,39,733602839.0,9232457.0,2497132.0,202745.0,0.0034
39137,Putnam,39,834950732.0,31990806.0,379326.0,2042.0,0.0005
39139,Richland,39,317740641.0,11993486.0,587747.0,287291.0,0.0018
39141,Ross,39,436379527.0,6084922.0,1323380.0,299339.0,0.003
39143,Sandusky,39,578246535.0,19158429.0,3350463.0,192328.0,0.0058
39145,Scioto,39,78428408.0,2699075.0,0.0,0.0,0.0
39147,Seneca,39,915442148.0,38091279.0,1772640.0,382557.0,0.0019
39149,Shelby,39,688827017.0,20596554.0,884262.0,80612.0,0.0013
39151,Stark,39,182210316.0,7653932.0,0.0,0.0,0.0
39153,Summit,39,9975501.0,712362.0,0.0,0.0,0.0
39155,Trumbull,39,87915276.0,5188309.0,0.0,0.0,0.0
39157,Tuscarawas,39,92951100.0,5039416.0,0.0,0.0,0.0
39159,Union,39,666097615.0,21293936.0,659039.0,193367.0,0.001
39161,Van Wert,39,811659258.0,28079240.0,285726.0,29158.0,0.0004
39163,Vinton,39,10745922.0,1178114.0,1165.0,0.0,0.0001
39165,Warren,39,260233318.0,10066740.0,897478.0,158574.0,0.0034
39167,Washington,39,31694580.0,1534168.0,0.0,0.0,0.0
39169,Wayne,39,452576418.0,16852002.0,6119008.0,675961.0,0.0135
39171,Williams,39,584692851.0,34721655.0,746979.0,251950.0,0.0013
39173,Wood,39,982634183.0,57481177.0,1927564.0,413685.0,0.002
39175,Wyandot,39,704201261.0,24442049.0,1189811.0,201606.0,0.0017
39999,All Other Counties,39,2015423319.0,55897835.0,1649128.0,215628.0,0.0008
40003,Alfalfa,40,553419259.0,66071465.0,0.0,0.0,0.0
40005,Atoka,40,10815230.0,660213.0,0.0,0.0,0.0
40007,Beaver,40,413798432.0,59531352.0,0.0,0.0,0.0
40009,Beckham,40,164874729.0,25856759.0,42269.0,27563.0,0.0003
40011,Blaine,40,205149018.0,28537868.0,0.0,0.0,0.0
40013,Bryan,40,123415672.0,5413325.0,0.0,0.0,0.0
40015,Caddo,40,321193480.0,36216007.0,0.0,0.0,0.0
40017,Canadian,40,206207033.0,24542485.0,0.0,0.0,0.0
40019,Carter,40,27459677.0,980335.0,0.0,0.0,0.0
40023,Choctaw,40,47263354.0,4171160.0,0.0,0.0,0.0
40025,Cimarron,40,601194390.0,179492608.0,381528.0,312300.0,0.0006
40027,Cleveland,40,3191279.0,452623.0,0.0,0.0,0.0
40031,Comanche,40,121352160.0,27657728.0,0.0,0.0,0.0
40033,Cotton,40,233609189.0,34913934.0,5703.0,0.0,0.0
40035,Craig,40,83710537.0,8421913.0,0.0,0.0,0.0
40039,Custer,40,271696062.0,38937356.0,0.0,0.0,0.0
40041,Delaware,40,45596048.0,2355586.0,0.0,0.0,0.0
40043,Dewey,40,98843423.0,22320770.0,0.0,0.0,0.0
40045,Ellis,40,72189906.0,9687965.0,0.0,0.0,0.0
40047,Garfield,40,572218239.0,88401504.0,40324.0,9218.0,0.0001
40049,Garvin,40,43101817.0,4225694.0,0.0,0.0,0.0
40051,Grady,40,106680215.0,12196683.0,0.0,0.0,0.0
40053,Grant,40,581762955.0,97729241.0,0.0,0.0,0.0
40055,Greer,40,166289228.0,59527461.0,389597.0,174630.0,0.0023
40057,Harmon,40,314561984.0,95275222.0,100350.0,49604.0,0.0003
40059,Harper,40,180035777.0,30221021.0,0.0,0.0,0.0
40061,Haskell,40,4741982.0,38597.0,0.0,0.0,0.0
40063,Hughes,40,8405548.0,788526.0,0.0,0.0,0.0
40065,Jackson,40,793453009.0,271902632.0,0.0,0.0,0.0
40067,Jefferson,40,113746404.0,2342537.0,0.0,0.0,0.0
40069,Johnston,40,10360512.0,495803.0,0.0,0.0,0.0
40071,Kay,40,468141962.0,90043746.0,0.0,0.0,0.0
40073,Kingfisher,40,304410573.0,30262699.0,6588.0,0.0,0.0
40075,Kiowa,40,345446876.0,94138853.0,0.0,0.0,0.0
40079,Le Flore,40,55787752.0,7204310.0,237971.0,70149.0,0.0043
40081,Lincoln,40,22193790.0,812841.0,0.0,0.0,0.0
40083,Logan,40,69474485.0,8770182.0,0.0,0.0,0.0
40085,Love,40,4791344.0,561648.0,0.0,0.0,0.0
40087,Mcclain,40,42933593.0,3640376.0,0.0,0.0,0.0
40089,Mccurtain,40,77027071.0,28784561.0,0.0,0.0,0.0
40091,Mcintosh,40,4441152.0,494443.0,0.0,0.0,0.0
40093,Major,40,225780267.0,27236651.0,2679822.0,336797.0,0.0119
40095,Marshall,40,17360415.0,1679746.0,0.0,0.0,0.0
40097,Mayes,40,28088783.0,1547471.0,0.0,0.0,0.0
40099,Murray,40,6732913.0,535553.0,0.0,0.0,0.0
40101,Muskogee,40,73058153.0,9339261.0,0.0,0.0,0.0
40103,Noble,40,216918575.0,29560434.0,0.0,0.0,0.0
40105,Nowata,40,46694963.0,3623146.0,0.0,0.0,0.0
40107,Okfuskee,40,1215077.0,6024.0,0.0,0.0,0.0
40109,Oklahoma,40,8592486.0,1120655.0,0.0,0.0,0.0
40111,Okmulgee,40,16234498.0,1108084.0,0.0,0.0,0.0
40113,Osage,40,98395729.0,11136452.0,0.0,0.0,0.0
40115,Ottawa,40,118858855.0,18026035.0,0.0,0.0,0.0
40117,Pawnee,40,21841590.0,3188619.0,0.0,0.0,0.0
40119,Payne,40,15448419.0,2117244.0,0.0,0.0,0.0
40123,Pontotoc,40,1223143.0,49236.0,0.0,0.0,0.0
40125,Pottawatomie,40,16611533.0,2383506.0,0.0,0.0,0.0
40129,Roger Mills,40,106474282.0,13841455.0,0.0,0.0,0.0
40131,Rogers,40,16129212.0,1011283.0,0.0,0.0,0.0
40135,Sequoyah,40,46887838.0,5971206.0,0.0,0.0,0.0
40137,Stephens,40,35824714.0,2581940.0,0.0,0.0,0.0
40139,Texas,40,1295028653.0,167920935.0,1744602.0,129590.0,0.0013
40141,Tillman,40,511262613.0,155774421.0,0.0,0.0,0.0
40143,Tulsa,40,8463329.0,1630665.0,0.0,0.0,0.0
40145,Wagoner,40,70609139.0,8227136.0,4614.0,0.0,0.0001
40147,Washington,40,46297448.0,4319787.0,0.0,0.0,0.0
40149,Washita,40,388216889.0,81980491.0,66241.0,45930.0,0.0002
40151,Woods,40,354056464.0,57277537.0,182559.0,118711.0,0.0005
40153,Woodward,40,76009437.0,14834285.0,0.0,0.0,0.0
40999,All Other Counties,40,1130298027.0,34216469.5,128237.0,0.0,0.0001
41001,Baker,41,197210586.0,29541117.0,265448.0,186496.0,0.0013
41003,Benton,41,4589727.0,673543.0,14653.0,12779.0,0.0032
41005,Clackamas,41,128822888.0,1806717.0,578696.0,0.0,0.0045
41011,Coos,41,43878787.0,2734043.0,0.0,0.0,0.0
41013,Crook,41,46272523.0,9607618.0,0.0,0.0,0.0
41015,Curry,41,11155858.0,399492.0,0.0,0.0,0.0
41017,Deschutes,41,16877463.0,2713410.0,0.0,0.0,0.0
41019,Douglas,41,75902824.0,12428043.0,741975.0,0.0,0.0098
41021,Gilliam,41,212591070.0,33601767.0,768568.0,252445.0,0.0036
41023,Grant,41,78944187.0,13797835.0,0.0,0.0,0.0
41025,Harney,41,349335469.0,71025238.0,548326.0,6047.0,0.0016
41027,Hood River,41,508134632.0,10118444.0,2616152.0,39618.0,0.0051
41029,Jackson,41,151224055.0,23494492.0,1982757.0,857651.0,0.0131
41031,Jefferson,41,64040008.0,18656067.0,47220.0,0.0,0.0007
41035,Klamath,41,404738290.0,106301111.0,130573833.0,56176616.0,0.3226
41037,Lake,41,95379535.0,15139324.0,0.0,0.0,0.0
41039,Lane,41,16231180.0,2090945.0,5521793.0,0.0,0.3402
41043,Linn,41,37569201.0,5243787.0,13276715.0,0.0,0.3534
41045,Malheur,41,960792560.0,70939591.0,0.0,0.0,0.0
41047,Marion,41,953011953.0,8849679.0,24740666.0,1082421.0,0.026
41049,Morrow,41,606331194.0,51954602.0,54851023.0,3024140.0,0.0905
41053,Polk,41,80549853.0,2680373.0,936038.0,0.0,0.0116
41055,Sherman,41,299158197.0,30813439.0,371269.0,164444.0,0.0012
41057,Tillamook,41,2721923.0,0.0,0.0,0.0,0.0
41059,Umatilla,41,1199829241.0,101282085.0,47915502.0,8174142.0,0.0399
41061,Union,41,113958704.0,13546464.0,9053961.0,1234712.0,0.0794
41063,Wallowa,41,216199670.0,37250187.0,0.0,0.0,0.0
41065,Wasco,41,484963348.0,57185791.0,1721831.0,94004.0,0.0036
41067,Washington,41,296432033.0,8092182.0,9515468.0,56132.0,0.0321
41069,Wheeler,41,13035866.0,794218.0,0.0,0.0,0.0
41071,Yamhill,41,670495198.0,4376761.0,14363922.0,469408.0,0.0214
41999,All Other Counties,41,2204433341.0,89281641.0,155611292.0,8199516.0,0.0706
42001,Adams,42,544196034.0,122789980.0,1858511.0,985664.0,0.0034
42005,Armstrong,42,65412228.0,5626866.0,0.0,0.0,0.0
42007,Beaver,42,24326981.0,1340002.0,0.0,0.0,0.0
42009,Bedford,42,109534779.0,5890958.0,357959.0,134941.0,0.0033
42011,Berks,42,231654043.0,11338351.0,904950.0,228731.0,0.0039
42013,Blair,42,151082670.0,8152355.0,0.0,0.0,0.0
42015,Bradford,42,70776280.0,3879646.0,504719.0,166654.0,0.0071
42017,Bucks,42,54548602.0,2542536.0,66377.0,1769.0,0.0012
42019,Butler,42,85365851.0,6382391.0,56450.0,1487.0,0.0007
42021,Cambria,42,49328825.0,3751799.0,0.0,0.0,0.0
42025,Carbon,42,7753138.0,1050680.0,46591.0,28635.0,0.006
42027,Centre,42,103009991.0,5508934.0,0.0,0.0,0.0
42029,Chester,42,181085321.0,2372986.0,40704.0,4915.0,0.0002
42031,Clarion,42,35877762.0,3956932.0,0.0,0.0,0.0
42033,Clearfield,42,14823743.0,2841918.0,0.0,0.0,0.0
42035,Clinton,42,29987142.0,1672321.0,0.0,0.0,0.0
42037,Columbia,42,106140151.0,5621151.0,0.0,0.0,0.0
42039,Crawford,42,142753794.0,12531050.0,0.0,0.0,0.0
42041,Cumberland,42,144364375.0,9977440.0,0.0,0.0,0.0
42043,Dauphin,42,104129486.0,4908648.0,1096333.0,253127.0,0.0105
42049,Erie,42,210761447.0,10245789.0,0.0,0.0,0.0
42051,Fayette,42,36846672.0,4511381.0,0.0,0.0,0.0
42055,Franklin,42,310649864.0,13471049.0,1373749.0,364420.0,0.0044
42057,Fulton,42,56090889.0,3688746.0,0.0,0.0,0.0
42061,Huntingdon,42,161845013.0,11337771.0,0.0,0.0,0.0
42063,Indiana,42,87890279.0,4478387.0,0.0,0.0,0.0
42065,Jefferson,42,35744125.0,3430104.0,0.0,0.0,0.0
42067,Juniata,42,71927209.0,4351559.0,3327272.0,472998.0,0.0463
42071,Lancaster,42,481258701.0,6589468.0,1813939.0,7865.0,0.0038
42073,Lawrence,42,76872299.0,5094920.0,161112.0,77655.0,0.0021
42075,Lebanon,42,80786804.0,1341933.0,29439.0,3116.0,0.0004
42077,Lehigh,42,99411392.0,4891266.0,187709.0,50000.0,0.0019
42079,Luzerne,42,28986542.0,2377275.0,0.0,0.0,0.0
42081,Lycoming,42,37757684.0,3991058.0,314345.0,21442.0,0.0083
42085,Mercer,42,184933921.0,10981442.0,28967.0,7103.0,0.0002
42087,Mifflin,42,44322141.0,1952387.0,0.0,0.0,0.0
42089,Monroe,42,13265666.0,1383888.0,0.0,0.0,0.0
42091,Montgomery,42,18727460.0,1250763.0,0.0,0.0,0.0
42093,Montour,42,32410455.0,2306247.0,46266.0,35601.0,0.0014
42095,Northampton,42,113288752.0,8953544.0,456716.0,101365.0,0.004
42097,Northumberland,42,149157346.0,9340578.0,494459.0,147182.0,0.0033
42099,Perry,42,90835454.0,5581271.0,0.0,0.0,0.0
42105,Potter,42,17328438.0,1312793.0,0.0,0.0,0.0
42107,Schuylkill,42,105747559.0,7875840.0,853269.0,210542.0,0.0081
42109,Snyder,42,63281723.0,6388110.0,613792.0,150414.0,0.0097
42111,Somerset,42,59855265.0,3658262.0,495676.0,287679.0,0.0083
42117,Tioga,42,23937972.0,2218677.0,4134072.0,509753.0,0.1727
42119,Union,42,46446023.0,3584597.0,0.0,0.0,0.0
42121,Venango,42,24352081.0,4017322.0,0.0,0.0,0.0
42125,Washington,42,11853377.0,1264410.0,12550.0,1485.0,0.0011
42129,Westmoreland,42,79252394.0,7160323.0,0.0,0.0,0.0
42131,Wyoming,42,1695549.0,375225.0,0.0,0.0,0.0
42133,York,42,392181423.0,7008579.0,484745.0,21435.0,0.0012
42999,All Other Counties,42,410964903.0,25765557.0,100276.0,18478.0,0.0002
44999,All Other Counties,44,13065379.0,1825528.0,21587.0,8262.0,0.0017
45001,Abbeville,45,84620.0,0.0,0.0,0.0,0.0
45003,Aiken,45,91368051.0,18926928.0,0.0,0.0,0.0
45005,Allendale,45,66866682.0,6620173.0,0.0,0.0,0.0
45007,Anderson,45,15466388.0,3289205.0,0.0,0.0,0.0
45009,Bamberg,45,83069917.0,7793291.0,550603.0,30924.0,0.0066
45011,Barnwell,45,75297921.0,5130043.0,0.0,0.0,0.0
45015,Berkeley,45,21120891.0,10502618.0,0.0,0.0,0.0
45017,Calhoun,45,244265873.0,20359380.0,0.0,0.0,0.0
45019,Charleston,45,1611832.0,45089.0,0.0,0.0,0.0
45021,Cherokee,45,16619575.0,1479326.0,0.0,0.0,0.0
45023,Chester,45,19772328.0,3090680.0,0.0,0.0,0.0
45025,Chesterfield,45,114196493.0,20606506.0,54509.0,2333.0,0.0005
45027,Clarendon,45,329944697.0,50876828.0,1138551.0,257124.0,0.0035
45029,Colleton,45,59661315.0,18193267.0,660601.0,448668.0,0.0111
45031,Darlington,45,328303032.0,56569597.0,84440.0,4657.0,0.0003
45033,Dillon,45,249011816.0,34737173.0,0.0,0.0,0.0
45035,Dorchester,45,89646700.0,14213136.0,0.0,0.0,0.0
45037,Edgefield,45,266963673.0,81456403.0,0.0,0.0,0.0
45041,Florence,45,236024384.0,61122666.0,2870.0,2736.0,0.0
45043,Georgetown,45,32860370.0,9035428.0,86846.0,0.0,0.0026
45049,Hampton,45,127149967.0,14876936.0,0.0,0.0,0.0
45051,Horry,45,322394958.0,96208709.0,451017.0,121860.0,0.0014
45053,Jasper,45,9830943.0,1170557.0,0.0,0.0,0.0
45055,Kershaw,45,17381863.0,2742906.0,0.0,0.0,0.0
45057,Lancaster,45,12009891.0,1524136.0,0.0,0.0,0.0
45059,Laurens,45,657747.0,23696.0,0.0,0.0,0.0
45061,Lee,45,307342734.0,38692078.0,0.0,0.0,0.0
45063,Lexington,45,26664621.0,2730532.0,0.0,0.0,0.0
45067,Marion,45,137009924.0,30392731.0,4186774.0,709756.0,0.0306
45069,Marlboro,45,222132973.0,25440680.0,0.0,0.0,0.0
45071,Newberry,45,16312781.0,1369098.0,0.0,0.0,0.0
45073,Oconee,45,8854574.0,669310.0,0.0,0.0,0.0
45075,Orangeburg,45,482391802.0,57456649.0,12144.0,0.0,0.0
45079,Richland,45,53571587.0,9241022.0,0.0,0.0,0.0
45081,Saluda,45,129998352.0,38591260.0,0.0,0.0,0.0
45083,Spartanburg,45,33312594.0,10340409.0,0.0,0.0,0.0
45085,Sumter,45,238643891.0,27491799.0,334208.0,71274.0,0.0014
45089,Williamsburg,45,278959597.0,72866579.0,50869.0,2548.0,0.0002
45091,York,45,32401359.0,6549120.0,0.0,0.0,0.0
45999,All Other Counties,45,458719285.0,23866523.4,118331.0,17845.0,0.0003
46003,Aurora,46,716876293.0,87776197.0,0.0,0.0,0.0
46005,Beadle,46,1771803604.0,176381792.0,1806753.0,82829.0,0.001
46007,Bennett,46,191520000.0,23394026.0,521822.0,35239.0,0.0027
46009,Bon Homme,46,863048483.0,127293068.0,4214184.0,1463201.0,0.0049
46011,Brookings,46,1570268643.0,55043817.0,3838892.0,358988.0,0.0024
46013,Brown,46,2931397465.0,350783910.0,4093604.0,1061951.0,0.0014
46015,Brule,46,737572206.0,94507879.0,1186755.0,538169.0,0.0016
46017,Buffalo,46,218375922.0,30366593.0,27359.0,0.0,0.0001
46019,Butte,46,79147123.0,6334085.0,41677.0,4306.0,0.0005
46021,Campbell,46,650861965.0,63495043.0,935480.0,150432.0,0.0014
46023,Charles Mix,46,1269059088.0,143552345.0,975213.0,141426.0,0.0008
46025,Clark,46,1337196161.0,79993025.0,9561229.0,4680081.0,0.0072
46027,Clay,46,930082864.0,98851406.0,83654.0,15794.0,0.0001
46029,Codington,46,942658227.0,53089399.0,11050.0,1401.0,0.0
46031,Corson,46,512368794.0,66302519.0,815333.0,151037.0,0.0016
46033,Custer,46,43462270.0,4794454.0,0.0,0.0,0.0
46035,Davison,46,664297656.0,67670728.0,0.0,0.0,0.0
46037,Day,46,1199751557.0,108744023.0,1850844.0,72685.0,0.0015
46039,Deuel,46,940132719.0,34847576.0,1124284.0,85842.0,0.0012
46041,Dewey,46,281264865.0,48989441.0,437038.0,71421.0,0.0016
46043,Douglas,46,655269732.0,67911293.0,75436.0,1861.0,0.0001
46045,Edmunds,46,1445660029.0,201378982.0,687139.0,291170.0,0.0005
46047,Fall River,46,104303700.0,11401433.0,0.0,0.0,0.0
46049,Faulk,46,1190930799.0,132899126.0,1530294.0,823774.0,0.0013
46051,Grant,46,1216548387.0,50968254.0,4057543.0,673697.0,0.0033
46053,Gregory,46,430361548.0,38607447.0,0.0,0.0,0.0
46055,Haakon,46,373703276.0,64759335.0,256137.0,226778.0,0.0007
46057,Hamlin,46,939593199.0,31099252.0,409226.0,143036.0,0.0004
46059,Hand,46,1595552302.0,127680113.0,4644905.0,935524.0,0.0029
46061,Hanson,46,778159809.0,77731902.0,0.0,0.0,0.0
46063,Harding,46,153702962.0,21326999.0,0.0,0.0,0.0
46065,Hughes,46,562679195.0,74720426.0,4720415.0,548775.0,0.0084
46067,Hutchinson,46,1491068556.0,228816306.0,313481.0,131317.0,0.0002
46069,Hyde,46,604958320.0,64527793.0,0.0,0.0,0.0
46071,Jackson,46,171408739.0,27633841.0,0.0,0.0,0.0
46073,Jerauld,46,480086455.0,48721161.0,2978780.0,1093423.0,0.0062
46075,Jones,46,181177735.0,27288399.0,0.0,0.0,0.0
46077,Kingsbury,46,1308628373.0,85079971.0,2952112.0,850106.0,0.0023
46079,Lake,46,1199615793.0,59411617.0,6752942.0,266842.0,0.0056
46081,Lawrence,46,8742980.0,553430.0,0.0,0.0,0.0
46083,Lincoln,46,1288709704.0,89911023.0,2207248.0,361599.0,0.0017
46085,Lyman,46,691447299.0,82767038.0,0.0,0.0,0.0
46087,Mccook,46,1199392704.0,132109115.0,0.0,0.0,0.0
46089,Mcpherson,46,746841719.0,98065390.0,3306385.0,1192239.0,0.0044
46091,Marshall,46,960784110.0,113545096.0,217303.0,32324.0,0.0002
46093,Meade,46,268946088.0,37151783.0,0.0,0.0,0.0
46095,Mellette,46,138013216.0,22788630.0,8933105.0,3325703.0,0.0647
46097,Miner,46,783778590.0,74274809.0,0.0,0.0,0.0
46099,Minnehaha,46,2023956743.0,73638506.0,2755368.0,126080.0,0.0014
46101,Moody,46,1151755354.0,37436269.0,496569.0,35796.0,0.0004
46102,Oglala Lakota,46,75728074.0,12388040.0,794435.0,814250.0,0.0105
46103,Pennington,46,221083330.0,33514323.0,0.0,0.0,0.0
46105,Perkins,46,296172670.0,39593399.0,0.0,0.0,0.0
46107,Potter,46,926018193.0,107950138.0,0.0,0.0,0.0
46109,Roberts,46,1542379876.0,89033869.0,3107040.0,517210.0,0.002
46111,Sanborn,46,551472594.0,82361775.0,62188.0,26167.0,0.0001
46113,Shannon,46,10284271.0,2864457.0,0.0,0.0,0.0
46115,Spink,46,2696418759.0,185379162.0,388253.0,313098.0,0.0001
46117,Stanley,46,326777927.0,69944492.0,3597813.0,2065471.0,0.011
46119,Sully,46,1190576534.0,149560544.0,0.0,0.0,0.0
46121,Todd,46,143566116.0,14115675.0,34072644.0,4446455.0,0.2373
46123,Tripp,46,707815246.0,81605845.0,5146732.0,1657296.0,0.0073
46125,Turner,46,1590117035.0,156249703.0,2477795.0,492423.0,0.0016
46127,Union,46,1022739458.0,58411349.0,2144897.0,242860.0,0.0021
46129,Walworth,46,657955578.0,52429305.0,187775.0,71794.0,0.0003
46135,Yankton,46,915163784.0,130227162.0,5264991.0,1098106.0,0.0058
46137,Ziebach,46,189030646.0,34359834.0,0.0,0.0,0.0
46999,All Other Counties,46,1353724918.0,41476227.0,1092401.0,134835.0,0.0008
47003,Bedford,47,97207665.0,3606612.0,0.0,0.0,0.0
47005,Benton,47,54785163.0,4963225.0,0.0,0.0,0.0
47007,Bledsoe,47,33017309.0,6865047.0,0.0,0.0,0.0
47011,Bradley,47,12482680.0,2714820.0,0.0,0.0,0.0
47015,Cannon,47,68879285.0,784383.0,0.0,0.0,0.0
47017,Carroll,47,329686821.0,10110644.0,0.0,0.0,0.0
47021,Cheatham,47,30765574.0,1551777.0,0.0,0.0,0.0
47023,Chester,47,75314783.0,2807327.0,0.0,0.0,0.0
47027,Clay,47,64293305.0,7088680.0,0.0,0.0,0.0
47029,Cocke,47,1841862.0,221887.0,0.0,0.0,0.0
47031,Coffee,47,222246974.0,2879059.0,0.0,0.0,0.0
47033,Crockett,47,330130926.0,12185107.0,0.0,0.0,0.0
47037,Davidson,47,3931349.0,937311.0,0.0,0.0,0.0
47039,Decatur,47,36982247.0,5006627.0,0.0,0.0,0.0
47041,De Kalb,47,142440910.0,1178807.0,0.0,0.0,0.0
47043,Dickson,47,20801153.0,1537848.0,0.0,0.0,0.0
47045,Dyer,47,475432150.0,19040407.0,527.0,0.0,0.0
47047,Fayette,47,336942724.0,14006482.0,0.0,0.0,0.0
47051,Franklin,47,269959337.0,5431518.0,0.0,0.0,0.0
47053,Gibson,47,800780228.0,34272046.0,0.0,0.0,0.0
47055,Giles,47,144914293.0,3279051.0,0.0,0.0,0.0
47057,Grainger,47,225516.0,47488.0,0.0,0.0,0.0
47059,Greene,47,25122292.0,1109325.0,0.0,0.0,0.0
47061,Grundy,47,19376724.0,673714.0,0.0,0.0,0.0
47063,Hamblen,47,4840819.0,534582.0,0.0,0.0,0.0
47069,Hardeman,47,165248152.0,7646182.0,0.0,0.0,0.0
47071,Hardin,47,93312208.0,8605926.0,0.0,0.0,0.0
47073,Hawkins,47,5107498.0,1483886.0,0.0,0.0,0.0
47075,Haywood,47,516956705.0,18127649.0,0.0,0.0,0.0
47077,Henderson,47,136117971.0,6634738.0,0.0,0.0,0.0
47079,Henry,47,370071881.0,18658138.0,0.0,0.0,0.0
47081,Hickman,47,31464013.0,3195271.0,0.0,0.0,0.0
47085,Humphreys,47,46983780.0,3583692.0,0.0,0.0,0.0
47087,Jackson,47,12606734.0,4526788.0,0.0,0.0,0.0
47089,Jefferson,47,11112434.0,1571595.0,0.0,0.0,0.0
47095,Lake,47,201936889.0,7043421.0,0.0,0.0,0.0
47097,Lauderdale,47,343516086.0,16582510.0,0.0,0.0,0.0
47099,Lawrence,47,229387803.0,5610146.0,0.0,0.0,0.0
47103,Lincoln,47,215280533.0,3492043.0,0.0,0.0,0.0
47105,Loudon,47,22765998.0,1246188.0,0.0,0.0,0.0
47107,Mcminn,47,38540698.0,1732591.0,10336.0,761.0,0.0003
47109,Mcnairy,47,120309674.0,8026329.0,0.0,0.0,0.0
47111,Macon,47,96084138.0,46294281.0,0.0,0.0,0.0
47113,Madison,47,288338202.0,12066580.0,0.0,0.0,0.0
47115,Marion,47,15555693.0,1052884.0,0.0,0.0,0.0
47117,Marshall,47,43869989.0,1351281.0,0.0,0.0,0.0
47119,Maury,47,89433436.0,6932010.0,26452.0,0.0,0.0003
47121,Meigs,47,6412520.0,809641.0,0.0,0.0,0.0
47123,Monroe,47,36599260.0,2587930.0,0.0,0.0,0.0
47125,Montgomery,47,230228952.0,13771582.0,5589298.0,939641.0,0.0243
47131,Obion,47,676473169.0,25446143.0,0.0,0.0,0.0
47133,Overton,47,11561107.0,240769.0,0.0,0.0,0.0
47135,Perry,47,12955918.0,1068707.0,0.0,0.0,0.0
47137,Pickett,47,3217127.0,418587.0,0.0,0.0,0.0
47139,Polk,47,17325326.0,2734159.0,175931.0,82772.0,0.0102
47141,Putnam,47,17958581.0,287602.0,0.0,0.0,0.0
47147,Robertson,47,611563837.0,29382022.0,2201266.0,1331555.0,0.0036
47149,Rutherford,47,79983536.0,4283645.0,0.0,0.0,0.0
47157,Shelby,47,139119096.0,9932662.0,122864.0,104770.0,0.0009
47159,Smith,47,51387729.0,13310340.0,0.0,0.0,0.0
47161,Stewart,47,41029419.0,7315985.0,573745.0,248566.0,0.014
47165,Sumner,47,174875424.0,53866012.0,0.0,0.0,0.0
47167,Tipton,47,389222070.0,11907335.0,0.0,0.0,0.0
47169,Trousdale,47,21100528.0,4631982.0,0.0,0.0,0.0
47177,Warren,47,332551244.0,3458075.0,0.0,0.0,0.0
47179,Washington,47,5973032.0,971353.0,0.0,0.0,0.0
47181,Wayne,47,36349265.0,3968949.0,0.0,0.0,0.0
47183,Weakley,47,622373200.0,18205958.0,0.0,0.0,0.0
47185,White,47,24774764.0,456281.0,0.0,0.0,0.0
47187,Williamson,47,26450659.0,1852537.0,0.0,0.0,0.0
47189,Wilson,47,17620594.0,1185588.0,0.0,0.0,0.0
47999,All Other Counties,47,685541829.0,23250031.0,175926.0,0.0,0.0003
48001,Anderson,48,29015334.0,3372200.0,0.0,0.0,0.0
48003,Andrews,48,143358518.0,56646361.0,13895372.0,9967895.0,0.0969
48007,Aransas,48,12216596.0,1857746.0,0.0,0.0,0.0
48009,Archer,48,169217531.0,27342638.0,0.0,0.0,0.0
48011,Armstrong,48,199632372.0,59982521.0,175244.0,68713.0,0.0009
48013,Atascosa,48,48702247.0,8573163.0,0.0,0.0,0.0
48015,Austin,48,54626348.0,9107950.0,593789.0,161118.0,0.0109
48017,Bailey,48,688769657.0,171478291.0,42352217.0,15362904.0,0.0615
48021,Bastrop,48,34518604.0,5522770.0,0.0,0.0,0.0
48023,Baylor,48,189425507.0,44925305.0,142301.0,64683.0,0.0008
48025,Bee,48,177380137.0,32732993.0,0.0,0.0,0.0
48027,Bell,48,318554500.0,48227334.0,1737.0,0.0,0.0
48029,Bexar,48,50661781.0,8973043.0,0.0,0.0,0.0
48031,Blanco,48,10732835.0,1826943.0,0.0,0.0,0.0
48033,Borden,48,162608309.0,67888534.0,639381.0,481795.0,0.0039
48035,Bosque,48,39713358.0,9096055.0,131519.0,123005.0,0.0033
48037,Bowie,48,81509683.0,25044655.0,384884.0,0.0,0.0047
48039,Brazoria,48,269839938.0,43981637.0,3203480.0,2291978.0,0.0119
48041,Brazos,48,116337661.0,21148986.0,0.0,0.0,0.0
48043,Brewster,48,135029720.0,28658326.0,0.0,0.0,0.0
48045,Briscoe,48,318474090.0,108170689.0,0.0,0.0,0.0
48047,Brooks,48,29788652.0,4170512.0,0.0,0.0,0.0
48049,Brown,48,13833358.0,2678091.0,0.0,0.0,0.0
48051,Burleson,48,133412754.0,16128078.0,0.0,0.0,0.0
48053,Burnet,48,6854313.0,1025326.0,0.0,0.0,0.0
48055,Caldwell,48,59208597.0,9487529.0,0.0,0.0,0.0
48057,Calhoun,48,262724696.0,42198460.0,619181.0,588369.0,0.0024
48059,Callahan,48,31479947.0,7356475.0,0.0,0.0,0.0
48061,Cameron,48,741091969.0,120917890.0,1923505.0,253977.0,0.0026
48065,Carson,48,583016316.0,146625201.0,0.0,0.0,0.0
48069,Castro,48,1686119075.0,327746271.0,9575543.0,2734133.0,0.0057
48071,Chambers,48,250197272.0,133618493.0,22062182.0,14881521.0,0.0882
48073,Cherokee,48,16669402.0,1915071.0,0.0,0.0,0.0
48075,Childress,48,230548866.0,88221766.0,1772508.0,1431298.0,0.0077
48077,Clay,48,71548265.0,9888397.0,0.0,0.0,0.0
48079,Cochran,48,648230377.0,310584558.0,96328141.0,54153086.0,0.1486
48081,Coke,48,22043304.0,4648705.0,0.0,0.0,0.0
48083,Coleman,48,68572616.0,18546307.0,0.0,0.0,0.0
48085,Collin,48,145485824.0,42909262.0,0.0,0.0,0.0
48087,Collingsworth,48,381185787.0,90282586.0,2099176.0,202385.0,0.0055
48089,Colorado,48,407795066.0,77305407.0,61132304.0,23505362.0,0.1499
48091,Comal,48,7157558.0,1285219.0,0.0,0.0,0.0
48093,Comanche,48,182177933.0,19381154.0,0.0,0.0,0.0
48095,Concho,48,200349808.0,79662663.0,91017.0,15973.0,0.0005
48097,Cooke,48,58988432.0,5838490.0,0.0,0.0,0.0
48099,Coryell,48,110936203.0,21232044.0,0.0,0.0,0.0
48101,Cottle,48,136006837.0,63227211.0,272346.0,266439.0,0.002
48105,Crockett,48,100002208.0,19652956.0,0.0,0.0,0.0
48107,Crosby,48,829478745.0,272810630.0,13196033.0,3227098.0,0.0159
48109,Culberson,48,186477804.0,49927592.0,0.0,0.0,0.0
48111,Dallam,48,1330031846.0,276536774.0,25451298.0,6479590.0,0.0191
48113,Dallas,48,29044786.0,7617761.0,0.0,0.0,0.0
48115,Dawson,48,1038258874.0,476482373.0,53378750.0,17400592.0,0.0514
48117,Deaf Smith,48,1883345426.0,225509446.0,23619691.0,6064417.0,0.0125
48119,Delta,48,113325479.0,24622295.0,0.0,0.0,0.0
48121,Denton,48,52009427.0,14290670.0,0.0,0.0,0.0
48123,De Witt,48,35528425.0,5396184.0,0.0,0.0,0.0
48125,Dickens,48,125391922.0,41250818.0,723670.0,485256.0,0.0058
48127,Dimmit,48,41653775.0,10251626.0,0.0,0.0,0.0
48129,Donley,48,159856368.0,22765298.0,582913.0,11562.0,0.0036
48131,Duval,48,61119278.0,13240027.0,0.0,0.0,0.0
48133,Eastland,48,28226323.0,4667546.0,0.0,0.0,0.0
48137,Edwards,48,4684920.0,511310.0,0.0,0.0,0.0
48139,Ellis,48,253925356.0,51818552.0,117288.0,1932.0,0.0005
48141,El Paso,48,402058030.0,41834428.0,0.0,0.0,0.0
48143,Erath,48,500155182.0,17600865.0,374351.0,0.0,0.0007
48145,Falls,48,532739975.0,67592244.0,0.0,0.0,0.0
48147,Fannin,48,262345971.0,46051026.0,0.0,0.0,0.0
48149,Fayette,48,80195932.0,5523855.0,0.0,0.0,0.0
48151,Fisher,48,367856691.0,190777981.0,0.0,0.0,0.0
48153,Floyd,48,1171773878.0,371682390.0,0.0,0.0,0.0
48155,Foard,48,187134473.0,48461126.0,0.0,0.0,0.0
48157,Fort Bend,48,311986238.0,40565913.0,134004.0,123559.0,0.0004
48159,Franklin,48,3789716.0,173270.0,0.0,0.0,0.0
48161,Freestone,48,41560177.0,4492347.0,0.0,0.0,0.0
48163,Frio,48,202096215.0,18922936.0,0.0,0.0,0.0
48165,Gaines,48,1646622305.0,699881651.0,176256681.0,82639955.0,0.107
48167,Galveston,48,9806878.0,1500235.0,0.0,0.0,0.0
48169,Garza,48,188199203.0,52125470.0,0.0,0.0,0.0
48171,Gillespie,48,31508479.0,7431398.0,0.0,0.0,0.0
48173,Glasscock,48,363381794.0,154781465.0,46713.0,45872.0,0.0001
48175,Goliad,48,53563775.0,9258103.0,0.0,0.0,0.0
48177,Gonzales,48,91639398.0,12204419.0,0.0,0.0,0.0
48179,Gray,48,222072514.0,50254341.0,831469.0,85321.0,0.0037
48181,Grayson,48,166966952.0,36237928.0,0.0,0.0,0.0
48185,Grimes,48,34538717.0,5370107.0,0.0,0.0,0.0
48187,Guadalupe,48,101992532.0,12976146.0,0.0,0.0,0.0
48189,Hale,48,1849967807.0,509603958.0,4912575.0,3247093.0,0.0027
48191,Hall,48,343559216.0,98376555.0,3753389.0,323885.0,0.0109
48193,Hamilton,48,105470256.0,12078580.0,0.0,0.0,0.0
48195,Hansford,48,932033678.0,167116302.0,2084777.0,581318.0,0.0022
48197,Hardeman,48,208287059.0,68352873.0,6539327.0,3280400.0,0.0314
48201,Harris,48,28805829.0,2620515.0,0.0,0.0,0.0
48205,Hartley,48,2643350373.0,237909469.0,117421393.0,19322332.0,0.0444
48207,Haskell,48,506713994.0,179185347.0,0.0,0.0,0.0
48209,Hays,48,25221650.0,4876655.0,0.0,0.0,0.0
48211,Hemphill,48,101480258.0,10835941.0,0.0,0.0,0.0
48213,Henderson,48,53608202.0,6879546.0,0.0,0.0,0.0
48215,Hidalgo,48,2067204100.0,300538152.0,4322076.0,830293.0,0.0021
48217,Hill,48,494591940.0,88678913.0,1699630.0,545475.0,0.0034
48219,Hockley,48,905133682.0,344263207.0,238707.0,199391.0,0.0003
48221,Hood,48,7053878.0,605828.0,0.0,0.0,0.0
48223,Hopkins,48,101470027.0,4094931.0,0.0,0.0,0.0
48225,Houston,48,19758760.0,2657441.0,0.0,0.0,0.0
48227,Howard,48,301145353.0,166535241.0,31955.0,1744.0,0.0001
48229,Hudspeth,48,194130901.0,79223108.0,9191859.0,7035422.0,0.0473
48231,Hunt,48,95757353.0,22832221.0,0.0,0.0,0.0
48233,Hutchinson,48,279331778.0,61803709.0,2041379.0,686105.0,0.0073
48235,Irion,48,22373247.0,4512517.0,0.0,0.0,0.0
48237,Jack,48,30431201.0,2677338.0,0.0,0.0,0.0
48239,Jackson,48,595835923.0,83059507.0,15385068.0,7556744.0,0.0258
48243,Jeff Davis,48,44111265.0,7845726.0,0.0,0.0,0.0
48245,Jefferson,48,158797530.0,55796101.0,24027471.0,7723639.0,0.1513
48247,Jim Hogg,48,44224157.0,8512325.0,0.0,0.0,0.0
48249,Jim Wells,48,183716477.0,60324271.0,0.0,0.0,0.0
48251,Johnson,48,73971553.0,10947348.0,8540875.0,1386195.0,0.1155
48253,Jones,48,464135151.0,175768485.0,0.0,0.0,0.0
48255,Karnes,48,52869161.0,8691789.0,0.0,0.0,0.0
48257,Kaufman,48,54614146.0,14443668.0,0.0,0.0,0.0
48259,Kendall,48,5401721.0,1084056.0,0.0,0.0,0.0
48263,Kent,48,61894950.0,16581821.0,0.0,0.0,0.0
48265,Kerr,48,2225109.0,287069.0,0.0,0.0,0.0
48267,Kimble,48,1355099.0,188432.0,0.0,0.0,0.0
48269,King,48,92624620.0,20937774.0,0.0,0.0,0.0
48271,Kinney,48,61981946.0,13603007.0,0.0,0.0,0.0
48273,Kleberg,48,307068131.0,49910454.0,0.0,0.0,0.0
48275,Knox,48,301187574.0,69442643.0,30737.0,29141.0,0.0001
48277,Lamar,48,155732864.0,34440159.0,0.0,0.0,0.0
48279,Lamb,48,1733615467.0,438474227.0,27447035.0,11162438.0,0.0158
48281,Lampasas,48,9135136.0,1436696.0,0.0,0.0,0.0
48283,La Salle,48,41030055.0,9564076.0,0.0,0.0,0.0
48285,Lavaca,48,52171268.0,5838921.0,11201666.0,1386017.0,0.2147
48287,Lee,48,18621369.0,2534223.0,0.0,0.0,0.0
48289,Leon,48,73437337.0,7833610.0,0.0,0.0,0.0
48291,Liberty,48,115758800.0,35186763.0,7396174.0,4738201.0,0.0639
48293,Limestone,48,142791445.0,16553841.0,0.0,0.0,0.0
48295,Lipscomb,48,142289351.0,21872087.0,0.0,0.0,0.0
48297,Live Oak,48,93421726.0,18623832.0,7969.0,0.0,0.0001
48299,Llano,48,12744741.0,1877659.0,0.0,0.0,0.0
48303,Lubbock,48,1085349960.0,356209200.0,13759668.0,9735312.0,0.0127
48305,Lynn,48,1030180527.0,391847970.0,7075428.0,3668269.0,0.0069
48307,Mcculloch,48,87015088.0,28777935.0,0.0,0.0,0.0
48309,Mclennan,48,393382488.0,70346580.0,0.0,0.0,0.0
48311,Mcmullen,48,35113282.0,5255712.0,0.0,0.0,0.0
48313,Madison,48,13262390.0,1232338.0,0.0,0.0,0.0
48317,Martin,48,358972371.0,189950118.0,1553396.0,958953.0,0.0043
48319,Mason,48,16929371.0,2168615.0,0.0,0.0,0.0
48321,Matagorda,48,630706956.0,149299653.0,24738881.0,18141370.0,0.0392
48323,Maverick,48,57186769.0,13741917.0,0.0,0.0,0.0
48325,Medina,48,267085616.0,37568526.0,0.0,0.0,0.0
48327,Menard,48,11071082.0,1447370.0,0.0,0.0,0.0
48329,Midland,48,74241848.0,27334519.0,0.0,0.0,0.0
48331,Milam,48,240193420.0,36453783.0,0.0,0.0,0.0
48333,Mills,48,20180934.0,2964243.0,0.0,0.0,0.0
48335,Mitchell,48,219053522.0,90645543.0,145635.0,127909.0,0.0007
48337,Montague,48,18067579.0,1371624.0,0.0,0.0,0.0
48341,Moore,48,1243807934.0,142240389.0,11950664.0,8722480.0,0.0096
48345,Motley,48,111387170.0,40976739.0,2106490.0,2053877.0,0.0189
48349,Navarro,48,160855041.0,36801480.0,0.0,0.0,0.0
48353,Nolan,48,228186551.0,90899232.0,0.0,0.0,0.0
48355,Nueces,48,952863387.0,103377914.0,0.0,0.0,0.0
48357,Ochiltree,48,675237341.0,148750898.0,31437161.0,5914801.0,0.0466
48359,Oldham,48,218623254.0,47875564.0,280855.0,270646.0,0.0013
48363,Palo Pinto,48,8888257.0,874243.0,0.0,0.0,0.0
48367,Parker,48,3292010.0,386565.0,0.0,0.0,0.0
48369,Parmer,48,1822215871.0,374532489.0,32981335.0,13502947.0,0.0181
48371,Pecos,48,185496406.0,36259886.0,0.0,0.0,0.0
48375,Potter,48,158063008.0,20980433.0,0.0,0.0,0.0
48377,Presidio,48,67925625.0,15254281.0,0.0,0.0,0.0
48381,Randall,48,243373272.0,70831148.0,0.0,0.0,0.0
48383,Reagan,48,187247627.0,78626266.0,0.0,0.0,0.0
48387,Red River,48,123731935.0,38901413.0,0.0,0.0,0.0
48389,Reeves,48,126398884.0,31221691.0,149768.0,39703.0,0.0012
48391,Refugio,48,316177102.0,50293389.0,0.0,0.0,0.0
48393,Roberts,48,81704570.0,11823570.0,601433.0,56526.0,0.0074
48395,Robertson,48,153864016.0,16550176.0,13476.0,0.0,0.0001
48397,Rockwall,48,16327223.0,4393997.0,0.0,0.0,0.0
48399,Runnels,48,409747779.0,148767572.0,31931.0,8708.0,0.0001
48401,Rusk,48,6775862.0,674952.0,0.0,0.0,0.0
48409,San Patricio,48,885344303.0,117144856.0,0.0,0.0,0.0
48411,San Saba,48,46149296.0,11058584.0,0.0,0.0,0.0
48413,Schleicher,48,79678011.0,24059843.0,0.0,0.0,0.0
48415,Scurry,48,265023905.0,112040004.0,1173975.0,539126.0,0.0044
48417,Shackelford,48,56932520.0,11374713.0,0.0,0.0,0.0
48419,Shelby,48,3906165.0,284995.0,0.0,0.0,0.0
48421,Sherman,48,956402386.0,158993470.0,3425813.0,167568.0,0.0036
48427,Starr,48,146649391.0,42164597.0,0.0,0.0,0.0
48429,Stephens,48,13230607.0,2349099.0,0.0,0.0,0.0
48431,Sterling,48,18066922.0,2132838.0,0.0,0.0,0.0
48433,Stonewall,48,94624518.0,31170837.0,0.0,0.0,0.0
48435,Sutton,48,27701024.0,4302513.0,0.0,0.0,0.0
48437,Swisher,48,758531387.0,310775810.0,1715066.0,1275911.0,0.0023
48439,Tarrant,48,3389909.0,656199.0,0.0,0.0,0.0
48441,Taylor,48,106986008.0,43547090.0,0.0,0.0,0.0
48443,Terrell,48,65670974.0,14186987.0,0.0,0.0,0.0
48445,Terry,48,1162404320.0,476851069.0,69141157.0,20310212.0,0.0595
48447,Throckmorton,48,104604335.0,24261195.0,0.0,0.0,0.0
48449,Titus,48,2880127.0,445604.0,0.0,0.0,0.0
48451,Tom Green,48,614609865.0,229819962.0,717238.0,217650.0,0.0012
48453,Travis,48,54140920.0,6826260.0,0.0,0.0,0.0
48461,Upton,48,70541232.0,28079885.0,46696.0,11457.0,0.0007
48463,Uvalde,48,217579811.0,34997365.0,0.0,0.0,0.0
48465,Val Verde,48,91503408.0,20780332.0,0.0,0.0,0.0
48467,Van Zandt,48,59425110.0,5162360.0,0.0,0.0,0.0
48469,Victoria,48,292742960.0,33071029.0,648996.0,400528.0,0.0022
48471,Walker,48,2540464.0,17508.0,0.0,0.0,0.0
48473,Waller,48,81809787.0,9574928.0,1317914.0,1079032.0,0.0161
48477,Washington,48,22133769.0,4197134.0,0.0,0.0,0.0
48479,Webb,48,191929786.0,48051888.0,0.0,0.0,0.0
48481,Wharton,48,1198602401.0,164361750.0,34347223.0,19191917.0,0.0287
48483,Wheeler,48,100192309.0,16170264.0,251819.0,45505.0,0.0025
48485,Wichita,48,130186672.0,38895949.0,0.0,0.0,0.0
48487,Wilbarger,48,232948902.0,58296299.0,57365.0,10717.0,0.0002
48489,Willacy,48,489886736.0,92330546.0,0.0,0.0,0.0
48491,Williamson,48,366521794.0,44152585.0,0.0,0.0,0.0
48493,Wilson,48,57518641.0,9078529.0,0.0,0.0,0.0
48497,Wise,48,19629579.0,2977663.0,0.0,0.0,0.0
48501,Yoakum,48,706678578.0,294356441.0,36947887.0,11764523.0,0.0523
48503,Young,48,57563290.0,14658459.0,0.0,0.0,0.0
48505,Zapata,48,25582741.0,8649812.0,0.0,0.0,0.0
48507,Zavala,48,111393385.0,26106617.0,1453138.0,848962.0,0.013
48999,All Other Counties,48,5132680534.0,182460481.0,2139277.0,611956.0,0.0004
49001,Beaver,49,64452545.0,15847217.0,0.0,0.0,0.0
49003,Box Elder,49,256322336.0,25372550.0,3165440.0,130663.0,0.0123
49005,Cache,49,97525259.0,6370291.0,55721.0,26127.0,0.0006
49007,Carbon,49,10539642.0,2521371.0,0.0,0.0,0.0
49013,Duchesne,49,16591450.0,3899514.0,0.0,0.0,0.0
49015,Emery,49,47293103.0,9481942.0,0.0,0.0,0.0
49017,Garfield,49,50777275.0,10509181.0,0.0,0.0,0.0
49019,Grand,49,10714531.0,1103589.0,0.0,0.0,0.0
49021,Iron,49,80073143.0,13401548.0,0.0,0.0,0.0
49023,Juab,49,31758823.0,7778246.0,0.0,0.0,0.0
49025,Kane,49,46619541.0,10061674.0,0.0,0.0,0.0
49027,Millard,49,102751320.0,21959917.0,0.0,0.0,0.0
49029,Morgan,49,2956831.0,191808.0,0.0,0.0,0.0
49031,Piute,49,9895907.0,2837903.0,0.0,0.0,0.0
49033,Rich,49,1812356.0,43592.0,0.0,0.0,0.0
49037,San Juan,49,95918865.0,23728134.0,17672832.0,3043908.0,0.1842
49039,Sanpete,49,119208971.0,10210397.0,0.0,0.0,0.0
49041,Sevier,49,36408315.0,8216689.0,0.0,0.0,0.0
49043,Summit,49,5471141.0,1179981.0,0.0,0.0,0.0
49045,Tooele,49,50620848.0,8714585.0,0.0,0.0,0.0
49047,Uintah,49,48364714.0,7427859.0,0.0,0.0,0.0
49049,Utah,49,107818142.0,25532321.0,6310358.0,2373967.0,0.0585
49053,Washington,49,24696355.0,5462292.0,0.0,0.0,0.0
49055,Wayne,49,21043397.0,2175042.0,0.0,0.0,0.0
49999,All Other Counties,49,424509968.0,56226288.0,0.0,0.0,0.0
50001,Addison,50,182900621.0,9475556.0,1387172.0,341849.0,0.0076
50007,Chittenden,50,14331792.0,1497968.0,350765.0,160535.0,0.0245
50011,Franklin,50,224562828.0,12771986.0,1175466.0,448260.0,0.0052
50021,Rutland,50,4461442.0,297293.0,26896.0,14583.0,0.006
50999,All Other Counties,50,169080888.0,9003793.0,879089.0,89372.0,0.0052
51001,Accomack,51,259935634.0,24035232.0,168104.0,100868.0,0.0006
51003,Albemarle,51,60803050.0,16445905.0,0.0,0.0,0.0
51007,Amelia,51,59098963.0,4367549.0,974943.0,8738.0,0.0165
51011,Appomattox,51,9383274.0,963087.0,0.0,0.0,0.0
51015,Augusta,51,99336696.0,7245575.0,475104.0,36658.0,0.0048
51019,Bedford,51,9099605.0,1190139.0,0.0,0.0,0.0
51023,Botetourt,51,10532564.0,445131.0,82060.0,35372.0,0.0078
51025,Brunswick,51,98789216.0,5065506.0,3048297.0,759573.0,0.0309
51029,Buckingham,51,10825769.0,1394666.0,0.0,0.0,0.0
51031,Campbell,51,23583355.0,3457208.0,271503.0,99128.0,0.0115
51033,Caroline,51,133318329.0,6607460.0,859900.0,17654.0,0.0064
51035,Carroll,51,1219670.0,1087228.0,0.0,0.0,0.0
51036,Charles City,51,62753483.0,2444770.0,0.0,0.0,0.0
51037,Charlotte,51,47532492.0,5053113.0,1847175.0,465275.0,0.0389
51041,Chesterfield,51,4886084.0,922470.0,0.0,0.0,0.0
51043,Clarke,51,24742521.0,2612108.0,0.0,0.0,0.0
51047,Culpeper,51,58852795.0,3255387.0,0.0,0.0,0.0
51049,Cumberland,51,16688242.0,1605187.0,0.0,0.0,0.0
51053,Dinwiddie,51,115850071.0,5818774.0,741347.0,29186.0,0.0064
51057,Essex,51,155089533.0,4451091.0,2454001.0,189400.0,0.0158
51061,Fauquier,51,61006243.0,1782021.0,0.0,0.0,0.0
51065,Fluvanna,51,12415093.0,1235148.0,0.0,0.0,0.0
51067,Franklin,51,69022387.0,9277607.0,1606.0,0.0,0.0
51069,Frederick,51,66824383.0,23765229.0,0.0,0.0,0.0
51073,Gloucester,51,39068378.0,1098341.0,0.0,0.0,0.0
51075,Goochland,51,27407634.0,2651605.0,0.0,0.0,0.0
51081,Greensville,51,103813792.0,10212038.0,22864.0,5409.0,0.0002
51083,Halifax,51,80681680.0,11009912.0,1550676.0,319285.0,0.0192
51085,Hanover,51,89688141.0,4672337.0,0.0,0.0,0.0
51087,Henrico,51,31026396.0,2044750.0,0.0,0.0,0.0
51089,Henry,51,9884921.0,1963038.0,305749.0,64608.0,0.0309
51093,Isle Of Wight,51,195876428.0,9382041.0,0.0,0.0,0.0
51095,James City,51,7902586.0,515998.0,0.0,0.0,0.0
51097,King And Queen,51,108944698.0,3059575.0,0.0,0.0,0.0
51099,King George,51,20652261.0,697046.0,1105738.0,97328.0,0.0535
51101,King William,51,117579721.0,3949809.0,0.0,0.0,0.0
51103,Lancaster,51,57446631.0,1218669.0,0.0,0.0,0.0
51105,Lee,51,770687.0,80679.0,0.0,0.0,0.0
51107,Loudoun,51,25111429.0,2824057.0,0.0,0.0,0.0
51109,Louisa,51,31252143.0,3052954.0,0.0,0.0,0.0
51111,Lunenburg,51,54031560.0,4021006.0,1093966.0,125818.0,0.0202
51113,Madison,51,35106346.0,1163721.0,0.0,0.0,0.0
51117,Mecklenburg,51,166582927.0,14581590.0,7716125.0,1423532.0,0.0463
51119,Middlesex,51,54030769.0,613262.0,0.0,0.0,0.0
51127,New Kent,51,32707007.0,845162.0,0.0,0.0,0.0
51131,Northampton,51,330857395.0,26915623.0,0.0,0.0,0.0
51133,Northumberland,51,128823350.0,3444605.0,0.0,0.0,0.0
51135,Nottoway,51,19016931.0,1245493.0,1444255.0,0.0,0.0759
51137,Orange,51,40417002.0,1302755.0,0.0,0.0,0.0
51139,Page,51,13281803.0,1946841.0,0.0,0.0,0.0
51141,Patrick,51,15596590.0,6098047.0,0.0,0.0,0.0
51143,Pittsylvania,51,222970524.0,47524760.0,1335163.0,880212.0,0.006
51145,Powhatan,51,14914703.0,1048946.0,0.0,0.0,0.0
51147,Prince Edward,51,9952174.0,1178018.0,0.0,0.0,0.0
51149,Prince George,51,55415705.0,2263764.0,630698.0,104915.0,0.0114
51159,Richmond,51,95313349.0,1921043.0,0.0,0.0,0.0
51163,Rockbridge,51,12737493.0,686224.0,0.0,0.0,0.0
51165,Rockingham,51,118734747.0,15650526.0,0.0,0.0,0.0
51169,Scott,51,1671081.0,296708.0,0.0,0.0,0.0
51171,Shenandoah,51,95545158.0,15770287.0,45841.0,0.0,0.0005
51175,Southampton,51,448645397.0,16622251.0,0.0,0.0,0.0
51177,Spotsylvania,51,23954279.0,1672689.0,228899.0,0.0,0.0096
51179,Stafford,51,9506980.0,398814.0,0.0,0.0,0.0
51181,Surry,51,120646386.0,5007968.0,183417.0,40405.0,0.0015
51183,Sussex,51,158892412.0,8413128.0,26831.0,0.0,0.0002
51193,Westmoreland,51,123136027.0,2996211.0,2369152.0,0.0,0.0192
51197,Wythe,51,21426480.0,752119.0,0.0,0.0,0.0
51550,Chesapeake City,51,74993534.0,3614313.0,0.0,0.0,0.0
51800,Suffolk City,51,184088055.0,9377971.0,0.0,0.0,0.0
51810,Virginia Beach,51,42484740.0,552640.0,0.0,0.0,0.0
51999,All Other Counties,51,736411235.0,39716079.0,297892.0,156890.0,0.0004
53001,Adams,53,1657139355.0,172311901.0,113114358.0,15000037.0,0.0683
53003,Asotin,53,91963647.0,11788822.0,0.0,0.0,0.0
53005,Benton,53,2879533511.0,128178268.0,309394731.0,21515464.0,0.1074
53007,Chelan,53,1675911349.0,130714318.0,151198854.0,10429808.0,0.0902
53013,Columbia,53,430861017.0,56971214.0,0.0,0.0,0.0
53017,Douglas,53,1458578909.0,128604261.0,179168258.0,7148846.0,0.1228
53021,Franklin,53,2912456839.0,120409898.0,261537317.0,10080276.0,0.0898
53023,Garfield,53,291964814.0,25474142.0,0.0,0.0,0.0
53025,Grant,53,9276798785.0,365560245.0,1440494776.0,69879332.0,0.1553
53037,Kittitas,53,280247460.0,19307231.0,7080268.0,0.0,0.0253
53039,Klickitat,53,904406183.0,66358642.0,19828870.0,32968.0,0.0219
53043,Lincoln,53,1172955693.0,139792716.0,7839585.0,1326709.0,0.0067
53047,Okanogan,53,2201151024.0,188972303.0,276614227.0,19848287.0,0.1257
53057,Skagit,53,177041954.0,8679492.0,1940797.0,0.0,0.011
53063,Spokane,53,555885633.0,78589172.0,0.0,0.0,0.0
53065,Stevens,53,9546506.0,1179682.0,0.0,0.0,0.0
53071,Walla Walla,53,1970615296.0,135178909.0,206980049.0,7573557.0,0.105
53073,Whatcom,53,351090055.0,14527767.0,0.0,0.0,0.0
53075,Whitman,53,2460976835.0,275010391.0,0.0,0.0,0.0
53077,Yakima,53,6776650454.0,270508378.0,381023578.0,15425826.0,0.0562
53999,All Other Counties,53,1150607877.0,42995252.0,62333674.0,1278657.0,0.0542
54003,Berkeley,54,37674033.0,3195898.0,3789.0,0.0,0.0001
54027,Hampshire,54,3599776.0,1442316.0,0.0,0.0,0.0
54031,Hardy,54,24577995.0,1897953.0,0.0,0.0,0.0
54037,Jefferson,54,74537340.0,2254985.0,0.0,0.0,0.0
54053,Mason,54,20211310.0,620994.0,0.0,0.0,0.0
54063,Monroe,54,249945.0,40161.0,0.0,0.0,0.0
54999,All Other Counties,54,88574183.0,7010103.0,273201.0,32834.0,0.0031
55001,Adams,55,706622996.0,41577485.0,19545328.0,1818648.0,0.0277
55003,Ashland,55,20250181.0,963579.0,0.0,0.0,0.0
55005,Barron,55,835187279.0,27876341.0,2822269.0,821656.0,0.0034
55007,Bayfield,55,9653357.0,1317576.0,0.0,0.0,0.0
55009,Brown,55,692470127.0,31358278.0,340395.0,47107.0,0.0005
55011,Buffalo,55,459269519.0,12379875.0,3161990.0,815110.0,0.0069
55013,Burnett,55,76938528.0,5366197.0,0.0,0.0,0.0
55015,Calumet,55,401333617.0,12299840.0,463185.0,20712.0,0.0012
55017,Chippewa,55,712665515.0,22085718.0,8543526.0,525096.0,0.012
55019,Clark,55,622795191.0,23221604.0,232522.0,63288.0,0.0004
55021,Columbia,55,883824015.0,20060455.0,2146295.0,411194.0,0.0024
55023,Crawford,55,235856446.0,9075082.0,2442684.0,364184.0,0.0104
55025,Dane,55,1691254920.0,38744659.0,4120181.0,326638.0,0.0024
55027,Dodge,55,1005664931.0,25575739.0,2312428.0,282022.0,0.0023
55029,Door,55,299410359.0,20731455.0,2924262.0,669493.0,0.0098
55033,Dunn,55,949581776.0,23765906.0,6559296.0,712025.0,0.0069
55035,Eau Claire,55,264788875.0,12048619.0,5476223.0,995662.0,0.0207
55039,Fond Du Lac,55,1278579586.0,36211471.0,4603890.0,1188916.0,0.0036
55041,Forest,55,2027852.0,524468.0,0.0,0.0,0.0
55043,Grant,55,1518050446.0,26637077.0,17947706.0,960368.0,0.0118
55045,Green,55,1013180116.0,23855818.0,3542598.0,670340.0,0.0035
55047,Green Lake,55,292531608.0,9979865.0,428656.0,102735.0,0.0015
55049,Iowa,55,709470193.0,12689647.0,12269816.0,1705065.0,0.0173
55053,Jackson,55,506220805.0,15968783.0,11871905.0,752617.0,0.0235
55055,Jefferson,55,638501367.0,14007781.0,1783378.0,272497.0,0.0028
55057,Juneau,55,556397643.0,19231175.0,2863608.0,433859.0,0.0051
55059,Kenosha,55,226290044.0,7428513.0,0.0,0.0,0.0
55061,Kewaunee,55,949684964.0,30923180.0,174619.0,26016.0,0.0002
55063,La Crosse,55,116700437.0,5648467.0,1716697.0,348185.0,0.0147
55065,Lafayette,55,1586125616.0,18189408.0,16503792.0,1284322.0,0.0104
55067,Langlade,55,299831701.0,14471136.0,844765.0,8857.0,0.0028
55069,Lincoln,55,52946090.0,3068171.0,0.0,0.0,0.0
55071,Manitowoc,55,709525854.0,21690173.0,2386689.0,428422.0,0.0034
55073,Marathon,55,955693444.0,31220719.0,2310077.0,521682.0,0.0024
55075,Marinette,55,237065274.0,10959745.0,2453846.0,161442.0,0.0104
55077,Marquette,55,268791632.0,18113944.0,661571.0,239240.0,0.0025
55079,Milwaukee,55,10057319.0,638997.0,0.0,0.0,0.0
55081,Monroe,55,547302708.0,19864140.0,6007295.0,670283.0,0.011
55083,Oconto,55,559025734.0,24864476.0,1524192.0,177353.0,0.0027
55085,Oneida,55,46569604.0,4683499.0,0.0,0.0,0.0
55087,Outagamie,55,835071695.0,38250557.0,693106.0,308778.0,0.0008
55089,Ozaukee,55,170391971.0,5632583.0,2019231.0,341999.0,0.0119
55091,Pepin,55,195333360.0,4435255.0,1041320.0,26287.0,0.0053
55093,Pierce,55,772969944.0,14440052.0,1011545.0,36574.0,0.0013
55095,Polk,55,590993587.0,22880653.0,1401009.0,132914.0,0.0024
55097,Portage,55,570460083.0,36113767.0,5009766.0,421054.0,0.0088
55099,Price,55,17232063.0,1203659.0,0.0,0.0,0.0
55101,Racine,55,288480866.0,11444870.0,0.0,0.0,0.0
55103,Richland,55,326652213.0,16223720.0,2436349.0,360168.0,0.0075
55105,Rock,55,1299518153.0,23893241.0,8520058.0,886812.0,0.0066
55107,Rusk,55,168633201.0,11500127.0,19397.0,8271.0,0.0001
55109,St Croix,55,883233283.0,21047403.0,1653352.0,601934.0,0.0019
55111,Sauk,55,458745239.0,19716372.0,4460536.0,1541823.0,0.0097
55113,Sawyer,55,49094110.0,2564242.0,0.0,0.0,0.0
55115,Shawano,55,635089571.0,26808730.0,570357.0,112563.0,0.0009
55117,Sheboygan,55,478988484.0,13853717.0,2033919.0,487936.0,0.0042
55119,Taylor,55,236442896.0,13875644.0,31582.0,0.0,0.0001
55121,Trempealeau,55,592372201.0,18456487.0,7684538.0,1026946.0,0.013
55123,Vernon,55,380825232.0,19912089.0,19189411.0,3502124.0,0.0504
55127,Walworth,55,854956019.0,18747434.0,3476524.0,475494.0,0.0041
55129,Washburn,55,92647131.0,4417934.0,0.0,0.0,0.0
55131,Washington,55,231201422.0,5273761.0,880238.0,399494.0,0.0038
55133,Waukesha,55,132699939.0,5395856.0,680374.0,170131.0,0.0051
55135,Waupaca,55,412649478.0,16985178.0,943071.0,145766.0,0.0023
55137,Waushara,55,626684190.0,38333871.0,5687549.0,370336.0,0.0091
55139,Winnebago,55,367484567.0,11738341.0,0.0,0.0,0.0
55141,Wood,55,590129982.0,28394436.0,1215065.0,272836.0,0.0021
55999,All Other Counties,55,1282135839.0,41739644.0,5592807.0,517299.0,0.0044
56001,Albany,56,23774890.0,1639676.0,0.0,0.0,0.0
56003,Big Horn,56,213527851.0,16208321.0,0.0,0.0,0.0
56005,Campbell,56,54775821.0,5576018.0,0.0,0.0,0.0
56007,Carbon,56,88971099.0,7043416.0,0.0,0.0,0.0
56009,Converse,56,55659271.0,8695426.0,0.0,0.0,0.0
56011,Crook,56,80216528.0,7352304.0,0.0,0.0,0.0
56013,Fremont,56,158279845.0,7046456.0,0.0,0.0,0.0
56015,Goshen,56,223314152.0,17352998.0,614889.0,119056.0,0.0028
56019,Johnson,56,33743807.0,1331525.0,0.0,0.0,0.0
56021,Laramie,56,298304001.0,30452867.0,5046632.0,1568642.0,0.0169
56023,Lincoln,56,30666098.0,4665384.0,0.0,0.0,0.0
56025,Natrona,56,19244359.0,971423.0,0.0,0.0,0.0
56027,Niobrara,56,77328470.0,5489641.0,0.0,0.0,0.0
56029,Park,56,257607020.0,16450920.0,207508.0,31121.0,0.0008
56031,Platte,56,110705089.0,9295264.0,38690.0,0.0,0.0003
56033,Sheridan,56,6583725.0,64691.0,0.0,0.0,0.0
56035,Sublette,56,26659937.0,207451.0,0.0,0.0,0.0
56037,Sweetwater,56,180810216.0,29045113.0,0.0,0.0,0.0
56041,Uinta,56,35609539.0,6519957.0,0.0,0.0,0.0
56043,Washakie,56,81264601.0,1712252.0,0.0,0.0,0.0
56045,Weston,56,23645862.0,1706833.0,0.0,0.0,0.0
56999,All Other Counties,56,301297578.0,40243734.0,0.0,0.0,0.0
